country_code,year,gdp_per_capita,log_gdp_per_capita,region
ZMB,2015,1295.877887,7.166943649479128,Sub-Saharan Africa
ZWE,2015,1387.126326,7.234989494754307,Sub-Saharan Africa
UZB,2012,2573.955868,7.853199242709945,Europe & Central Asia
VUT,2012,3004.784167,8.007961019764172,East Asia & Pacific
VEN,2012,12582.012569,9.440023499096254,Latin America & Caribbean
VNM,2012,2185.117677,7.68942496283004,East Asia & Pacific
VIR,2012,37795.319259,10.539940544813236,Latin America & Caribbean
PSE,2012,3067.438727,8.02859820148744,Middle East & North Africa
YEM,2012,1245.050683,7.126931517307157,Middle East & North Africa
ZMB,2012,1710.050613,7.4442782473043,Sub-Saharan Africa
ZWE,2012,1239.227097,7.1222431553903816,Sub-Saharan Africa
AFG,2013,637.087099,6.456906379349061,South Asia
ALB,2013,4542.929036,8.421327245122324,Europe & Central Asia
DZA,2013,5979.60139,8.696109187532352,Middle East & North Africa
ASM,2013,11813.502203,9.376998410785081,East Asia & Pacific
AND,2013,42470.316116,10.656560666557224,Europe & Central Asia
AGO,2013,5688.579162,8.646215788029554,Sub-Saharan Africa
ATG,2013,15051.511359,9.619233687659934,Latin America & Caribbean
ARG,2013,12963.675773,9.46990655415233,Latin America & Caribbean
ARM,2013,3680.166922,8.210713389373408,Europe & Central Asia
GUY,2016,5870.878238,8.677759516281753,Latin America & Caribbean
HTI,2016,1318.402682,7.184176193437119,Latin America & Caribbean
HND,2016,2307.344684,7.74385265490254,Latin America & Caribbean
HKG,2016,43734.19807,10.685885639570607,East Asia & Pacific
HUN,2016,13215.860528,9.489172942436308,Europe & Central Asia
ISL,2016,62854.090641,11.048571297676062,Europe & Central Asia
IND,2016,1707.508929,7.442790820713849,South Asia
IDN,2016,3521.469435,8.166633634607829,East Asia & Pacific
IRN,2016,5710.599471,8.650079283304018,Middle East & North Africa
IRQ,2016,4334.420964,8.374343307974726,Middle East & North Africa
IRL,2016,64129.557154,11.068660646676996,Europe & Central Asia
CPV,2011,4002.013869,8.294552980654915,Sub-Saharan Africa
KHM,2011,1088.981528,6.992998160438318,East Asia & Pacific
CMR,2011,1513.96057,7.322484390065123,Sub-Saharan Africa
CAN,2011,52224.123777,10.863299808438157,North America
CYM,2011,75280.960765,11.228982536730955,Latin America & Caribbean
CAF,2011,534.057281,6.280503100997679,Sub-Saharan Africa
TCD,2011,1308.142187,7.176363231766604,Sub-Saharan Africa
CHL,2011,14487.392783,9.581034086964884,Latin America & Caribbean
CHN,2011,5703.76028,8.64888093456302,East Asia & Pacific
COL,2011,7400.99407,8.90936960395407,Latin America & Caribbean
COM,2011,1531.439693,7.333963547763259,Sub-Saharan Africa
COL,2014,8187.208249,9.010328245598688,Latin America & Caribbean
COM,2014,1615.717098,7.387534160636893,Sub-Saharan Africa
COD,2014,489.175952,6.192722244796065,Sub-Saharan Africa
COG,2014,3601.236581,8.189032560185618,Sub-Saharan Africa
CRI,2014,10911.49787,9.297572362712144,Latin America & Caribbean
CIV,2014,1991.365394,7.596575810078775,Sub-Saharan Africa
HRV,2014,14186.771223,9.560065205362552,Europe & Central Asia
CUB,2014,7146.704591,8.874406633079042,Latin America & Caribbean
CUW,2014,19623.029993,9.884459155089653,Latin America & Caribbean
CYP,2014,26993.095703,10.203336397582182,Europe & Central Asia
IND,2017,1950.104683,7.575638333706624,South Asia
IDN,2017,3798.883262,8.2424624241027,East Asia & Pacific
IRN,2017,6000.933464,8.699670313442628,Middle East & North Africa
IRQ,2017,4759.284644,8.467852651057614,Middle East & North Africa
IRL,2017,72161.404753,11.186660621744915,Europe & Central Asia
IMN,2017,83481.303849,11.332377979768257,Europe & Central Asia
ISR,2017,41013.257532,10.62165064785769,Middle East & North Africa
ITA,2017,32844.115661,10.399527880348481,Europe & Central Asia
JAM,2017,5605.435412,8.631492015272338,Latin America & Caribbean
JPN,2017,39679.863526,10.588599122027976,East Asia & Pacific
JOR,2017,4449.346181,8.400512438747683,Middle East & North Africa
ALB,2016,4457.634122,8.402373438348006,Europe & Central Asia
DZA,2016,4424.98529,8.395022233142718,Middle East & North Africa
ASM,2016,12843.33429,9.460580223439504,East Asia & Pacific
AND,2016,40129.819203,10.599874957967982,Europe & Central Asia
AGO,2016,2082.373436,7.641263597164109,Sub-Saharan Africa
ATG,2016,16556.85518,9.714555505315719,Latin America & Caribbean
ARG,2016,12699.962314,9.449354305040705,Latin America & Caribbean
ARM,2016,3524.424769,8.167472515830777,Europe & Central Asia
ABW,2016,27441.550214,10.219813574923357,Latin America & Caribbean
AUS,2016,50084.444061,10.821465741074107,East Asia & Pacific
AUT,2016,45061.499392,10.715783488887569,Europe & Central Asia
AZE,2016,3880.685228,8.263767022179104,Europe & Central Asia
BHS,2016,30616.536316,10.329295544459294,Latin America & Caribbean
IMN,2016,82025.945451,11.31479088413898,Europe & Central Asia
ISR,2016,37571.25612,10.533994572132077,Middle East & North Africa
ITA,2016,31391.56929,10.354294641896347,Europe & Central Asia
JAM,2016,5302.295534,8.575895125393625,Latin America & Caribbean
JPN,2016,40214.968863,10.601994565074536,East Asia & Pacific
JOR,2016,4366.069996,8.381618569047342,Middle East & North Africa
KAZ,2016,7475.566887,8.919395233109105,Europe & Central Asia
KEN,2016,1554.126103,7.348668674996971,Sub-Saharan Africa
KIR,2016,1742.667993,7.463172547169822,East Asia & Pacific
KOR,2016,30832.062807,10.336310427723946,East Asia & Pacific
TUN,2011,4420.647722,8.394041507774217,Middle East & North Africa
TUR,2011,11373.635576,9.339053287262013,Europe & Central Asia
TKM,2011,5143.619293,8.545512253264123,Europe & Central Asia
TCA,2011,27327.400635,10.21564516408051,Latin America & Caribbean
TUV,2011,3636.0814,8.198661842285503,East Asia & Pacific
UGA,2011,835.620061,6.728174037292741,Sub-Saharan Africa
UKR,2011,3656.697998,8.204315832841578,Europe & Central Asia
ARE,2011,51921.889075,10.857495735057372,Middle East & North Africa
GBR,2011,42295.927384,10.652446081061155,Europe & Central Asia
USA,2011,50024.881232,10.820275785276202,North America
URY,2011,15132.267573,9.624584668189765,Latin America & Caribbean
UZB,2011,2338.554628,7.757288337166774,Europe & Central Asia
KHM,2015,1547.320104,7.34427974836669,East Asia & Pacific
CMR,2015,1415.000097,7.254884878628572,Sub-Saharan Africa
CAN,2015,43594.237908,10.682680262530084,North America
CYM,2015,76379.209511,11.243465811302018,Latin America & Caribbean
CAF,2015,366.322854,5.903515059320893,Sub-Saharan Africa
TCD,2015,993.990731,6.9017278816633985,Sub-Saharan Africa
CHL,2015,13433.920299,9.505538153026718,Latin America & Caribbean
CHN,2015,8175.332851,9.008876710655246,East Asia & Pacific
COL,2015,6248.514905,8.740099099295483,Latin America & Caribbean
COM,2015,1329.370482,7.192460787359163,Sub-Saharan Africa
COD,2015,495.826633,6.206226335383059,Sub-Saharan Africa
BEL,2009,44923.340014,10.712712760807706,Europe & Central Asia
BLZ,2009,5399.671,8.59409330477038,Latin America & Caribbean
BEN,2009,1024.102779,6.931572170679898,Sub-Saharan Africa
BMU,2009,104711.71242,11.558966257077685,North America
BTN,2009,1918.395992,7.559244695030033,South Asia
BOL,2009,1731.181721,7.4565595300243315,Latin America & Caribbean
BIH,2009,4539.918638,8.420664369729433,Europe & Central Asia
BWA,2009,5082.933883,8.533643909886404,Sub-Saharan Africa
BRA,2009,8678.659224,9.068622328441991,Latin America & Caribbean
BRN,2009,30946.467377,10.340014131921416,East Asia & Pacific
BGR,2009,6988.630484,8.852039890996274,Europe & Central Asia
MAC,2016,68911.675592,11.140580899713738,East Asia & Pacific
MDG,2016,453.970715,6.118032691555563,Sub-Saharan Africa
MWI,2016,450.506106,6.110371630785619,Sub-Saharan Africa
MYS,2016,9476.534098,9.15657392692376,East Asia & Pacific
MDV,2016,9947.807447,9.205107448785022,South Asia
MLI,2016,872.468587,6.771326649990048,Sub-Saharan Africa
MLT,2016,26459.064429,10.183354079107332,Middle East & North Africa
MHL,2016,4229.809889,8.349912327531516,East Asia & Pacific
MRT,2016,1568.005512,7.357559716210297,Sub-Saharan Africa
MUS,2016,10095.122557,9.219807671039762,Sub-Saharan Africa
MEX,2016,9097.923977,9.115801532082727,Latin America & Caribbean
KIR,2013,1772.087183,7.479913330293329,East Asia & Pacific
KOR,2013,28449.35911,10.255880912411463,East Asia & Pacific
KWT,2013,49651.043928,10.812774694992463,Middle East & North Africa
KGZ,2013,1269.663035,7.146506817475609,Europe & Central Asia
LAO,2013,1812.517744,7.502472176474013,East Asia & Pacific
LVA,2013,14484.471528,9.580832425450904,Europe & Central Asia
LBN,2013,8162.379294,9.007290985603982,Middle East & North Africa
LSO,2013,1151.037358,7.048418865189084,Sub-Saharan Africa
LBR,2013,710.744571,6.566313112091806,Sub-Saharan Africa
LBY,2013,11951.713413,9.388629928922468,Middle East & North Africa
BOL,2010,1929.783731,7.565163219143451,Latin America & Caribbean
BIH,2010,4506.478285,8.413271259389493,Europe & Central Asia
BWA,2010,6215.732161,8.734838802476927,Sub-Saharan Africa
BRA,2010,11403.282128,9.34165649891053,Latin America & Caribbean
BRN,2010,34937.555536,10.461317619477587,East Asia & Pacific
BGR,2010,6854.298784,8.832631294131051,Europe & Central Asia
BFA,2010,624.957252,6.4376832505972335,Sub-Saharan Africa
BDI,2010,216.727705,5.378641749931861,Sub-Saharan Africa
CPV,2010,3579.460061,8.182967247070403,Sub-Saharan Africa
KHM,2010,952.274616,6.858853455379022,East Asia & Pacific
BIH,2016,4928.56659,8.502803472224526,Europe & Central Asia
BWA,2016,6749.059943,8.817158506464224,Sub-Saharan Africa
BRA,2016,8836.286527,9.086621991243772,Latin America & Caribbean
BRN,2016,26663.297295,10.191043265567394,East Asia & Pacific
BGR,2016,7822.898864,8.964810463568789,Europe & Central Asia
BFA,2016,663.742365,6.497894069665132,Sub-Saharan Africa
BDI,2016,232.937812,5.450771516653659,Sub-Saharan Africa
CPV,2016,3608.966052,8.191176598114756,Sub-Saharan Africa
KHM,2016,1675.195557,7.423685187892125,East Asia & Pacific
CMR,2016,1441.720173,7.273592244228808,Sub-Saharan Africa
PAK,2013,1225.434012,7.111050355741198,South Asia
PLW,2013,12820.593162,9.458807997891046,East Asia & Pacific
PAN,2013,12273.322504,9.41518328377202,Latin America & Caribbean
PNG,2013,2560.77459,7.8480650659260105,East Asia & Pacific
PRY,2013,6435.683427,8.769613319052915,Latin America & Caribbean
PER,2013,6746.800257,8.816823635475991,Latin America & Caribbean
PHL,2013,2781.279577,7.930666380284971,East Asia & Pacific
POL,2013,13621.902379,9.51943424535362,Europe & Central Asia
PRT,2013,21676.485964,9.983983355884776,Europe & Central Asia
QAT,2013,103697.008372,11.549228544929736,Middle East & North Africa
SDN,2013,1138.627808,7.03757913919433,Sub-Saharan Africa
SUR,2013,9043.192815,9.1097675785302,Latin America & Caribbean
SWE,2013,60843.98888,11.016068307669142,Europe & Central Asia
CHE,2013,88851.23745,11.394718760891552,Europe & Central Asia
SYR,2013,985.892669,6.8935474937079295,Middle East & North Africa
TJK,2013,1028.197043,6.935562103717638,Europe & Central Asia
TZA,2013,963.057129,6.870112734026066,Sub-Saharan Africa
THA,2013,6018.082447,8.702523957162613,East Asia & Pacific
TLS,2013,1204.568415,7.093876619943764,East Asia & Pacific
TGO,2013,885.698523,6.7863766252066045,Sub-Saharan Africa
TON,2013,4219.246701,8.34741188422377,East Asia & Pacific
ARM,2014,3852.118006,8.256378407443583,Europe & Central Asia
ABW,2014,26129.839062,10.170833199368252,Latin America & Caribbean
AUS,2014,62817.206175,11.047984298607961,East Asia & Pacific
AUT,2014,51314.972262,10.845737845535968,Europe & Central Asia
AZE,2014,7890.840281,8.973457907662281,Europe & Central Asia
BHS,2014,29137.217563,10.2797715900495,Latin America & Caribbean
BHR,2014,26451.796565,10.18307935804216,Middle East & North Africa
BGD,2014,1094.461997,6.9980181945693305,South Asia
BRB,2014,20423.717792,9.924452141356214,Latin America & Caribbean
BLR,2014,8341.318093,9.028976527589261,Europe & Central Asia
BEL,2014,47995.778696,10.778868342189408,Europe & Central Asia
SUR,2016,5644.206106,8.63838483002388,Latin America & Caribbean
SWE,2016,51703.508833,10.853280927303768,Europe & Central Asia
CHE,2016,83432.41116,11.331792135874053,Europe & Central Asia
SYR,2016,656.349018,6.48669268709533,Middle East & North Africa
TJK,2016,788.710482,6.670399310540051,Europe & Central Asia
TZA,2016,953.010742,6.859626175364023,Sub-Saharan Africa
THA,2016,5833.577156,8.671385668541404,East Asia & Pacific
TLS,2016,1335.543901,7.197093904342192,East Asia & Pacific
TGO,2016,843.114204,6.737102422135784,Sub-Saharan Africa
TON,2016,3987.986188,8.29104166768556,East Asia & Pacific
ARE,2017,43733.624202,10.685872517762265,Middle East & North Africa
GBR,2017,40918.052087,10.619326615975517,Europe & Central Asia
USA,2017,60047.719073,11.00289484298989,North America
URY,2017,19184.662611,9.861866416443538,Latin America & Caribbean
UZB,2017,2271.473011,7.72818380355282,Europe & Central Asia
VUT,2017,3585.317981,8.184602446729329,East Asia & Pacific
VEN,2017,3791.63262,8.240551975770067,Latin America & Caribbean
VNM,2017,2956.109921,7.991629467100672,East Asia & Pacific
VIR,2017,35365.069304,10.473479869145818,Latin America & Caribbean
PSE,2017,3620.360487,8.194328881906053,Middle East & North Africa
YEM,2017,811.16597,6.698472681759746,Middle East & North Africa
ZMB,2017,1483.465773,7.302136367675032,Sub-Saharan Africa
TTO,2016,17449.15388,9.767046438202831,Latin America & Caribbean
TUN,2016,3847.803544,8.255257756428241,Middle East & North Africa
TUR,2016,10984.364317,9.304228114869357,Europe & Central Asia
TKM,2016,5238.008272,8.563696604295124,Europe & Central Asia
TCA,2016,31373.561268,10.353720819382666,Latin America & Caribbean
TUV,2016,3808.69755,8.24504255928288,East Asia & Pacific
UGA,2016,752.696572,6.623662187758826,Sub-Saharan Africa
UKR,2016,2158.461182,7.677150831048786,Europe & Central Asia
ARE,2016,42721.113611,10.662448540967542,Middle East & North Africa
GBR,2016,41258.537429,10.627613338323668,Europe & Central Asia
USA,2016,57976.628204,10.967795246317552,North America
URY,2016,17009.758421,9.741542483113864,Latin America & Caribbean
BLZ,2017,6071.854518,8.711419359302267,Latin America & Caribbean
BEN,2017,1054.974081,6.961271477835862,Sub-Saharan Africa
BMU,2017,112339.425587,11.629280152907961,North America
BTN,2017,3435.288047,8.14185605761813,South Asia
BOL,2017,4048.401197,8.306077315987066,Latin America & Caribbean
BIH,2017,5345.019788,8.583920525603837,Europe & Central Asia
BWA,2017,7104.964011,8.86854897521225,Sub-Saharan Africa
BRA,2017,10080.509282,9.218359064357001,Latin America & Caribbean
BRN,2017,28024.382458,10.24083021230061,East Asia & Pacific
BGR,2017,8697.133733,9.070748794383121,Europe & Central Asia
COL,2017,6479.532313,8.776403612821905,Latin America & Caribbean
COM,2017,1423.924803,7.261172283695566,Sub-Saharan Africa
COD,2017,431.052559,6.066230029304592,Sub-Saharan Africa
COG,2017,2211.633099,7.701486480439687,Sub-Saharan Africa
CRI,2017,12317.090278,9.418743030459154,Latin America & Caribbean
CIV,2017,1964.299303,7.582890871906384,Sub-Saharan Africa
HRV,2017,13901.649866,9.539762807470725,Europe & Central Asia
CUB,2017,8610.608296,9.060750244868116,Latin America & Caribbean
CUW,2017,18938.244047,9.848938651090469,Latin America & Caribbean
CYP,2017,26247.464844,10.175324685984446,Europe & Central Asia
CZE,2017,20913.197632,9.948135704308296,Europe & Central Asia
FSM,2016,2997.937199,8.005679730811384,East Asia & Pacific
MDA,2016,2847.087948,7.954051978265606,Europe & Central Asia
MCO,2016,173604.669723,12.064535980172643,Europe & Central Asia
MNG,2016,3619.900264,8.194201753059055,East Asia & Pacific
MNE,2016,6968.012029,8.849085244851171,Europe & Central Asia
MAR,2016,3140.855469,8.052250484153307,Middle East & North Africa
MOZ,2016,441.489735,6.090154769490597,Sub-Saharan Africa
MMR,2016,1229.197135,7.114116499469363,East Asia & Pacific
NAM,2016,4395.687762,8.38837928524842,Sub-Saharan Africa
NRU,2016,8748.156326,9.076598251550116,East Asia & Pacific
NPL,2016,877.256455,6.776799372657968,South Asia
AUS,2011,62799.389502,11.047700631103305,East Asia & Pacific
AUT,2011,51116.895352,10.84187035465626,Europe & Central Asia
AZE,2011,7189.818692,8.880421233707299,Europe & Central Asia
BHS,2011,27090.83768,10.206950856712542,Latin America & Caribbean
BHR,2011,25032.786774,10.12794171558345,Middle East & North Africa
BGD,2011,837.336945,6.730226552206855,South Asia
BRB,2011,20146.238126,9.91077285644667,Latin America & Caribbean
BLR,2011,6527.659343,8.783803711305596,Europe & Central Asia
BEL,2011,47760.829878,10.773961123920548,Europe & Central Asia
BLZ,2011,5596.052222,8.629816667764702,Latin America & Caribbean
BEN,2011,1059.413589,6.965470816100088,Sub-Saharan Africa
THA,2008,4309.135093,8.368492488482017,East Asia & Pacific
TLS,2008,628.153219,6.442784116009452,East Asia & Pacific
TGO,2008,771.35119,6.648143769206483,Sub-Saharan Africa
TON,2008,3218.45304,8.07665610073841,East Asia & Pacific
TTO,2008,21298.994526,9.966415145231196,Latin America & Caribbean
TUN,2008,4255.05008,8.355861810620938,Middle East & North Africa
TUR,2008,10913.407905,9.297747395312474,Europe & Central Asia
TKM,2008,3605.503951,8.190216832182035,Europe & Central Asia
TCA,2008,31453.822875,10.356275808795544,Latin America & Caribbean
TUV,2008,3088.308774,8.035378897726153,East Asia & Pacific
UGA,2008,472.842681,6.15876273486018,Sub-Saharan Africa
UKR,2008,4017.806641,8.298491421021302,Europe & Central Asia
IRQ,2010,4461.751962,8.403296784473799,Middle East & North Africa
IRL,2010,48623.966642,10.791871829116523,Europe & Central Asia
IMN,2010,70587.314028,11.164605719346843,Europe & Central Asia
ISR,2010,31398.926693,10.354528989560544,Middle East & North Africa
ITA,2010,35856.862549,10.487290251669487,Europe & Central Asia
JAM,2010,4809.97738,8.478447660386047,Latin America & Caribbean
JPN,2010,45378.137811,10.722785722035708,East Asia & Pacific
JOR,2010,4139.042832,8.32821984008852,Middle East & North Africa
KAZ,2010,8793.0759,9.081719861208006,Europe & Central Asia
KEN,2010,1091.518731,6.9953253366306605,Sub-Saharan Africa
KIR,2010,1522.100687,7.327846690635628,East Asia & Pacific
KOR,2010,24071.262053,10.088773962015788,East Asia & Pacific
MAC,2010,52596.225016,10.870399628393718,East Asia & Pacific
MDG,2010,450.009392,6.109268453657678,Sub-Saharan Africa
MWI,2010,683.124695,6.526677412453119,Sub-Saharan Africa
MYS,2010,8899.345055,9.093732963686561,East Asia & Pacific
MDV,2010,7173.596018,8.878162344546794,South Asia
MLI,2010,797.151541,6.681044799988306,Sub-Saharan Africa
MLT,2010,21946.607307,9.996367841955612,Middle East & North Africa
MHL,2010,3095.45769,8.037691054637802,East Asia & Pacific
MRT,2010,1659.963697,7.4145510118343445,Sub-Saharan Africa
MUS,2010,8113.176707,9.001244772880167,Sub-Saharan Africa
MEX,2010,9728.800783,9.182845918149477,Latin America & Caribbean
RWA,2010,586.59995,6.374343071306388,Sub-Saharan Africa
WSM,2010,3524.247925,8.167422337873107,East Asia & Pacific
SMR,2010,56543.190562,10.942760059828787,Europe & Central Asia
STP,2010,1045.209582,6.951972701227857,Sub-Saharan Africa
SAU,2010,22028.390143,10.000087361456691,Middle East & North Africa
SEN,2010,1275.883575,7.151394217578907,Sub-Saharan Africa
SRB,2010,5970.926609,8.694657405230457,Europe & Central Asia
SYC,2010,10934.794946,9.29970518085457,Sub-Saharan Africa
SLE,2010,685.039673,6.529476753373434,Sub-Saharan Africa
SGP,2010,47236.683085,10.762926053726781,East Asia & Pacific
SXM,2010,26403.814369,10.18126376237189,Latin America & Caribbean
SVK,2010,16899.448681,9.735036277953007,Europe & Central Asia
FJI,2013,4572.443775,8.427803083852623,East Asia & Pacific
FIN,2013,49691.01452,10.813579401373252,Europe & Central Asia
FRA,2013,42669.179511,10.661232147288477,Europe & Central Asia
PYF,2013,21955.632926,9.996779010910966,East Asia & Pacific
GAB,2013,9197.701063,9.126708847354287,Sub-Saharan Africa
GMB,2013,653.862713,6.482897410460885,Sub-Saharan Africa
GEO,2013,4712.002294,8.457868212173409,Europe & Central Asia
DEU,2013,47206.835351,10.762293977847186,Europe & Central Asia
GHA,2013,2294.795847,7.73839916298231,Sub-Saharan Africa
GRC,2013,21573.344976,9.979213802742734,Europe & Central Asia
GRL,2013,47535.488379,10.769231834833127,Europe & Central Asia
GRD,2013,7424.802123,8.91258131321477,Latin America & Caribbean
BMU,2011,99049.016993,11.503370127726113,North America
BTN,2011,2787.979676,7.933072482040357,South Asia
BOL,2011,2315.521219,7.7473900897743055,Latin America & Caribbean
BIH,2011,4982.693758,8.513725939037817,Europe & Central Asia
BWA,2011,7287.382953,8.893899769191856,Sub-Saharan Africa
BRA,2011,13396.624356,9.502758040472065,Latin America & Caribbean
BRN,2011,46382.827426,10.74468457113338,East Asia & Pacific
BGR,2011,7849.982197,8.968266542875794,Europe & Central Asia
BFA,2011,725.024768,6.586205817029762,Sub-Saharan Africa
BDI,2011,230.069761,5.438382571630064,Sub-Saharan Africa
PRT,2015,19215.781301,9.863487163166324,Europe & Central Asia
QAT,2015,68985.294696,11.141648640518202,Middle East & North Africa
ROU,2015,8977.017482,9.10242297717598,Europe & Central Asia
RUS,2015,9277.713867,9.135370444892175,Europe & Central Asia
RWA,2015,725.691419,6.587124881768819,Sub-Saharan Africa
WSM,2015,4084.360838,8.314920529446209,East Asia & Pacific
SMR,2015,43146.80353,10.672363615668004,Europe & Central Asia
STP,2015,1298.109466,7.168664228068648,Sub-Saharan Africa
SAU,2015,23256.154955,10.05432510522821,Middle East & North Africa
SEN,2015,1218.006136,7.1049704860239835,Sub-Saharan Africa
SRB,2015,5820.321558,8.669110789714694,Europe & Central Asia
GTM,2015,3893.505333,8.267065144734865,Latin America & Caribbean
GIN,2015,747.356967,6.616542938460399,Sub-Saharan Africa
GNB,2015,645.066837,6.469353934683068,Sub-Saharan Africa
GUY,2015,5640.415606,8.637713030784296,Latin America & Caribbean
HTI,2015,1411.126847,7.25214384646561,Latin America & Caribbean
HND,2015,2271.20266,7.728064776345113,Latin America & Caribbean
HKG,2015,42432.161974,10.655661890798807,East Asia & Pacific
HUN,2015,12782.941258,9.455866846835551,Europe & Central Asia
ISL,2015,53505.696408,10.887543402131934,Europe & Central Asia
IND,2015,1583.998159,7.367707410126221,South Asia
IDN,2015,3288.222697,8.098102484113626,East Asia & Pacific
THA,2017,6413.091825,8.766096777618005,East Asia & Pacific
TLS,2017,1266.17768,7.143757940407668,East Asia & Pacific
TGO,2017,872.076409,6.770877045070134,Sub-Saharan Africa
TON,2017,4365.929298,8.381586343208728,East Asia & Pacific
TTO,2017,17566.09997,9.773726185568691,Latin America & Caribbean
TUN,2017,3619.032473,8.193961996444182,Middle East & North Africa
TUR,2017,10756.387768,9.283255068059116,Europe & Central Asia
TKM,2017,5125.549201,8.541992959435992,Europe & Central Asia
TCA,2017,30014.230952,10.30942691323542,Latin America & Caribbean
TUV,2017,4165.663387,8.33463081850841,East Asia & Pacific
UGA,2017,765.218332,6.64016119441452,Sub-Saharan Africa
UKR,2017,2604.287598,7.864914441930353,Europe & Central Asia
ESP,2008,35603.248328,10.480192157846075,Europe & Central Asia
LKA,2008,1973.584769,7.587606847816094,South Asia
KNA,2008,16604.944862,9.717455813239239,Latin America & Caribbean
LCA,2008,8516.960755,9.049814837287327,Latin America & Caribbean
VCT,2008,6598.905315,8.794659052894364,Latin America & Caribbean
SDN,2008,1527.582397,7.331441631980438,Sub-Saharan Africa
SUR,2008,6576.085463,8.791194932849862,Latin America & Caribbean
SWE,2008,55817.175973,10.929836914140859,Europe & Central Asia
CHE,2008,75147.537671,11.22720862912203,Europe & Central Asia
SYR,2008,2429.124763,7.795286291618867,Middle East & North Africa
TJK,2008,703.327376,6.55582246762395,Europe & Central Asia
TZA,2008,675.977234,6.516159397961071,Sub-Saharan Africa
SWE,2010,52542.575909,10.869379089616706,Europe & Central Asia
CHE,2010,77956.126204,11.263901462853838,Europe & Central Asia
SYR,2010,2730.614878,7.9122820928551585,Middle East & North Africa
TJK,2010,737.338883,6.603047600618485,Europe & Central Asia
TZA,2010,736.530151,6.601950173286056,Sub-Saharan Africa
THA,2010,4973.862888,8.51195205824155,East Asia & Pacific
TLS,2010,813.060177,6.700805125258765,East Asia & Pacific
TGO,2010,750.323421,6.620504341578283,Sub-Saharan Africa
TON,2010,3416.083566,8.136250017723997,East Asia & Pacific
TTO,2010,16815.424737,9.730051883266597,Latin America & Caribbean
TUN,2010,4291.861209,8.36447576608887,Middle East & North Africa
THA,2007,3918.528174,8.273471396463243,East Asia & Pacific
TLS,2007,540.154584,6.2918553652585025,East Asia & Pacific
TGO,2007,654.083698,6.483235321861909,Sub-Saharan Africa
TON,2007,2797.065601,7.936326146984837,East Asia & Pacific
TTO,2007,16606.675361,9.717560023692686,Latin America & Caribbean
TUN,2007,3726.916729,8.22333655659483,Middle East & North Africa
TUR,2007,9766.917345,9.186756172731213,Europe & Central Asia
TKM,2007,2414.96072,7.789438300944044,Europe & Central Asia
TCA,2007,29443.852303,10.290240416965771,Latin America & Caribbean
TUV,2007,2794.163101,7.935287913560514,East Asia & Pacific
UGA,2007,401.389131,5.994931358267677,Sub-Saharan Africa
UKR,2007,3160.327637,8.058430983801225,Europe & Central Asia
ARE,2007,45854.735244,10.733233749211248,Middle East & North Africa
COD,2012,409.931425,6.015989889611932,Sub-Saharan Africa
COG,2012,3732.327373,8.224787278645202,Sub-Saharan Africa
CRI,2012,10126.999116,9.222960316040883,Latin America & Caribbean
CIV,2012,1546.946018,7.3440379553294575,Sub-Saharan Africa
HRV,2012,13507.634988,9.51101035922742,Europe & Central Asia
CUB,2012,6470.836734,8.775060704326364,Latin America & Caribbean
CUW,2012,19809.82232,9.893933170444901,Latin America & Caribbean
CYP,2012,28991.929688,10.274772783619014,Europe & Central Asia
CZE,2012,20014.035402,9.904189076510633,Europe & Central Asia
DNK,2012,58443.77471,10.975820454983369,Europe & Central Asia
DJI,2012,1400.193579,7.244365776759121,Middle East & North Africa
KIR,2015,1639.852747,7.402361728372389,East Asia & Pacific
KOR,2015,30171.790655,10.314662682562867,East Asia & Pacific
KWT,2015,29882.21265,10.305018687709918,Middle East & North Africa
KGZ,2015,1105.651938,7.008190429116958,Europe & Central Asia
LAO,2015,2121.013391,7.659649268076105,East Asia & Pacific
LVA,2015,13321.975314,9.497170229946336,Europe & Central Asia
LBN,2015,7714.11,8.950806398453903,Middle East & North Africa
LSO,2015,1121.198513,7.022153493032173,Sub-Saharan Africa
LBR,2015,692.590082,6.540438311911993,Sub-Saharan Africa
MDG,2008,512.5798,6.23945640620851,Sub-Saharan Africa
MWI,2008,554.04882,6.317252805608385,Sub-Saharan Africa
MYS,2008,8371.821561,9.032626769554707,East Asia & Pacific
MDV,2008,6757.432809,8.818398334926918,South Asia
MLI,2008,767.194839,6.642740796487165,Sub-Saharan Africa
MLT,2008,22405.642627,10.017068109111971,Middle East & North Africa
MHL,2008,2817.605228,7.943642593220061,East Asia & Pacific
MRT,2008,1635.563062,7.39974240447416,Sub-Saharan Africa
MUS,2008,8140.479836,9.004604405170774,Sub-Saharan Africa
MEX,2008,10523.768543,9.261391648664812,Latin America & Caribbean
FSM,2008,2395.902181,7.781515132442005,East Asia & Pacific
FIN,2015,42560.345677,10.658678246092505,Europe & Central Asia
FRA,2015,36702.432373,10.510598309039887,Europe & Central Asia
PYF,2015,19166.959476,9.860943215009335,East Asia & Pacific
GAB,2015,7047.126546,8.860375230594483,Sub-Saharan Africa
GMB,2015,619.536364,6.428971398297248,Sub-Saharan Africa
GEO,2015,4086.622347,8.315474075820383,Europe & Central Asia
DEU,2015,41929.754911000004,10.643750994953354,Europe & Central Asia
GHA,2015,1722.772828,7.451690381056505,Sub-Saharan Africa
GRC,2015,17980.729824,9.797055898080577,Europe & Central Asia
GRL,2015,44536.354971,10.704061100259997,Europe & Central Asia
GRD,2015,8694.12438,9.07040271786462,Latin America & Caribbean
GUM,2015,35165.701464,10.467826496332158,East Asia & Pacific
SYC,2015,15333.105173,9.637769506670674,Sub-Saharan Africa
SLE,2015,964.575981,6.871688606847968,Sub-Saharan Africa
SGP,2015,55645.606861,10.926758411287494,East Asia & Pacific
SXM,2015,37839.628382,10.54111220234592,Latin America & Caribbean
SVK,2015,16442.076086,9.707598943240601,Europe & Central Asia
SVN,2015,20697.274853,9.937757320973363,Europe & Central Asia
SLB,2015,2045.477215,7.623386398221615,East Asia & Pacific
SOM,2015,445.58308,6.099383716617461,Sub-Saharan Africa
ZAF,2015,6112.273825,8.718054131053545,Sub-Saharan Africa
SSD,2015,1080.147186,6.984852594165869,Sub-Saharan Africa
ESP,2015,25982.44162,10.165176266563103,Europe & Central Asia
SVK,2011,18469.435432,9.82387250596921,Europe & Central Asia
SVN,2011,24940.628484,10.124253418756131,Europe & Central Asia
SLB,2011,1924.057956,7.562191753433097,East Asia & Pacific
SOM,2011,235.325946,5.460971557397582,Sub-Saharan Africa
ZAF,2011,8646.055711,9.064858508764532,Sub-Saharan Africa
SSD,2011,1448.98435,7.278618141710251,Sub-Saharan Africa
ESP,2011,31824.621913,10.367995543166506,Europe & Central Asia
LKA,2011,3224.957451,8.078675035654467,South Asia
KNA,2011,17832.457292,9.78877551919629,Latin America & Caribbean
LCA,2011,9128.99442,9.119210827325984,Latin America & Caribbean
MAF,2011,20930.582118,9.948966627666755,Latin America & Caribbean
VCT,2011,6527.689969,8.783808403022267,Latin America & Caribbean
SDN,2011,1332.657227,7.194930143075503,Sub-Saharan Africa
THA,2015,5688.853354,8.646263987304684,East Asia & Pacific
TLS,2015,1319.592974,7.185078614999543,East Asia & Pacific
TGO,2015,813.894677,6.7018309681961155,Sub-Saharan Africa
TON,2015,4123.903472,8.324555438461365,East Asia & Pacific
TTO,2015,19887.232772,9.897833235572735,Latin America & Caribbean
TUN,2015,4014.947737,8.297779609359653,Middle East & North Africa
TUR,2015,11064.64945,9.311510571007247,Europe & Central Asia
TKM,2015,5759.497904,8.658605580446016,Europe & Central Asia
TCA,2015,29457.014069,10.290687329448719,Latin America & Caribbean
TUV,2015,3357.834177,8.119051454941111,East Asia & Pacific
UGA,2015,862.93461,6.760338917644907,Sub-Saharan Africa
UKR,2015,2094.473877,7.647057668120245,Europe & Central Asia
COG,2015,2439.351894,7.7994876657916326,Sub-Saharan Africa
CRI,2015,11714.710612,9.36860064828937,Latin America & Caribbean
CIV,2015,1814.718551,7.503685666355057,Sub-Saharan Africa
HRV,2015,12283.87503,9.416042708112675,Europe & Central Asia
CUB,2015,7727.919972,8.952595020248673,Latin America & Caribbean
CUW,2015,19361.813001,9.871058003191854,Latin America & Caribbean
CYP,2015,23088.429688,10.047086891720582,Europe & Central Asia
CZE,2015,17931.598767,9.794319729774053,Europe & Central Asia
DNK,2015,53094.013361,10.879819458143395,Europe & Central Asia
DJI,2015,2376.125547,7.773226518733035,Middle East & North Africa
DMA,2015,8282.598747,9.021912056469416,Latin America & Caribbean
KOR,2007,25078.485396,10.129765602014162,East Asia & Pacific
KWT,2007,45709.413288,10.730059535715084,Middle East & North Africa
KGZ,2007,721.771578,6.581708714874807,Europe & Central Asia
LAO,2007,697.323014,6.547248738128049,East Asia & Pacific
LVA,2007,13370.978945,9.500841886936888,Europe & Central Asia
LBN,2007,5125.2581,8.541936163714148,Middle East & North Africa
LSO,2007,861.188421,6.758313320207066,Sub-Saharan Africa
LBR,2007,374.211308,5.924820632517553,Sub-Saharan Africa
LBY,2007,11144.944841,9.318741296592828,Middle East & North Africa
LIE,2007,130492.59535,11.77907176352205,Europe & Central Asia
LTU,2007,12295.121278,9.416957818611404,Europe & Central Asia
LUX,2007,107475.320298,11.585016521569392,Europe & Central Asia
AFG,2008,381.733238,5.944722034817782,South Asia
ALB,2008,4498.504868,8.411500368995078,Europe & Central Asia
DZA,2008,5180.918815,8.552737696937143,Middle East & North Africa
ASM,2008,10030.808913,9.21341652705594,East Asia & Pacific
AND,2008,49132.515705,10.802276328919946,Europe & Central Asia
AGO,2008,4578.155265,8.429051415402665,Sub-Saharan Africa
ATG,2008,18786.674314,9.84090308440617,Latin America & Caribbean
PSE,2009,2191.781787,7.692470093386226,Middle East & North Africa
YEM,2009,969.24351,6.87651588062973,Middle East & North Africa
ZMB,2009,1136.241683,7.03548132577293,Sub-Saharan Africa
ZWE,2009,735.821694,6.600987825791356,Sub-Saharan Africa
VUT,2010,2815.18829,7.942784426436349,East Asia & Pacific
VEN,2010,13646.304662,9.521224043229033,Latin America & Caribbean
VNM,2010,1683.161824,7.428429341677817,East Asia & Pacific
VIR,2010,39905.128418,10.594260126397902,Latin America & Caribbean
PSE,2010,2557.075624,7.846619550137382,Middle East & North Africa
YEM,2010,1155.203053,7.052031410967479,Middle East & North Africa
ZMB,2010,1451.10616,7.280081413543512,Sub-Saharan Africa
ZWE,2010,902.010759,6.804626447929402,Sub-Saharan Africa
AFG,2012,651.417134,6.479150195842844,South Asia
ALB,2012,4280.933163,8.361926293549349,Europe & Central Asia
DZA,2012,6033.648847,8.70510722230134,Middle East & North Africa
ASM,2012,11745.489915,9.371224608866743,East Asia & Pacific
AND,2012,41500.543578,10.633461804398069,Europe & Central Asia
AGO,2012,5702.453063,8.648651723173332,Sub-Saharan Africa
ATG,2012,15639.807811,9.657574725724567,Latin America & Caribbean
ARG,2012,12949.717487,9.468829251214043,Latin America & Caribbean
ARM,2012,3511.563997,8.163816800408084,Europe & Central Asia
ABW,2012,25119.665545,10.131406306202098,Latin America & Caribbean
UZB,2016,3128.423072,8.048284345716244,Europe & Central Asia
VUT,2016,3339.834365,8.113676493423691,East Asia & Pacific
VEN,2016,3671.230041,8.208282045930126,Latin America & Caribbean
VNM,2016,2735.060438,7.913908812600956,East Asia & Pacific
VIR,2016,35324.974887,10.472345496639525,Latin America & Caribbean
PSE,2016,3527.613824,8.168376950818004,Middle East & North Africa
YEM,2016,975.359417,6.882806035889975,Middle East & North Africa
ZMB,2016,1239.085279,7.122128708154812,Sub-Saharan Africa
ZWE,2016,1408.139453,7.2500245751373855,Sub-Saharan Africa
MOZ,2017,470.938563,6.154727646018002,Sub-Saharan Africa
MMR,2017,1272.822418,7.14899209000486,East Asia & Pacific
NAM,2017,5143.960723,8.545578630390638,Sub-Saharan Africa
NRU,2017,9656.979766,9.175436224697041,East Asia & Pacific
NPL,2017,1034.283749,6.941464436184522,South Asia
NLD,2017,49513.681735,10.810004309052571,Europe & Central Asia
NCL,2017,32354.710283,10.384514893132005,East Asia & Pacific
NZL,2017,42912.1537,10.666910367823686,East Asia & Pacific
NIC,2017,2182.61381,7.688278432975017,Latin America & Caribbean
NER,2017,529.929419,6.272743825979917,Sub-Saharan Africa
NGA,2017,1876.340271,7.537078494248665,Sub-Saharan Africa
MKD,2017,5955.297386,8.692036419417391,Europe & Central Asia
JOR,2014,4610.604603,8.436114277716621,Middle East & North Africa
KAZ,2014,12427.709458,9.427683892222287,Europe & Central Asia
KEN,2014,1482.815663,7.301698034344608,Sub-Saharan Africa
KIR,2014,1736.705357,7.45974512433402,East Asia & Pacific
KOR,2014,30667.091247,10.330945412278096,East Asia & Pacific
KWT,2014,44368.781346,10.700291378275685,Middle East & North Africa
KGZ,2014,1264.526688,7.142453171462626,Europe & Central Asia
LAO,2014,1981.039109,7.591376788553149,East Asia & Pacific
LVA,2014,15185.814581,9.628117019834288,Europe & Central Asia
KAZ,2017,8943.084168,9.098635793908736,Europe & Central Asia
KEN,2017,1667.484472,7.419071465602492,Sub-Saharan Africa
KIR,2017,1854.332692,7.525280175550572,East Asia & Pacific
KOR,2017,33296.984544,10.41322211763402,East Asia & Pacific
KWT,2017,29047.653614,10.276692988415526,Middle East & North Africa
KGZ,2017,1221.390468,7.107745216599421,Europe & Central Asia
LAO,2017,2432.430595,7.796646281279004,East Asia & Pacific
LVA,2017,15132.495833,9.624599752398218,Europe & Central Asia
LBN,2017,8608.21085,9.06047177675771,Middle East & North Africa
LSO,2017,1069.366732,6.9748219129976325,Sub-Saharan Africa
ISL,2014,55140.364936,10.917637302909169,Europe & Central Asia
IND,2014,1553.883961,7.348512856968391,South Asia
IDN,2014,3441.068085,8.143537192001034,East Asia & Pacific
IRN,2014,5672.063729,8.643308303868166,Middle East & North Africa
IRQ,2014,6249.39227,8.740239501202643,Middle East & North Africa
IRL,2014,57214.537979,10.954563305546616,Europe & Central Asia
IMN,2014,91885.452872,11.428298002799972,Europe & Central Asia
ISR,2014,38265.365195,10.552300463037497,Middle East & North Africa
ITA,2014,36028.349402,10.492061390924777,Europe & Central Asia
JAM,2014,4975.113255,8.5122034141577,Latin America & Caribbean
JPN,2014,39172.847116,10.575739110155718,East Asia & Pacific
BMU,2012,100213.493385,11.515058123087407,North America
BTN,2012,2751.212886,7.919797142881441,South Asia
BOL,2012,2575.598571,7.853837240841697,Latin America & Caribbean
BIH,2012,4693.788991,8.453995422481936,Europe & Central Asia
BWA,2012,6595.53845,8.794148707004375,Sub-Saharan Africa
BRA,2012,12521.721352,9.43522012338237,Latin America & Caribbean
BRN,2012,46968.597116,10.757234510914785,East Asia & Pacific
BGR,2012,7432.337534,8.913595695770242,Europe & Central Asia
BFA,2012,731.470139,6.595056398027502,Sub-Saharan Africa
BDI,2012,231.098788,5.442845272783675,Sub-Saharan Africa
MAR,2014,3435.406982,8.141890678569725,Middle East & North Africa
MOZ,2014,697.14268,6.546990095693487,Sub-Saharan Africa
MMR,2014,1293.000423,7.164720705917976,East Asia & Pacific
NAM,2014,5378.323262,8.590131943241053,Sub-Saharan Africa
NRU,2014,9230.054403,9.13022022162904,East Asia & Pacific
NPL,2014,821.455225,6.711077432035751,South Asia
NLD,2014,53457.223486,10.88663705205536,Europe & Central Asia
NCL,2014,37816.95586,10.540512848756121,East Asia & Pacific
NZL,2014,44599.899273,10.70548687955269,East Asia & Pacific
NIC,2014,1958.370476,7.579868016632474,Latin America & Caribbean
NER,2014,565.309897,6.337374071046122,Sub-Saharan Africa
TTO,2012,20332.138953,9.919958112745682,Latin America & Caribbean
TUN,2012,4297.267825,8.365734710201293,Middle East & North Africa
TUR,2012,11776.759336,9.373883320547414,Europe & Central Asia
TKM,2012,6053.874847,8.708453816589651,Europe & Central Asia
TCA,2012,25923.61565,10.162909633407766,Latin America & Caribbean
TUV,2012,3598.461631,8.188261708392751,East Asia & Pacific
UGA,2012,795.222868,6.678622412474145,Sub-Saharan Africa
UKR,2012,3951.342285,8.281810619157115,Europe & Central Asia
ARE,2012,53141.625166,10.880715801571041,Middle East & North Africa
GBR,2012,42688.326373,10.661680774790485,Europe & Central Asia
USA,2012,51708.394061,10.853375408265183,North America
URY,2012,16259.594081,9.696438418522046,Latin America & Caribbean
DMA,2013,7822.217972,8.964723421457494,Latin America & Caribbean
DOM,2013,6136.594293,8.72202519184471,Latin America & Caribbean
ECU,2013,6109.290315,8.717565894028384,Latin America & Caribbean
EGY,2013,3025.525636,8.014840119336675,Middle East & North Africa
SLV,2013,3582.26694,8.18375110245705,Latin America & Caribbean
GNQ,2013,16304.07132,9.699170129839592,Sub-Saharan Africa
EST,2013,19310.38749,9.868398442025988,Europe & Central Asia
SWZ,2013,3949.9431,8.281456452728122,Sub-Saharan Africa
ETH,2013,484.039833,6.182167202916983,Sub-Saharan Africa
FRO,2013,55759.364098,10.928800641101084,Europe & Central Asia
GUM,2013,32530.759312,10.389941361094763,East Asia & Pacific
GTM,2013,3444.158023,8.144434748060624,Latin America & Caribbean
GIN,2013,748.455021,6.618011109869706,Sub-Saharan Africa
GNB,2013,654.304534,6.483572891394707,Sub-Saharan Africa
GUY,2013,5556.912312,8.622797893418152,Latin America & Caribbean
HTI,2013,1457.832212,7.2847058250135,Latin America & Caribbean
HND,2013,2081.128435,7.640665542413236,Latin America & Caribbean
HKG,2013,38403.777715,10.555911111731811,East Asia & Pacific
HUN,2013,13739.462015,9.528027410351843,Europe & Central Asia
ISL,2013,50173.336006,10.823239009307931,Europe & Central Asia
IND,2013,1432.843975,7.267416541928231,South Asia
RUS,2011,14305.332031,9.568387616050215,Europe & Central Asia
RWA,2011,643.356139,6.466698441825311,Sub-Saharan Africa
WSM,2011,3821.506783,8.24840006963884,East Asia & Pacific
SMR,2011,55601.400814,10.9259636744177,Europe & Central Asia
STP,2011,1219.801891,7.106443740115294,Sub-Saharan Africa
SAU,2011,27126.749875,10.20827560028272,Middle East & North Africa
SEN,2011,1374.675919,7.225973287047449,Sub-Saharan Africa
SRB,2011,7082.286167,8.865352039508688,Europe & Central Asia
SYC,2011,12110.093746,9.40179457772279,Sub-Saharan Africa
SLE,2011,761.146366,6.634825673139271,Sub-Saharan Africa
SGP,2011,53891.457026,10.89472724760046,East Asia & Pacific
SXM,2011,27317.517888,10.215283456263025,Latin America & Caribbean
MUS,2013,9877.13866,9.197978139485297,Sub-Saharan Africa
MEX,2013,11216.800852,9.325168009364411,Latin America & Caribbean
FSM,2013,2904.15368,7.97389729465466,East Asia & Pacific
MDA,2013,3321.043978,8.108034463685936,Europe & Central Asia
MCO,2013,184940.633666,12.127790153458625,Europe & Central Asia
MNG,2013,4340.143105,8.375662600053142,East Asia & Pacific
MNE,2013,7102.777671,8.868241207789925,Europe & Central Asia
MAR,2013,3379.743164,8.125554998607658,Middle East & North Africa
MOZ,2013,686.505673,6.531614488830109,Sub-Saharan Africa
MMR,2013,1199.095616,7.0893228983033145,East Asia & Pacific
NAM,2013,5346.621311,8.584220109736366,Sub-Saharan Africa
IDN,2013,3566.602845,8.179368837696556,East Asia & Pacific
IRN,2013,6222.741948,8.735965916249993,Middle East & North Africa
IRQ,2013,6650.352822,8.802425188182333,Middle East & North Africa
IRL,2013,52537.610865,10.869284589518141,Europe & Central Asia
IMN,2013,83207.658843,11.329094675974089,Europe & Central Asia
ISR,2013,36980.622214,10.518149330489127,Middle East & North Africa
ITA,2013,35701.6746,10.48295287423063,Europe & Central Asia
JAM,2013,5124.213014,8.541732233971432,Latin America & Caribbean
JPN,2013,41369.194848,10.630291797047066,East Asia & Pacific
JOR,2013,4739.022536,8.463586177389917,Middle East & North Africa
KAZ,2013,13478.459628,9.508848107016998,Europe & Central Asia
KEN,2013,1370.878852,7.223207310960623,Sub-Saharan Africa
TZA,2014,1022.748413,6.930248805109453,Sub-Saharan Africa
THA,2014,5801.197892,8.665819708312934,East Asia & Pacific
TLS,2014,1224.749578,7.11049167595851,East Asia & Pacific
TGO,2014,921.539749,6.826045911285392,Sub-Saharan Africa
TON,2014,4136.590109,8.32762708226823,East Asia & Pacific
TTO,2014,21908.301456,9.994620905896582,Latin America & Caribbean
TUN,2014,4458.978955,8.402675084948251,Middle East & North Africa
TUR,2014,12209.386233,9.409960298273726,Europe & Central Asia
TKM,2014,7164.145362,8.876844053594516,Europe & Central Asia
TCA,2014,27292.582026,10.214370223590963,Latin America & Caribbean
TUV,2014,3528.858581,8.168729749480415,East Asia & Pacific
UGA,2014,896.054796,6.798001567354963,Sub-Saharan Africa
GRL,2017,50765.749467,10.834977183085421,Europe & Central Asia
GRD,2017,9751.426612,9.185168872467774,Latin America & Caribbean
GUM,2017,36779.00789,10.512682523623758,East Asia & Pacific
GTM,2017,4324.997689,8.372166885030577,Latin America & Caribbean
GIN,2017,833.598622,6.725752017926719,Sub-Saharan Africa
GNB,2017,783.123187,6.663290010563854,Sub-Saharan Africa
GUY,2017,6178.665044,8.728857514819985,Latin America & Caribbean
HTI,2017,1395.239452,7.240821329704471,Latin America & Caribbean
HND,2017,2413.007656,7.788629238433923,Latin America & Caribbean
HKG,2017,46160.429791,10.739878212035515,East Asia & Pacific
HUN,2017,14736.166816,9.598060078735031,Europe & Central Asia
ISL,2017,72976.372999,11.197891010194175,Europe & Central Asia
TTO,2013,21304.97775,9.966696021577683,Latin America & Caribbean
TUN,2013,4369.793458,8.382471023357116,Middle East & North Africa
TUR,2013,12635.557002,9.444270102902857,Europe & Central Asia
TKM,2013,6599.645291,8.79477118278239,Europe & Central Asia
TCA,2013,25653.819867,10.15244776220109,Latin America & Caribbean
TUV,2013,3510.216401,8.163432967266015,East Asia & Pacific
UGA,2013,818.285427,6.707211208502704,Sub-Saharan Africa
UKR,2013,4129.896973,8.32600773963908,Europe & Central Asia
ARE,2013,53247.227875,10.882701023531125,Middle East & North Africa
GBR,2013,43607.663683,10.682988186436813,Europe & Central Asia
USA,2013,53297.38629,10.883642571240479,North America
URY,2013,18335.259477,9.816581232409652,Latin America & Caribbean
AFG,2015,565.56973,6.33783359476265,South Asia
ALB,2015,4199.539129,8.342730067060076,Europe & Central Asia
DZA,2015,4685.059027,8.452133793739366,Middle East & North Africa
ASM,2015,12727.410265,9.451513235270395,East Asia & Pacific
AND,2015,38654.934722,10.562429723019479,Europe & Central Asia
AGO,2015,3641.728939,8.200213831103712,Sub-Saharan Africa
ATG,2015,16077.634077,9.685184397392687,Latin America & Caribbean
ARG,2015,13679.626498,9.523662888026037,Latin America & Caribbean
ARM,2015,3512.393503,8.164052993751753,Europe & Central Asia
ABW,2015,27458.220154,10.220420861270844,Latin America & Caribbean
AUS,2015,56970.361303,10.950286434441342,East Asia & Pacific
AUT,2015,43915.228021,10.690016418663822,Europe & Central Asia
DMA,2011,7705.407172,8.949677591523436,Latin America & Caribbean
DOM,2011,5826.510141,8.670173496507813,Latin America & Caribbean
ECU,2011,5153.691642,8.547468560551712,Latin America & Caribbean
EGY,2011,2590.643849,7.859661714147613,Middle East & North Africa
SLV,2011,3330.600495,8.11090789554603,Latin America & Caribbean
GNQ,2011,17198.213667,9.75256080083831,Sub-Saharan Africa
ERI,2011,688.68166,6.534779132313684,Sub-Saharan Africa
EST,2011,17555.545524,9.773125163255,Europe & Central Asia
SWZ,2011,4225.060494,8.348788857795281,Sub-Saharan Africa
ETH,2011,343.024942,5.837803161723339,Sub-Saharan Africa
FRO,2011,51620.054165,10.85166552257465,Europe & Central Asia
FJI,2011,4139.602886,8.328355140962584,East Asia & Pacific
IRN,2011,8025.687434,8.990402605887107,Middle East & North Africa
IRQ,2011,5775.542291,8.661387434184828,Middle East & North Africa
IRL,2011,52613.854036,10.870734748760965,Europe & Central Asia
IMN,2011,77808.857965,11.262010559276687,Europe & Central Asia
ISR,2011,34476.725207,10.44803974367194,Middle East & North Africa
ITA,2011,38432.374282,10.556655463643695,Europe & Central Asia
JAM,2011,5232.636449,8.562670531189896,Latin America & Caribbean
JPN,2011,49122.077634,10.802063859035647,East Asia & Pacific
JOR,2011,4363.428002,8.381013266409944,Middle East & North Africa
KAZ,2011,11287.146493,9.331419878785196,Europe & Central Asia
KEN,2011,1096.144998,6.999554756202681,Sub-Saharan Africa
KIR,2011,1771.129268,7.47937262664929,East Asia & Pacific
BEN,2013,1168.926993,7.063841506998304,Sub-Saharan Africa
BMU,2013,101704.407462,11.5298259189737,North America
BTN,2013,2679.952172,7.893554227076999,South Asia
BOL,2013,2870.02377,7.962075590949334,Latin America & Caribbean
BIH,2013,5034.566348,8.524082673936029,Europe & Central Asia
BWA,2013,6666.912196,8.804912092589833,Sub-Saharan Africa
BRA,2013,12458.891214,9.43018980074136,Latin America & Caribbean
BRN,2013,44003.064427,10.692014556543405,East Asia & Pacific
BGR,2013,7796.379452,8.96141473209562,Europe & Central Asia
BFA,2013,759.762065,6.63300531189457,Sub-Saharan Africa
MUS,2011,9324.242323,9.140372988985675,Sub-Saharan Africa
MEX,2011,10664.494403,9.274675222655585,Latin America & Caribbean
FSM,2011,2859.848837,7.958524048221262,East Asia & Pacific
MDA,2011,2941.362241,7.986628100299436,Europe & Central Asia
MCO,2011,179364.009524,12.09717259267254,Europe & Central Asia
MNG,2011,3736.042015,8.225782045270508,East Asia & Pacific
MNE,2011,7265.517712,8.890894834580365,Europe & Central Asia
MAR,2011,3301.98877,8.102280223505181,Middle East & North Africa
MOZ,2011,618.176493,6.426774004064018,Sub-Saharan Africa
MMR,2011,1213.628987,7.101370312884212,East Asia & Pacific
NAM,2011,5834.791768,8.67159385736579,Sub-Saharan Africa
NRU,2011,6444.036421,8.770910396205164,East Asia & Pacific
POL,2014,14262.284191,9.565373862837623,Europe & Central Asia
PRT,2014,22120.685013,10.004268423194747,Europe & Central Asia
QAT,2014,95840.631009,11.470441997311324,Middle East & North Africa
ROU,2014,10031.771076,9.213512443234345,Europe & Central Asia
RUS,2014,14055.472656,9.550767111804005,Europe & Central Asia
RWA,2014,715.368088,6.572797218617238,Sub-Saharan Africa
WSM,2014,3982.680802,8.289710439874849,East Asia & Pacific
SMR,2014,51260.480424,10.844675372172231,Europe & Central Asia
STP,2014,1489.676334,7.306314149839272,Sub-Saharan Africa
SAU,2014,27805.485032,10.232988583526343,Middle East & North Africa
BLZ,2007,5762.210233,8.659076401094804,Latin America & Caribbean
BEN,2007,912.338247,6.816010806181961,Sub-Saharan Africa
BMU,2007,107395.651484,11.58427497126141,North America
BTN,2007,1850.415704,7.523165597694878,South Asia
BOL,2007,1354.549059,7.211223880138351,Latin America & Caribbean
BIH,2007,3931.489487,8.27677363738501,Europe & Central Asia
BWA,2007,5529.125746,8.617784989070815,Sub-Saharan Africa
BRA,2007,7409.691307,8.910544058448014,Latin America & Caribbean
BRN,2007,36217.329071,10.497292986890622,East Asia & Pacific
BGR,2007,5888.870946,8.680819568287736,Europe & Central Asia
BFA,2007,514.684451,6.243553996371413,Sub-Saharan Africa
BHR,2016,23800.001441,10.077440920205783,Middle East & North Africa
BGD,2016,1649.283809,7.408096417513906,South Asia
BRB,2016,20311.409416,9.918938047341488,Latin America & Caribbean
BLR,2016,5039.775609,8.52511683805047,Europe & Central Asia
BEL,2016,41854.54983,10.64195578757102,Europe & Central Asia
BLZ,2016,6140.867139,8.722721239019638,Latin America & Caribbean
BEN,2016,1010.533896,6.918234080071298,Sub-Saharan Africa
BMU,2016,108747.356144,11.596782637335865,North America
BTN,2016,3152.309051,8.055890495346391,South Asia
BOL,2016,3035.873477,8.0182544634047,Latin America & Caribbean
FIN,2008,53769.472624,10.8924611617586,Europe & Central Asia
FRA,2008,45464.818139,10.724694078130018,Europe & Central Asia
PYF,2008,26592.026284,10.188366686072255,East Asia & Pacific
GAB,2008,9688.645197,9.178709880558763,Sub-Saharan Africa
GMB,2008,859.127671,6.755917538414093,Sub-Saharan Africa
GEO,2008,3324.753721,8.10915088147454,Europe & Central Asia
DEU,2008,46379.164795,10.744605602777607,Europe & Central Asia
GHA,2008,1182.657613,7.075519399433299,Sub-Saharan Africa
GRC,2008,31695.833109,10.363940503559755,Europe & Central Asia
GRL,2008,44366.785869,10.700246402465805,Europe & Central Asia
GRD,2008,7448.204056,8.915728216003727,Latin America & Caribbean
GUM,2008,28112.231657,10.243960050895202,East Asia & Pacific
GTM,2008,2763.059882,7.924093997507963,Latin America & Caribbean
DMA,2012,7528.51002,8.92645242870463,Latin America & Caribbean
DOM,2012,6013.81965,8.701815374738322,Latin America & Caribbean
ECU,2012,5634.083932,8.636589845733944,Latin America & Caribbean
EGY,2012,2996.067707,8.00505594351393,Middle East & North Africa
SLV,2012,3497.912569,8.159921660697853,Latin America & Caribbean
GNQ,2012,17308.572392,9.758957171747793,Sub-Saharan Africa
EST,2012,17568.213797,9.773846513918723,Europe & Central Asia
SWZ,2012,4224.547892,8.348667526254879,Sub-Saharan Africa
ETH,2012,452.101032,6.113905676978777,Sub-Saharan Africa
FRO,2012,50263.002463,10.825024547932482,Europe & Central Asia
FJI,2012,4341.403387,8.375952935884438,East Asia & Pacific
LKA,2017,4398.888288,8.389107126163797,South Asia
KNA,2017,22464.989963,10.019713374720274,Latin America & Caribbean
LCA,2017,11333.112382,9.335484019034263,Latin America & Caribbean
VCT,2017,7988.04445,8.98570125911712,Latin America & Caribbean
SDN,2017,966.505676,6.87368717136782,Sub-Saharan Africa
SUR,2017,6049.521286,8.707734421613246,Latin America & Caribbean
SWE,2017,53210.223332,10.882005824762588,Europe & Central Asia
CHE,2017,83610.248611,11.333921382599796,Europe & Central Asia
SYR,2017,851.501973,6.747001817187551,Middle East & North Africa
TJK,2017,829.457148,6.7207714482599075,Europe & Central Asia
TZA,2017,986.674011,6.894339702203374,Sub-Saharan Africa
IDN,2012,3632.27254,8.197613775452188,East Asia & Pacific
IRN,2012,8114.080998,9.001356226215952,Middle East & North Africa
IRQ,2012,6477.596185,8.776104761419033,Middle East & North Africa
IRL,2012,49335.84081,10.806406090016212,Europe & Central Asia
IMN,2012,79329.203435,11.281361605088444,Europe & Central Asia
ISR,2012,33268.706667,10.412372494406599,Middle East & North Africa
ITA,2012,34854.394944,10.458934518538726,Europe & Central Asia
JAM,2012,5340.833332,8.583136974460624,Latin America & Caribbean
JPN,2012,49626.683033,10.81228393243706,East Asia & Pacific
JOR,2012,4593.836097,8.432470704989596,Middle East & North Africa
KAZ,2012,12018.796653,9.394227091014423,Europe & Central Asia
KEN,2012,1285.005362,7.15851817008326,Sub-Saharan Africa
CIV,2016,1862.595971,7.5297264769798815,Sub-Saharan Africa
HRV,2016,12820.187275,9.458776338402286,Europe & Central Asia
CUB,2016,8110.558743,9.000922040297304,Latin America & Caribbean
CUW,2016,18944.096149,9.849247613103707,Latin America & Caribbean
CYP,2016,24280.044922,10.097410095336468,Europe & Central Asia
CZE,2016,18753.968672,9.839160671507875,Europe & Central Asia
DNK,2016,54500.926041,10.905972972084962,Europe & Central Asia
DJI,2016,2510.430008,7.828209335380876,Middle East & North Africa
DMA,2016,8802.56172,9.082798062649045,Latin America & Caribbean
DOM,2016,7160.44201,8.876326991289497,Latin America & Caribbean
ECU,2016,5917.637713,8.685692613276197,Latin America & Caribbean
AUS,2012,68301.440251000007,11.131686132466859,East Asia & Pacific
AUT,2012,48250.405914,10.784159519457134,Europe & Central Asia
AZE,2012,7495.865277,8.922106851104667,Europe & Central Asia
BHS,2012,28552.024268,10.259483115127606,Latin America & Caribbean
BHR,2012,26438.673323,10.182583115815646,Middle East & North Africa
BGD,2012,859.680536,6.7565608504681265,South Asia
BRB,2012,19811.295308,9.894007524127426,Latin America & Caribbean
BLR,2012,6953.215917,8.84695955340659,Europe & Central Asia
BEL,2012,44874.170918,10.711617650255006,Europe & Central Asia
BLZ,2012,5732.665199,8.653935832284558,Latin America & Caribbean
BEN,2012,1071.525837,6.976838927548725,Sub-Saharan Africa
SAU,2008,22320.488896,10.013260320198011,Middle East & North Africa
SEN,2008,1398.79218,7.243364414667446,Sub-Saharan Africa
SRB,2008,7376.735179,8.906086432042848,Europe & Central Asia
SYC,2008,11265.437627,9.329494700491704,Sub-Saharan Africa
SLE,2008,705.359014,6.558706912910039,Sub-Saharan Africa
SGP,2008,40008.572049,10.596849011361845,East Asia & Pacific
SVK,2008,17973.843644,9.796672849170802,Europe & Central Asia
SVN,2008,27461.976417,10.220557651131056,Europe & Central Asia
SLB,2008,1525.846663,7.33030472383366,East Asia & Pacific
SOM,2008,507.037443,6.228584852935259,Sub-Saharan Africa
ZAF,2008,6184.754743,8.729842630523795,Sub-Saharan Africa
SSD,2008,1654.211535,7.411079760392725,Sub-Saharan Africa
MLT,2017,30317.261177,10.319472505102377,Middle East & North Africa
MHL,2017,4592.834576,8.432252667130262,East Asia & Pacific
MRT,2017,1617.934015,7.388905314957417,Sub-Saharan Africa
MUS,2017,10986.703409,9.304441039615483,Sub-Saharan Africa
MEX,2017,9649.278167,9.174638390188122,Latin America & Caribbean
FSM,2017,3297.3758,8.10088221898448,East Asia & Pacific
MDA,2017,3453.267277,8.147076098680563,Europe & Central Asia
MCO,2017,170663.470051,12.047448885008201,Europe & Central Asia
MNG,2017,3645.967087,8.20137692804482,East Asia & Pacific
MNE,2017,7674.285657,8.945630494117228,Europe & Central Asia
MAR,2017,3296.526611,8.10062465102191,Middle East & North Africa
GUM,2012,31653.750654,10.362611924627098,East Asia & Pacific
GTM,2012,3286.619593,8.097614836209369,Latin America & Caribbean
GIN,2012,699.353377,6.550156160983226,Sub-Saharan Africa
GNB,2012,635.461653,6.454351747345474,Sub-Saharan Africa
GUY,2012,5444.397519,8.602342380760216,Latin America & Caribbean
HTI,2012,1361.393966,7.2162644288018845,Latin America & Caribbean
HND,2012,2126.034747,7.662013902606528,Latin America & Caribbean
HKG,2012,36730.796196,10.511370815573054,East Asia & Pacific
HUN,2012,12950.159449,9.468863379715977,Europe & Central Asia
ISL,2012,46594.986915,10.749248237395594,Europe & Central Asia
IND,2012,1429.321995,7.264955481448453,South Asia
FIN,2007,48473.024009,10.788762716185637,Europe & Central Asia
FRA,2007,41486.190783,10.633115898627619,Europe & Central Asia
PYF,2007,24888.178134,10.122148195977124,East Asia & Pacific
GAB,2007,8003.542897,8.987639584752484,Sub-Saharan Africa
GMB,2007,724.726407,6.585794213977655,Sub-Saharan Africa
GEO,2007,2635.366503,7.876777541625882,Europe & Central Asia
DEU,2007,42350.921721,10.653745464211719,Europe & Central Asia
GHA,2007,1050.124615,6.956664117061923,Sub-Saharan Africa
GRC,2007,28440.762533,10.255578695547896,Europe & Central Asia
GRL,2007,39780.944137,10.591143286088107,Europe & Central Asia
GRD,2007,6864.548168,8.834125499284415,Latin America & Caribbean
GUM,2007,26605.432421,10.188870700271812,East Asia & Pacific
GTM,2007,2458.815739,7.80743510610233,Latin America & Caribbean
ARE,2008,50054.170069,10.820861099334548,Middle East & North Africa
GBR,2008,47652.403069,10.77168833947913,Europe & Central Asia
USA,2008,48570.059427,10.790762558872087,North America
URY,2008,9423.965626,9.15101125838896,Latin America & Caribbean
UZB,2008,1074.729288,6.979824083732216,Europe & Central Asia
VUT,2008,2603.608831,7.8646537735345445,East Asia & Pacific
VEN,2008,11262.451426,9.329229589010511,Latin America & Caribbean
VNM,2008,1163.831958,7.059473251890231,East Asia & Pacific
VIR,2008,39152.375066,10.575216365377067,Latin America & Caribbean
PSE,2008,2035.202341,7.618350523400645,Middle East & North Africa
YEM,2008,1071.635833,6.976941575894518,Middle East & North Africa
ZMB,2008,1375.50211,7.226574114351093,Sub-Saharan Africa
ZWE,2008,340.917448,5.831640359998953,Sub-Saharan Africa
TUR,2010,10698.969941,9.277902748619752,Europe & Central Asia
TKM,2010,4058.53937,8.308578426782491,Europe & Central Asia
TCA,2010,23093.849827,10.04732161980598,Latin America & Caribbean
TUV,2010,3024.817079,8.014605898884506,East Asia & Pacific
UGA,2010,823.488144,6.713549152428445,Sub-Saharan Africa
UKR,2010,3039.632324,8.019491841033073,Europe & Central Asia
ARE,2010,44795.284623,10.709858158912597,Middle East & North Africa
GBR,2010,39778.322053,10.591077370849655,Europe & Central Asia
USA,2010,48642.631209,10.792255610756705,North America
URY,2010,12641.057685,9.444705341810831,Latin America & Caribbean
UZB,2010,1956.781273,7.579056194670433,Europe & Central Asia
COM,2007,1289.736311,7.162193066383611,Sub-Saharan Africa
COD,2007,294.101615,5.683925336874352,Sub-Saharan Africa
COG,2007,2206.471019,7.699149694247637,Sub-Saharan Africa
CRI,2007,6137.711994,8.722207312280188,Latin America & Caribbean
CIV,2007,1367.538177,7.220767451273913,Sub-Saharan Africa
HRV,2007,13755.814905,9.529216915878612,Europe & Central Asia
CUB,2007,4807.43889,8.47791976599369,Latin America & Caribbean
CUW,2007,18005.716585,9.798444574513447,Latin America & Caribbean
CYP,2007,31244.878906,10.34961076672757,Europe & Central Asia
CZE,2007,18452.653281,9.822963448397404,Europe & Central Asia
DNK,2007,58631.656643,10.979030045451958,Europe & Central Asia
DJI,2007,969.57322,6.8768559952966575,Middle East & North Africa
NIC,2007,1350.381458,7.20814239300098,Latin America & Caribbean
NER,2007,387.168066,5.958858877827686,Sub-Saharan Africa
NGA,2007,1815.526975,7.504131048909803,Sub-Saharan Africa
MKD,2007,4204.113288,8.343818679302647,Europe & Central Asia
MNP,2007,15914.219304,9.674968284413096,East Asia & Pacific
NOR,2007,86600.238761,11.369057851602154,Europe & Central Asia
OMN,2007,18792.653772,9.841221315644194,Middle East & North Africa
PAK,2007,998.090114,6.905843566824331,South Asia
PLW,2007,10155.047081,9.225726110242045,East Asia & Pacific
PAN,2007,6317.817303,8.751129064039846,Latin America & Caribbean
PNG,2007,1370.753416,7.223115806347439,East Asia & Pacific
PRY,2007,3211.936217,8.07462921714844,Latin America & Caribbean
PAN,2010,8331.464214,9.027794495704494,Latin America & Caribbean
PNG,2010,1866.868899,7.532017920936912,East Asia & Pacific
PRY,2010,4750.962737,8.466102557965256,Latin America & Caribbean
PER,2010,5072.11494,8.531513157532215,Latin America & Caribbean
PHL,2010,2162.913759,7.679211554145706,East Asia & Pacific
POL,2010,12567.731768,9.43888783725067,Europe & Central Asia
PRT,2010,22551.935099,10.023576154951922,Europe & Central Asia
QAT,2010,77387.293638,11.256577881217568,Middle East & North Africa
ROU,2010,8399.537423,9.035931914624593,Europe & Central Asia
RUS,2010,10674.990234,9.275658923248631,Europe & Central Asia
BOL,2015,2996.012898,8.005037649701274,Latin America & Caribbean
BIH,2015,4662.258692,8.447255307545706,Europe & Central Asia
BWA,2015,6141.203947,8.722776084492804,Sub-Saharan Africa
BRA,2015,8936.196617,9.097865343304651,Latin America & Caribbean
BRN,2015,30625.128774,10.329576152703494,East Asia & Pacific
BGR,2015,7269.025865,8.891377567739413,Europe & Central Asia
BFA,2015,630.124751,6.445917817243026,Sub-Saharan Africa
BDI,2015,254.402585,5.538917992577865,Sub-Saharan Africa
CPV,2015,3415.062667,8.135951122348967,Sub-Saharan Africa
LBY,2015,7458.489178,8.917108149630943,Middle East & North Africa
LIE,2015,167187.15731,12.026869166335782,Europe & Central Asia
LTU,2015,14269.803988,9.565900974426999,Europe & Central Asia
LUX,2015,105462.012584,11.566106096763546,Europe & Central Asia
MAC,2015,69902.960574,11.154863281745579,East Asia & Pacific
MDG,2015,445.320069,6.098793279805253,Sub-Saharan Africa
MWI,2015,539.605363,6.290838063127799,Sub-Saharan Africa
MYS,2015,9648.679794,9.174576376061921,East Asia & Pacific
MDV,2015,9644.90655,9.174185236334882,South Asia
MLI,2015,838.119869,6.731161132018695,Sub-Saharan Africa
MLT,2015,25529.669321,10.147596557586036,Middle East & North Africa
MAC,2007,35400.233466,10.474473694184864,East Asia & Pacific
MDG,2007,419.548001,6.039177943675958,Sub-Saharan Africa
MWI,2007,475.180262,6.163694230990497,Sub-Saharan Africa
MYS,2007,7168.930319,8.877511734039977,East Asia & Pacific
MDV,2007,5758.102869,8.65836333641719,South Asia
MLI,2007,670.853395,6.508550625767508,Sub-Saharan Africa
MLT,2007,19444.174364,9.875302785621539,Middle East & North Africa
MHL,2007,2892.28404,7.969801794223438,East Asia & Pacific
MRT,2007,1405.150162,7.247899452925248,Sub-Saharan Africa
MUS,2007,6677.375386,8.806480283035366,Sub-Saharan Africa
MEX,2007,10134.332713,9.223684216856697,Latin America & Caribbean
FSM,2007,2302.511831,7.7417559064441654,East Asia & Pacific
AFG,2014,625.054942,6.43783955307279,South Asia
ALB,2014,4793.597511,8.475036454648732,Europe & Central Asia
DZA,2014,6094.693923,8.715173822934977,Middle East & North Africa
ASM,2014,12026.334493,9.394854065365378,East Asia & Pacific
AND,2014,44369.659689,10.700311174499053,Europe & Central Asia
AGO,2014,5649.687625,8.639355535001451,Sub-Saharan Africa
ATG,2014,15532.106206,9.65066452871126,Latin America & Caribbean
ARG,2014,12233.144412,9.411904302094543,Latin America & Caribbean
ESP,2007,32652.015595,10.39366186618353,Europe & Central Asia
LKA,2007,1578.634511,7.364315518811594,South Asia
KNA,2007,14757.957975,9.59953774000618,Latin America & Caribbean
LCA,2007,7964.382115,8.982734644319358,Latin America & Caribbean
VCT,2007,6398.191235,8.763770609872088,Latin America & Caribbean
SDN,2007,1444.372192,7.275430036933289,Sub-Saharan Africa
SUR,2007,5530.176156,8.617974948620244,Latin America & Caribbean
SWE,2007,53568.305779,10.888712862072849,Europe & Central Asia
CHE,2007,66082.123398,11.098653541425556,Europe & Central Asia
SYR,2007,1937.611991,7.569211561363494,Middle East & North Africa
TJK,2007,516.997211,6.248037479909739,Europe & Central Asia
TZA,2007,543.198303,6.297474452160078,Sub-Saharan Africa
MHL,2015,3764.344262,8.233328958265727,East Asia & Pacific
MRT,2015,1558.842055,7.351698552187102,Sub-Saharan Africa
MUS,2015,9630.543784,9.172694970903018,Sub-Saharan Africa
MEX,2015,10021.238611,9.212461980871547,Latin America & Caribbean
FSM,2015,2869.862762,7.962019489491877,East Asia & Pacific
MDA,2015,2749.551371,7.919193039534014,Europe & Central Asia
MCO,2015,170437.021129,12.046121129926497,Europe & Central Asia
MNG,2015,3838.92127,8.25294668684573,East Asia & Pacific
MNE,2015,6421.000057,8.76732915667117,Europe & Central Asia
MAR,2015,3146.247803,8.053965848157665,Middle East & North Africa
MOZ,2015,610.563775,6.414382751649286,Sub-Saharan Africa
YEM,2014,1430.16421,7.265544548829077,Middle East & North Africa
ZMB,2014,1707.485731,7.442777234748242,Sub-Saharan Africa
ZWE,2014,1372.915262,7.224691686456236,Sub-Saharan Africa
AFG,2011,606.694676,6.408025659567734,South Asia
ALB,2011,4465.709143,8.404183303320004,Europe & Central Asia
DZA,2011,5916.313644,8.685468838652561,Middle East & North Africa
ASM,2011,10383.459331,9.247969370080607,East Asia & Pacific
AND,2011,46657.15612,10.750581594725242,Europe & Central Asia
AGO,2011,5184.152692,8.553361692073645,Sub-Saharan Africa
ATG,2011,14911.727508,9.609903263421502,Latin America & Caribbean
ARG,2011,12704.283182,9.449694474013041,Latin America & Caribbean
ARM,2011,3349.553098,8.116582212337974,Europe & Central Asia
ABW,2011,25712.384302,10.154728034271944,Latin America & Caribbean
VUT,2011,3163.186165,8.05933507867133,East Asia & Pacific
VEN,2011,10843.92297,9.291360107125971,Latin America & Caribbean
VNM,2011,1950.925042,7.57605891958775,East Asia & Pacific
VIR,2011,38997.137316,10.571243520263867,Latin America & Caribbean
PSE,2011,2880.798437,7.965822769776896,Middle East & North Africa
YEM,2011,1186.475006,7.0787420103357785,Middle East & North Africa
ZMB,2011,1624.868178,7.393181970242564,Sub-Saharan Africa
ZWE,2011,1037.775652,6.944834905490567,Sub-Saharan Africa
CAN,2016,42314.103362,10.652875722277907,North America
CYM,2016,77802.254157,11.261925683487112,Latin America & Caribbean
CAF,2016,387.176203,5.958879894319513,Sub-Saharan Africa
TCD,2016,861.831768,6.7590600868834,Sub-Saharan Africa
CHL,2016,13649.852045,9.521483961360222,Latin America & Caribbean
CHN,2016,8254.868593,9.018558437753876,East Asia & Pacific
COL,2016,5959.842504,8.69279933420688,Latin America & Caribbean
COM,2016,1365.484034,7.219264248425044,Sub-Saharan Africa
COD,2016,459.765037,6.130715569855498,Sub-Saharan Africa
COG,2016,2093.107286,7.646404980568495,Sub-Saharan Africa
CRI,2016,12091.030156,9.400219147257648,Latin America & Caribbean
NRU,2013,8974.518869,9.10214460400866,East Asia & Pacific
NPL,2013,803.269595,6.688690392345171,South Asia
NLD,2013,52602.286052,10.870514858846036,Europe & Central Asia
NCL,2013,36671.156675,10.509745803382197,East Asia & Pacific
NZL,2013,42984.95718,10.668605500446597,East Asia & Pacific
NIC,2013,1835.439964,7.5150394941480805,Latin America & Caribbean
NER,2013,552.103334,6.31373522803286,Sub-Saharan Africa
NGA,2013,2872.790834,7.963039252291356,Sub-Saharan Africa
MKD,2013,5626.261157,8.63520040763117,Europe & Central Asia
MNP,2013,14632.85189,9.59102440939834,East Asia & Pacific
NOR,2013,106333.138369,11.574332259576815,Europe & Central Asia
OMN,2013,23458.023384,10.06296786392638,Middle East & North Africa
BFA,2017,709.091536,6.563984623981486,Sub-Saharan Africa
BDI,2017,246.060726,5.505578359127548,Sub-Saharan Africa
CPV,2017,3893.095714,8.266959933488545,Sub-Saharan Africa
KHM,2017,1826.353917,7.51007686329411,East Asia & Pacific
CMR,2017,1496.089518,7.3106099949794805,Sub-Saharan Africa
CAN,2017,45129.733528,10.717296588261181,North America
CYM,2017,80053.944451,11.290455992051621,Latin America & Caribbean
CAF,2017,432.324026,6.069175367274735,Sub-Saharan Africa
TCD,2017,854.4612,6.750471094854164,Sub-Saharan Africa
CHL,2017,14879.908623,9.607767167440809,Latin America & Caribbean
CHN,2017,8979.676527,9.102719139155251,East Asia & Pacific
BFA,2014,764.861675,6.639695000483709,Sub-Saharan Africa
BDI,2014,250.544492,5.5236365175280895,Sub-Saharan Africa
CPV,2014,3985.607065,8.290444917137819,Sub-Saharan Africa
KHM,2014,1431.563965,7.266522807437883,East Asia & Pacific
CMR,2014,1649.443391,7.40819317119522,Sub-Saharan Africa
CAN,2014,50960.894209,10.838813837364464,North America
CYM,2014,75845.306041,11.236451098102345,Latin America & Caribbean
CAF,2014,409.850486,6.015792424898019,Sub-Saharan Africa
TCD,2014,1278.789814,7.153669451874014,Sub-Saharan Africa
CHL,2014,14529.676721,9.583948507245927,Latin America & Caribbean
CHN,2014,7781.065975,8.95944862256826,East Asia & Pacific
NGA,2014,3088.721313,8.035512469683809,Sub-Saharan Africa
MKD,2014,5925.385922,8.687001098396939,Europe & Central Asia
MNP,2014,15945.417609,9.676926769693853,East Asia & Pacific
NOR,2014,100410.020201,11.517017284058603,Europe & Central Asia
OMN,2014,23160.650225,10.050210006638249,Middle East & North Africa
PAK,2014,1266.613408,7.144102009846606,South Asia
PLW,2014,13854.730278000001,9.536381989622923,East Asia & Pacific
PAN,2014,13213.198964,9.4889715305011,Latin America & Caribbean
PNG,2014,2723.175298,7.909553867391968,East Asia & Pacific
PRY,2014,6652.254789,8.802711142195047,Latin America & Caribbean
PER,2014,6667.134104,8.804945377010034,Latin America & Caribbean
PHL,2014,2866.838038,7.960964972484369,East Asia & Pacific
SEN,2014,1398.891376,7.243435327619577,Sub-Saharan Africa
SRB,2014,6886.678091,8.837344112910243,Europe & Central Asia
SYC,2014,15188.190218,9.62827344550292,Sub-Saharan Africa
SLE,2014,1117.758647,7.019080751161107,Sub-Saharan Africa
SGP,2014,57564.802311,10.960666588914428,East Asia & Pacific
SXM,2014,37134.912423,10.522312841759428,Latin America & Caribbean
SVK,2014,18770.92899,9.840064621696236,Europe & Central Asia
SVN,2014,24013.068206,10.08635346972241,Europe & Central Asia
SLB,2014,2164.952899,7.680153884541734,East Asia & Pacific
SOM,2014,429.431657,6.062462606527867,Sub-Saharan Africa
ZAF,2014,6856.731371,8.832986130638306,Sub-Saharan Africa
MNP,2017,31225.604996,10.348993710178377,East Asia & Pacific
NOR,2017,78771.215126,11.274302918832037,Europe & Central Asia
OMN,2017,17820.066181,9.788080414878735,Middle East & North Africa
PAK,2017,1519.234595,7.325961931092409,South Asia
PLW,2017,16280.2412,9.697707455171596,East Asia & Pacific
PAN,2017,15694.629745,9.661073878363831,Latin America & Caribbean
PNG,2017,2477.7653100000002,7.815112348260766,East Asia & Pacific
PRY,2017,6152.267115,8.724575929456156,Latin America & Caribbean
PER,2017,6736.166937,8.815246338423863,Latin America & Caribbean
PHL,2017,3038.12125,8.018994593485031,East Asia & Pacific
POL,2017,13913.341519,9.540603480295443,Europe & Central Asia
LBR,2017,699.269096,6.550035640969099,Sub-Saharan Africa
LBY,2017,9965.832367,9.206917758210219,Middle East & North Africa
LIE,2017,170547.092299,12.046766738736343,Europe & Central Asia
LTU,2017,16800.151025,9.729143154934278,Europe & Central Asia
LUX,2017,110193.213797,11.609990593015302,Europe & Central Asia
MAC,2017,77570.987617,11.258948765349206,East Asia & Pacific
MDG,2017,491.866849,6.198208047751008,Sub-Saharan Africa
MWI,2017,495.769683,6.20611147009132,Sub-Saharan Africa
MYS,2017,9862.548066,9.196499838754422,East Asia & Pacific
MDV,2017,10509.628806,9.260047145074127,South Asia
MLI,2017,924.057532,6.828774333772621,Sub-Saharan Africa
BDI,2013,234.84477,5.4589247426912895,Sub-Saharan Africa
CPV,2013,3960.975968,8.284245730448752,Sub-Saharan Africa
KHM,2013,1305.660097,7.1744640133281825,East Asia & Pacific
CMR,2013,1575.928821,7.362600105057783,Sub-Saharan Africa
CAN,2013,52637.731322,10.871188467084131,North America
CYM,2013,75113.73324,11.226758687079542,Latin America & Caribbean
CAF,2013,364.366963,5.898161499914672,Sub-Saharan Africa
TCD,2013,1304.88743,7.173872055499741,Sub-Saharan Africa
CHL,2013,15683.548637,9.66036758443397,Latin America & Caribbean
CHN,2013,7147.035186,8.874452890392414,East Asia & Pacific
COL,2013,8279.102556,9.021489854548493,Latin America & Caribbean
SWZ,2014,3771.072284,8.235114665464993,Sub-Saharan Africa
ETH,2014,549.986577,6.309893872474153,Sub-Saharan Africa
FRO,2014,60173.305785,11.004984107456414,Europe & Central Asia
FJI,2014,5293.356767,8.57420787313833,East Asia & Pacific
FIN,2014,50073.776082,10.821252718537862,Europe & Central Asia
FRA,2014,43148.045929,10.672392409947335,Europe & Central Asia
PYF,2014,22258.632138,10.010485173615303,East Asia & Pacific
GAB,2014,9201.362766,9.12710687880658,Sub-Saharan Africa
GMB,2014,568.004536,6.342129404604757,Sub-Saharan Africa
GEO,2014,4830.334862,8.482671073850057,Europe & Central Asia
DEU,2014,48959.59912,10.79875072924419,Europe & Central Asia
GHA,2014,1949.908329,7.575537639683521,Sub-Saharan Africa
NLD,2016,46808.529149,10.753820712074317,Europe & Central Asia
NCL,2016,30782.854443,10.334713140032637,East Asia & Pacific
NZL,2016,40088.320547,10.598840312691209,East Asia & Pacific
NIC,2016,2131.687048,7.664668986518828,Latin America & Caribbean
NER,2016,499.91052,6.214429122406941,Sub-Saharan Africa
NGA,2016,2070.412734,7.6355032547899855,Sub-Saharan Africa
MKD,2016,5598.486226,8.630251523395359,Europe & Central Asia
MNP,2016,24225.474169,10.09516001010714,East Asia & Pacific
NOR,2016,73222.400686,11.201256673435287,Europe & Central Asia
OMN,2016,17110.189746,9.74742945659681,Middle East & North Africa
PAK,2016,1424.691612,7.261710656650579,South Asia
PLW,2016,17043.666067,9.743533922019983,East Asia & Pacific
EGY,2016,3270.628777,8.092737531950954,Middle East & North Africa
SLV,2016,3901.34015,8.269075401296217,Latin America & Caribbean
GNQ,2016,7453.197979,8.916398478194523,Sub-Saharan Africa
EST,2016,18666.373652,9.834478983711689,Europe & Central Asia
SWZ,2016,3238.17612,8.082765524358164,Sub-Saharan Africa
ETH,2016,641.651523,6.464045357255798,Sub-Saharan Africa
FRO,2016,56876.430236,10.948636302943664,Europe & Central Asia
FJI,2016,5363.790267,8.587426143525283,East Asia & Pacific
FIN,2016,43451.256244,10.679395042680646,Europe & Central Asia
FRA,2016,37024.215713,10.519327456278289,Europe & Central Asia
PYF,2016,19690.077573,9.887870111341002,East Asia & Pacific
RWA,2016,721.258516,6.5809976250316335,Sub-Saharan Africa
WSM,2016,4147.070977,8.330157575363963,East Asia & Pacific
SMR,2016,44359.457421,10.700081210122594,Europe & Central Asia
STP,2016,1434.870181,7.2688296578993175,Sub-Saharan Africa
SAU,2016,22267.721705,10.010893451695216,Middle East & North Africa
SEN,2016,1266.439572,7.1439647557096855,Sub-Saharan Africa
SRB,2016,5982.370301,8.696572139814966,Europe & Central Asia
SYC,2016,16566.994604,9.715167718230752,Sub-Saharan Africa
SLE,2016,844.416411,6.738645750887154,Sub-Saharan Africa
SGP,2016,57204.034011,10.954379699548975,East Asia & Pacific
SXM,2016,37308.61478,10.526979538214254,Latin America & Caribbean
IRQ,2007,3128.990103,8.04846558067251,Middle East & North Africa
IRL,2007,61396.417461,11.025106764892234,Europe & Central Asia
IMN,2007,55040.243705,10.915819900377219,Europe & Central Asia
ISR,2007,25688.90161,10.153814333642979,Middle East & North Africa
ITA,2007,37826.175455,10.540756614313823,Europe & Central Asia
JAM,2007,4716.486125,8.458819336285517,Latin America & Caribbean
JPN,2007,36129.953513,10.494877537481573,East Asia & Pacific
JOR,2007,2506.205995,7.826525332795995,Middle East & North Africa
KAZ,2007,6449.439311,8.771748477484183,Europe & Central Asia
KEN,2007,840.201439,6.73364167142127,Sub-Saharan Africa
KIR,2007,1352.57814,7.209767783543437,East Asia & Pacific
LBN,2014,7577.64133,8.932957260028234,Middle East & North Africa
LSO,2014,1173.537793,7.067778220141052,Sub-Saharan Africa
LBR,2014,706.71449,6.560626751236433,Sub-Saharan Africa
LBY,2014,8926.420746,9.09677078120579,Middle East & North Africa
LIE,2014,178735.153021,12.093660397084202,Europe & Central Asia
LTU,2014,16446.164718,9.707847581168389,Europe & Central Asia
LUX,2014,123678.706919,11.725442408713231,Europe & Central Asia
MAC,2014,88355.318176,11.389121670344833,East Asia & Pacific
MDG,2014,505.684923,6.2259137935224445,Sub-Saharan Africa
MWI,2014,529.513344,6.271958365857063,Sub-Saharan Africa
MYS,2014,11013.310733,9.306859886876321,East Asia & Pacific
MDV,2014,8939.074166,9.098187301954653,South Asia
ARG,2009,8150.23527,9.005802073302913,Latin America & Caribbean
ARM,2009,2820.592655,7.944702303198874,Europe & Central Asia
ABW,2009,25134.77123,10.132007474434172,Latin America & Caribbean
AUS,2009,42954.849488,10.667904831120028,East Asia & Pacific
AUT,2009,47857.444664,10.775981968143945,Europe & Central Asia
AZE,2009,4950.39949,8.507223557356763,Europe & Central Asia
BHS,2009,27512.913095,10.222410740533446,Latin America & Caribbean
BHR,2009,19465.314075,9.876389395285562,Middle East & North Africa
BGD,2009,679.211477,6.520932532675337,South Asia
BRB,2009,16294.909949,9.698608064959982,Latin America & Caribbean
BLR,2009,5352.488092,8.585316795706575,Europe & Central Asia
NLD,2009,53172.026158,10.88128771293802,Europe & Central Asia
NCL,2009,33836.49408,10.429295205516135,East Asia & Pacific
NZL,2009,28276.725542,10.24979432624868,East Asia & Pacific
NIC,2009,1467.082881,7.2910312734796054,Latin America & Caribbean
NER,2009,461.131534,6.133683325510135,Sub-Saharan Africa
NGA,2009,1820.486339,7.506858963604911,Sub-Saharan Africa
MKD,2009,4799.787228,8.476326868413489,Europe & Central Asia
MNP,2009,14369.633981,9.572872507697877,East Asia & Pacific
NOR,2009,81939.726548,11.313739213872935,Europe & Central Asia
OMN,2009,20655.918025,9.935757144497991,Middle East & North Africa
PAK,2009,963.788066,6.870871421892593,South Asia
PLW,2009,9837.498831,9.193956773894648,East Asia & Pacific
PAN,2009,7796.92617,8.96148485423822,Latin America & Caribbean
GNB,2010,600.194299,6.397253434460656,Sub-Saharan Africa
GUY,2010,4581.761797,8.42983887497505,Latin America & Caribbean
HTI,2010,1209.727335,7.098150270222037,Latin America & Caribbean
HND,2010,1893.327227,7.54609099786583,Latin America & Caribbean
HKG,2010,32550.136489,10.390536840838369,East Asia & Pacific
HUN,2010,13189.843387,9.487202372024493,Europe & Central Asia
ISL,2010,43776.46774,10.686851685775286,Europe & Central Asia
IND,2010,1347.519391,7.206020693032117,South Asia
IDN,2010,3065.683484,8.028025819921401,East Asia & Pacific
IRN,2010,6291.194437,8.746906226261384,Middle East & North Africa
GTM,2011,3168.983706,8.061166217992628,Latin America & Caribbean
GIN,2011,636.694959,6.456290669605113,Sub-Saharan Africa
GNB,2011,719.539573,6.578611525509867,Sub-Saharan Africa
GUY,2011,4947.221706,8.506581426475764,Latin America & Caribbean
HTI,2011,1312.039536,7.1793381031963515,Latin America & Caribbean
HND,2011,2073.661211,7.6370710249159455,Latin America & Caribbean
HKG,2011,35142.487934,10.46716615986091,East Asia & Pacific
HUN,2011,14211.460558,9.561803999623468,Europe & Central Asia
ISL,2011,48254.953927,10.784253773558893,Europe & Central Asia
IND,2011,1445.461275,7.276183771059492,South Asia
IDN,2011,3579.464425,8.18296846624795,East Asia & Pacific
KOR,2009,19937.302914,9.90034777428712,East Asia & Pacific
KWT,2009,37907.100132,10.542893712100035,Middle East & North Africa
KGZ,2009,870.198895,6.768721800462744,Europe & Central Asia
LAO,2009,935.032373,6.840581152218718,East Asia & Pacific
LVA,2009,11996.032273,9.39233123017872,Europe & Central Asia
LBN,2009,7090.854939,8.866561196036505,Middle East & North Africa
LSO,2009,878.847951,6.77861190320031,Sub-Saharan Africa
LBR,2009,448.386367,6.105655287078355,Sub-Saharan Africa
LBY,2009,9551.054039,9.164406797960309,Middle East & North Africa
LIE,2009,126024.714567,11.74423331405638,Europe & Central Asia
LTU,2009,11854.371105,9.380451948167858,Europe & Central Asia
MUS,2012,9421.525141,9.150752259030035,Sub-Saharan Africa
MEX,2012,10744.133524,9.28211516589949,Latin America & Caribbean
FSM,2012,3003.058671,8.007386605255014,East Asia & Pacific
MDA,2012,3044.808432,8.021193265849664,Europe & Central Asia
MCO,2012,165444.625783,12.0163918303985,Europe & Central Asia
MNG,2012,4328.890019,8.373066441482846,East Asia & Pacific
MNE,2012,6552.479703,8.787598837596427,Europe & Central Asia
MAR,2012,3164.177246,8.059648346913955,Middle East & North Africa
MOZ,2012,685.685748,6.5304194294746365,Sub-Saharan Africa
MMR,2012,1202.665896,7.092295951715973,East Asia & Pacific
NAM,2012,5942.64681,8.689909904019633,Sub-Saharan Africa
UKR,2014,3054.908203,8.024504823036402,Europe & Central Asia
ARE,2014,52725.230798,10.872849382729523,Middle East & North Africa
GBR,2014,47746.981065,10.773671120140536,Europe & Central Asia
USA,2014,55153.394018,10.917873564365559,North America
URY,2014,18322.427677,9.815881144568856,Latin America & Caribbean
UZB,2014,3021.003317,8.013344279366871,Europe & Central Asia
VUT,2014,3378.36412,8.125146883151308,East Asia & Pacific
VEN,2014,7101.150064,8.868012030756997,Latin America & Caribbean
VNM,2014,2546.384645,7.842429845868018,East Asia & Pacific
VIR,2014,33045.36438,10.40563657462542,Latin America & Caribbean
PSE,2014,3352.112595,8.117346051431623,Middle East & North Africa
GIN,2008,703.532826,6.556114536446664,Sub-Saharan Africa
GNB,2008,640.210331,6.461796764550202,Sub-Saharan Africa
GUY,2008,4008.962867,8.296287850190032,Latin America & Caribbean
HTI,2008,1094.660584,6.998199625250525,Latin America & Caribbean
HND,2008,1732.490627,7.457315320948413,Latin America & Caribbean
HKG,2008,31515.52921,10.358235694127337,East Asia & Pacific
HUN,2008,15762.632252,9.665397370531394,Europe & Central Asia
ISL,2008,57489.33998,10.959354817946112,Europe & Central Asia
IND,2008,992.519585,6.900246745364133,South Asia
IDN,2008,2124.554839,7.661317571883528,East Asia & Pacific
IRN,2008,5377.411507,8.589962404846556,Middle East & North Africa
KOR,2011,26175.239855,10.172569199211557,East Asia & Pacific
KWT,2011,49169.606381,10.803030955106504,Middle East & North Africa
KGZ,2011,1117.401744,7.018761397789895,Europe & Central Asia
LAO,2011,1361.547044,7.216376864583341,East Asia & Pacific
LVA,2011,12902.574053,9.465182109436755,Europe & Central Asia
LBN,2011,7834.962571,8.966351377624914,Middle East & North Africa
LSO,2011,1280.733909,7.1551885590082,Sub-Saharan Africa
LBR,2011,568.087866,6.3422761004192925,Sub-Saharan Africa
LBY,2011,7593.839153,8.9350925597668,Middle East & North Africa
LIE,2011,158066.369379,11.970770283169628,Europe & Central Asia
PYF,2010,22494.806706,10.021039748484409,East Asia & Pacific
GAB,2010,8356.74662,9.03082447004915,Sub-Saharan Africa
GMB,2010,801.033373,6.68590261037022,Sub-Saharan Africa
GEO,2010,3281.729309,8.096125790795812,Europe & Central Asia
DEU,2010,42396.966598,10.654832096160762,Europe & Central Asia
GHA,2010,1263.892518,7.141951537863425,Sub-Saharan Africa
GRC,2010,26653.048801,10.190658824589095,Europe & Central Asia
GRL,2010,44277.19934,10.698225135951457,Europe & Central Asia
GRD,2010,6909.601696,8.840667273421644,Latin America & Caribbean
GUM,2010,29719.796784,10.299568661123258,East Asia & Pacific
GTM,2010,2805.259602,7.939251363406955,Latin America & Caribbean
GIN,2010,659.235326,6.491080566358441,Sub-Saharan Africa
ETH,2017,696.348429,6.545850151447156,Sub-Saharan Africa
FRO,2017,59388.536597,10.991856500143937,Europe & Central Asia
FJI,2017,5826.848145,8.670231506223432,East Asia & Pacific
FIN,2017,46085.017474,10.73824317559662,Europe & Central Asia
FRA,2017,38687.162641,10.56326310928554,Europe & Central Asia
PYF,2017,20826.931249,9.944002199782048,East Asia & Pacific
GAB,2017,6921.733731,8.84242155639387,Sub-Saharan Africa
GMB,2017,642.522641,6.465402055059005,Sub-Saharan Africa
GEO,2017,4418.752065,8.393612596971506,Europe & Central Asia
DEU,2017,45553.93415,10.7266522688816,Europe & Central Asia
GHA,2017,2012.286626,7.607026979323914,Sub-Saharan Africa
GRC,2017,18631.993013,9.832635436564107,Europe & Central Asia
NLD,2010,51305.733853,10.845557795926592,Europe & Central Asia
NCL,2010,35798.908476,10.48567268242677,East Asia & Pacific
NZL,2010,33761.900964,10.427088255300003,East Asia & Pacific
NIC,2010,1526.56707,7.330776748320765,Latin America & Caribbean
NER,2010,474.425692,6.162105003046767,Sub-Saharan Africa
NGA,2010,2202.25673,7.697237899950726,Sub-Saharan Africa
MKD,2010,4833.365868,8.483298371028246,Europe & Central Asia
MNP,2010,14771.403746,9.600448411361443,East Asia & Pacific
NOR,2010,90020.342258,11.40779094886147,Europe & Central Asia
OMN,2010,23570.179815,10.06773762487859,Middle East & North Africa
PAK,2010,987.304571,6.894978574405127,South Asia
PLW,2010,10018.065238,9.212145265974618,East Asia & Pacific
FRO,2009,47060.159255,10.759182046359776,Europe & Central Asia
FJI,2009,3164.132754,8.059634285655893,East Asia & Pacific
FIN,2009,47478.349531,10.768029086767266,Europe & Central Asia
FRA,2009,41728.088416,10.638929764149111,Europe & Central Asia
PYF,2009,24434.219756,10.103739877784573,East Asia & Pacific
GAB,2009,7290.575261,8.894337732863333,Sub-Saharan Africa
GMB,2009,774.888031,6.6527185427866335,Sub-Saharan Africa
GEO,2009,2822.689397,7.945445396341185,Europe & Central Asia
DEU,2009,42471.886863,10.656597650457925,Europe & Central Asia
GHA,2009,1047.704301,6.954356669533274,Sub-Saharan Africa
GRC,2009,29425.45732,10.289615473893855,Europe & Central Asia
GRL,2009,44918.841383,10.71261261562125,Europe & Central Asia
GRD,2009,6932.564722,8.843985113472318,Latin America & Caribbean
COM,2013,1603.326535,7.3798358342979675,Sub-Saharan Africa
COD,2013,460.370335,6.132031241670175,Sub-Saharan Africa
COG,2013,3697.417059,8.215389762690359,Sub-Saharan Africa
CRI,2013,10803.24018,9.287601384782977,Latin America & Caribbean
CIV,2013,1786.15862,7.4878225704827255,Sub-Saharan Africa
HRV,2013,14135.090349,9.55641566197143,Europe & Central Asia
CUB,2013,6828.364282,8.828840433692143,Latin America & Caribbean
CUW,2013,19721.292165,9.889454151618438,Latin America & Caribbean
CYP,2013,27764.726563,10.231521665365012,Europe & Central Asia
CZE,2013,20260.4955,9.916428234561849,Europe & Central Asia
DNK,2013,61377.594059,11.024800129930739,Europe & Central Asia
DJI,2013,2075.944984,7.638171742971232,Middle East & North Africa
BFA,2009,601.569521,6.399542108120822,Sub-Saharan Africa
BDI,2009,198.431524,5.290444073357946,Sub-Saharan Africa
CPV,2009,3659.720464,8.205142047522337,Sub-Saharan Africa
KHM,2009,875.748936,6.775079447118252,East Asia & Pacific
CMR,2009,1461.389992,7.287143311105941,Sub-Saharan Africa
CAN,2009,40874.961232,10.618272959746506,North America
CYM,2009,81373.571152,11.306805820548725,Latin America & Caribbean
CAF,2009,456.471674,6.123526647726467,Sub-Saharan Africa
TCD,2009,1035.637197,6.942772165540562,Sub-Saharan Africa
CHL,2009,10098.801717,9.220172053909659,Latin America & Caribbean
CHN,2009,3898.244592,8.268281626174865,East Asia & Pacific
SSD,2014,1242.734502,7.125069474166787,Sub-Saharan Africa
ESP,2014,29707.765509,10.299163755564283,Europe & Central Asia
LKA,2014,3972.04377,8.287036044741809,South Asia
KNA,2014,20219.395424,9.914397592226363,Latin America & Caribbean
LCA,2014,10044.821838,9.21481254070548,Latin America & Caribbean
MAF,2014,20638.770588,9.934926653286578,Latin America & Caribbean
VCT,2014,7168.828753,8.877497566414549,Latin America & Caribbean
SDN,2014,1275.438354,7.151045205563246,Sub-Saharan Africa
SUR,2014,9108.189054,9.116929183885205,Latin America & Caribbean
SWE,2014,59583.458449,10.995133271729296,Europe & Central Asia
CHE,2014,90511.648456,11.413233833626304,Europe & Central Asia
SYR,2014,1060.591059,6.966581634533609,Middle East & North Africa
TJK,2014,1081.544029,6.986144955613909,Europe & Central Asia
ROU,2012,8929.953662,9.097166484831325,Europe & Central Asia
RUS,2012,15401.851563,9.642243012538145,Europe & Central Asia
RWA,2012,697.760144,6.5478754104691195,Sub-Saharan Africa
WSM,2012,3934.603208,8.2775653191724885,East Asia & Pacific
SMR,2012,47945.891756,10.77782839897681,Europe & Central Asia
STP,2012,1210.792648,7.099030505110629,Sub-Saharan Africa
SAU,2012,28733.437551,10.265816795042062,Middle East & North Africa
SEN,2012,1326.837988,7.190553937956367,Sub-Saharan Africa
SRB,2012,6263.040861,8.742421106693817,Europe & Central Asia
SYC,2012,12337.155467,9.420370757678048,Sub-Saharan Africa
SLE,2012,937.504428,6.843221481033412,Sub-Saharan Africa
SGP,2012,55547.555308,10.924994785242472,East Asia & Pacific
MDA,2007,1531.216186,7.333817591436968,Europe & Central Asia
MCO,2007,184558.455424,12.125721523848593,Europe & Central Asia
MNG,2007,1627.687877,7.394915806437051,East Asia & Pacific
MNE,2007,5979.438132,8.69608188467083,Europe & Central Asia
MAR,2007,2755.585938,7.921385380643167,Middle East & North Africa
MOZ,2007,507.874924,6.230235204664758,Sub-Saharan Africa
MMR,2007,419.375781,6.038767370019294,East Asia & Pacific
NAM,2007,4379.043137,8.384585517632075,Sub-Saharan Africa
NRU,2007,2272.152913,7.728483080833322,East Asia & Pacific
NPL,2007,385.449768,5.9544108810112,South Asia
NLD,2007,52100.799629,10.86093557558913,Europe & Central Asia
NCL,2007,35177.653526,10.468166316976674,East Asia & Pacific
NZL,2007,32479.981738,10.388379232021762,East Asia & Pacific
KWT,2016,27323.689074,10.215509336559943,Middle East & North Africa
KGZ,2016,1103.274894,7.0060382121371,Europe & Central Asia
LAO,2016,2303.22156,7.742064100143351,East Asia & Pacific
LVA,2016,13838.526682,9.535211769892356,Europe & Central Asia
LBN,2016,8089.012088,8.998261887391914,Middle East & North Africa
LSO,2016,992.491841,6.900218791872644,Sub-Saharan Africa
LBR,2016,714.613063,6.57174122557896,Sub-Saharan Africa
LBY,2016,7525.802993,8.926092793957189,Middle East & North Africa
LIE,2016,165375.491396,12.015973872817225,Europe & Central Asia
LTU,2016,14934.270284,9.611413869998898,Europe & Central Asia
LUX,2016,106899.29355,11.579642488478672,Europe & Central Asia
BLZ,2014,6128.120531,8.720643380123864,Latin America & Caribbean
BEN,2014,1204.399187,7.093736121582443,Sub-Saharan Africa
BMU,2014,100961.576603,11.522495293768403,North America
BTN,2014,2849.499986,7.954898814361911,South Asia
BOL,2014,3041.435032,8.020084733019717,Latin America & Caribbean
BIH,2014,5206.065735,8.55757971225159,Europe & Central Asia
BWA,2014,7122.364234,8.870995004624929,Sub-Saharan Africa
BRA,2014,12274.993969,9.415319461338772,Latin America & Caribbean
BRN,2014,41026.508425,10.62197368371623,East Asia & Pacific
BGR,2014,8070.012893,8.995910358908318,Europe & Central Asia
NRU,2012,9842.770327,9.19449248771886,East Asia & Pacific
NPL,2012,788.202937,6.669755590965583,South Asia
NLD,2012,50473.9442,10.829212525676484,Europe & Central Asia
NCL,2012,35559.567201,10.478964518603268,East Asia & Pacific
NZL,2012,40041.752482,10.597678000753072,East Asia & Pacific
NIC,2012,1784.69836,7.4870046939396,Latin America & Caribbean
NER,2012,528.510104,6.2700619233867645,Sub-Saharan Africa
NGA,2012,2633.197347,7.875954108073846,Sub-Saharan Africa
MKD,2012,5049.826539,8.527109172966604,Europe & Central Asia
MNP,2012,14013.600331,9.54778358925735,East Asia & Pacific
NOR,2012,104627.936947,11.558165878575805,Europe & Central Asia
OMN,2012,24642.297877,10.11221967129433,Middle East & North Africa
MDA,2008,2110.553054,7.654705303025525,Europe & Central Asia
MCO,2008,204263.893237,12.227168031153129,Europe & Central Asia
MNG,2008,2127.426786,7.662668446694395,East Asia & Pacific
MNE,2008,7390.014813,8.907885018405732,Europe & Central Asia
MAR,2008,3183.200439,8.065642397024245,Middle East & North Africa
MOZ,2008,592.159111,6.383775367353282,Sub-Saharan Africa
MMR,2008,658.442487,6.489877177961283,East Asia & Pacific
NAM,2008,4204.785554,8.343978573246922,Sub-Saharan Africa
NRU,2008,3756.845312,8.231334871449775,East Asia & Pacific
NPL,2008,464.817392,6.141644623082063,South Asia
NLD,2008,58246.702691,10.972442763662668,Europe & Central Asia
NCL,2008,35723.903319,10.483575304468237,East Asia & Pacific
NZL,2008,31324.739798,10.352163473201438,East Asia & Pacific
ABW,2013,25813.571441,10.1586556574521,Latin America & Caribbean
AUS,2013,68476.67885,11.134248511537917,East Asia & Pacific
AUT,2013,50305.354577,10.825866803245193,Europe & Central Asia
AZE,2013,7875.345367,8.971492318859166,Europe & Central Asia
BHS,2013,27642.741976,10.227118476145087,Latin America & Caribbean
BHR,2013,26989.760115,10.2032128180511,Middle East & North Africa
BGD,2013,958.26299,6.865122260130171,South Asia
BRB,2013,20384.491023,9.922529646729723,Latin America & Caribbean
BLR,2013,7998.080205,8.986956817488515,Europe & Central Asia
BEL,2013,46964.594678,10.757149292092215,Europe & Central Asia
BLZ,2013,5957.349536,8.692380952422312,Latin America & Caribbean
MEX,2009,8423.569331,9.0387889284566,Latin America & Caribbean
FSM,2009,2565.836398,7.850039785543603,East Asia & Pacific
MDA,2009,1898.439757,7.548787647274789,Europe & Central Asia
MCO,2009,169150.337647,12.038543170346383,Europe & Central Asia
MNG,2009,1703.327568,7.4403390097881,East Asia & Pacific
MNE,2009,6726.675897,8.813836377438747,Europe & Central Asia
MAR,2009,3119.588623,8.045456420507778,Middle East & North Africa
MOZ,2009,547.697144,6.305722477242576,Sub-Saharan Africa
MMR,2009,758.442936,6.631267563262355,East Asia & Pacific
NAM,2009,4302.913741,8.367047686390867,Sub-Saharan Africa
NRU,2009,4410.567647,8.391758678298013,East Asia & Pacific
NPL,2009,473.078751,6.159261867234001,South Asia
LIE,2013,172823.607795,12.060026745204569,Europe & Central Asia
LTU,2013,15636.525259,9.657364819275195,Europe & Central Asia
LUX,2013,120000.14073,11.695248194513495,Europe & Central Asia
MAC,2013,87107.831306,11.374902070463536,East Asia & Pacific
MDG,2013,515.301589,6.244752338970022,Sub-Saharan Africa
MWI,2013,496.947368,6.208484121092513,Sub-Saharan Africa
MYS,2013,10713.640764,9.27927304629132,East Asia & Pacific
MDV,2013,8236.081779,9.01627999755443,South Asia
MLI,2013,901.920958,6.804526886511164,Sub-Saharan Africa
MLT,2013,25415.552539,10.14311657030964,Middle East & North Africa
MHL,2013,3677.906908,8.210099094349117,East Asia & Pacific
MRT,2013,1936.269504,7.568518464759752,Sub-Saharan Africa
GIN,2007,650.148575,6.477200913693035,Sub-Saharan Africa
GNB,2007,519.06979,6.252038344260465,Sub-Saharan Africa
GUY,2007,3608.286852,8.190988382456794,Latin America & Caribbean
HTI,2007,984.566983,6.892201933347258,Latin America & Caribbean
HND,2007,1577.737892,7.363747386215286,Latin America & Caribbean
HKG,2007,30593.951174,10.328557594348094,East Asia & Pacific
HUN,2007,13934.60546,9.542130626633996,Europe & Central Asia
ISL,2007,70483.011723,11.163126991294709,Europe & Central Asia
IND,2007,1021.887077,6.9294062724867285,South Asia
IDN,2007,1823.219763,7.508359317605064,East Asia & Pacific
IRN,2007,4687.991663,8.45275955288496,Middle East & North Africa
SUR,2011,7949.888672,8.980913204028315,Latin America & Caribbean
SWE,2011,60379.48146,11.008404615280925,Europe & Central Asia
CHE,2011,91910.396457,11.428569429877832,Europe & Central Asia
SYR,2011,2952.143729,7.990286873220744,Middle East & North Africa
TJK,2011,833.601978,6.725756043836978,Europe & Central Asia
TZA,2011,775.392761,6.6533696893665795,Sub-Saharan Africa
THA,2011,5373.623283,8.589257686792754,East Asia & Pacific
TLS,2011,939.045241,6.8448636580263456,East Asia & Pacific
TGO,2011,834.14672,6.726409310147456,Sub-Saharan Africa
TON,2011,3849.993758,8.255826805981814,East Asia & Pacific
TTO,2011,19151.087023,9.860114756600932,Latin America & Caribbean
ECU,2010,4520.30959,8.416335763843545,Latin America & Caribbean
EGY,2010,2455.081946,7.805915418897616,Middle East & North Africa
SLV,2010,3040.07301,8.019636810559245,Latin America & Caribbean
GNQ,2010,13720.165872,9.526621991002713,Sub-Saharan Africa
ERI,2010,539.699512,6.291012525418148,Sub-Saharan Africa
EST,2010,14663.704102,9.593130610783492,Europe & Central Asia
SWZ,2010,3922.740394,8.274545768643877,Sub-Saharan Africa
ETH,2010,330.619413,5.8009679041711095,Sub-Saharan Africa
FRO,2010,47924.136476,10.777374549514686,Europe & Central Asia
FJI,2010,3449.144529,8.145881516668899,East Asia & Pacific
FIN,2010,46506.291902,10.747342892142344,Europe & Central Asia
FRA,2010,40694.82117,10.613856119354141,Europe & Central Asia
PLW,2011,10795.639901,9.286897618727961,East Asia & Pacific
PAN,2011,9662.295922,9.175986572051677,Latin America & Caribbean
PNG,2011,2288.375911,7.735597635770187,East Asia & Pacific
PRY,2011,5805.401545,8.66654406400499,Latin America & Caribbean
PER,2011,5861.357936,8.676136585418712,Latin America & Caribbean
PHL,2011,2383.918925,7.776501019637157,East Asia & Pacific
POL,2011,13867.666941,9.537315290147898,Europe & Central Asia
PRT,2011,23246.542542,10.053911692086423,Europe & Central Asia
QAT,2011,103261.510293,11.545019984445215,Middle East & North Africa
ROU,2011,9560.675528,9.165413665473697,Europe & Central Asia
SAU,2007,18596.150263,9.830709863171462,Middle East & North Africa
SEN,2007,1188.938778,7.080816405037103,Sub-Saharan Africa
SRB,2007,6081.087657,8.712938849915082,Europe & Central Asia
SYC,2007,12669.302669,9.446937233836847,Sub-Saharan Africa
SLE,2007,631.889926,6.4487152112563795,Sub-Saharan Africa
SGP,2007,39432.88602,10.58235541770064,East Asia & Pacific
SVK,2007,14330.206494,9.570124930627678,Europe & Central Asia
SVN,2007,23725.1596,10.07429135053664,Europe & Central Asia
SLB,2007,1390.14871,7.2371660060136955,East Asia & Pacific
SOM,2007,479.635628,6.173026707299979,Sub-Saharan Africa
ZAF,2007,6591.85536,8.79359012960101,Sub-Saharan Africa
DNK,2017,57521.551499,10.959914965240475,Europe & Central Asia
DJI,2017,2618.955211,7.870530742795996,Middle East & North Africa
DMA,2017,8224.648966,9.014890895817027,Latin America & Caribbean
DOM,2017,7412.715716,8.91095214453515,Latin America & Caribbean
ECU,2017,6233.322448,8.737664767862883,Latin America & Caribbean
EGY,2017,2395.103333,7.781181654216998,Middle East & North Africa
SLV,2017,4020.126714,8.299068702011816,Latin America & Caribbean
GNQ,2017,7809.104657,8.963045595673009,Sub-Saharan Africa
EST,2017,20851.52235,9.945182238950016,Europe & Central Asia
SWZ,2017,3853.099566,8.25663318545501,Sub-Saharan Africa
PRT,2017,21442.384277,9.97312481595133,Europe & Central Asia
QAT,2017,63279.855695,11.055322322018581,Middle East & North Africa
ROU,2017,10727.982201,9.280610765843807,Europe & Central Asia
RUS,2017,10658.913086,9.27415173060767,Europe & Central Asia
RWA,2017,751.04904,6.621470949232741,Sub-Saharan Africa
WSM,2017,4307.59382,8.368134748780097,East Asia & Pacific
SMR,2017,45192.053005,10.718676531888992,Europe & Central Asia
STP,2017,1555.794778,7.349741805294486,Sub-Saharan Africa
SAU,2017,23929.290714,10.082858540429713,Middle East & North Africa
SEN,2017,1354.770072,7.211387030354183,Sub-Saharan Africa
COM,2008,1455.027686,7.2827802076032535,Sub-Saharan Africa
COD,2008,352.900363,5.866185759300701,Sub-Saharan Africa
COG,2008,2832.091778,7.948770861774375,Sub-Saharan Africa
CRI,2008,6937.242617,8.844659657114207,Latin America & Caribbean
CIV,2008,1583.970667,7.367690053894824,Sub-Saharan Africa
HRV,2008,15888.118439,9.673326840877007,Europe & Central Asia
CUB,2008,4986.124365,8.514414206612388,Latin America & Caribbean
CUW,2008,19423.335243,9.874230469787179,Latin America & Caribbean
CYP,2008,35541.886719,10.47846718749709,Europe & Central Asia
CZE,2008,22774.704508,10.033405747642234,Europe & Central Asia
DNK,2008,64616.665758,11.076227640368547,Europe & Central Asia
DJI,2008,1119.152333,7.020326832201251,Middle East & North Africa
ARE,2015,44910.345886,10.712423467811199,Middle East & North Africa
GBR,2015,45256.040227,10.72009142589921,Europe & Central Asia
USA,2015,56849.469792,10.948162172697195,North America
URY,2015,17125.90168,9.74834731459103,Latin America & Caribbean
UZB,2015,3172.898994,8.062400958110869,Europe & Central Asia
VUT,2015,3214.419486,8.075402056137865,East Asia & Pacific
VEN,2015,4096.619891,8.317917495844686,Latin America & Caribbean
VNM,2015,2577.568853,7.85460192862841,East Asia & Pacific
VIR,2015,34007.352941,10.434332043187421,Latin America & Caribbean
PSE,2015,3272.154324,8.093203861647076,Middle East & North Africa
YEM,2015,1362.173812,7.216837093838981,Middle East & North Africa
MLI,2014,947.915033,6.854264870601094,Sub-Saharan Africa
MLT,2014,27424.569362,10.219194582631815,Middle East & North Africa
MHL,2014,3735.239778,8.225567293096702,East Asia & Pacific
MRT,2014,1718.970894,7.44948107330233,Sub-Saharan Africa
MUS,2014,10490.331556,9.258209307754536,Sub-Saharan Africa
MEX,2014,11391.37735,9.340611975381336,Latin America & Caribbean
FSM,2014,2915.236725,7.977706304749735,East Asia & Pacific
MDA,2014,3289.957586,8.098629951883005,Europe & Central Asia
MCO,2014,195693.519541,12.184305038584473,Europe & Central Asia
MNG,2014,4126.239758,8.3251218010074,East Asia & Pacific
MNE,2014,7342.171474,8.901389919000612,Europe & Central Asia
MMR,2015,1166.733055,7.061962861476122,East Asia & Pacific
NAM,2015,4774.106509,8.470962116871942,Sub-Saharan Africa
NRU,2015,7747.25585,8.955093975773929,East Asia & Pacific
NPL,2015,875.543635,6.774844990575307,South Asia
NLD,2015,45793.813543,10.731904285498413,Europe & Central Asia
NCL,2015,30858.723706,10.337174767511678,East Asia & Pacific
NZL,2015,38648.730256,10.562269201108517,East Asia & Pacific
NIC,2015,2074.456206,7.637454328921023,Latin America & Caribbean
NER,2015,485.662574,6.18551409058699,Sub-Saharan Africa
NGA,2015,2585.733607,7.857764540491128,Sub-Saharan Africa
MKD,2015,5262.686719,8.56839695840633,Europe & Central Asia
MNP,2015,17665.100749,9.779346263088614,East Asia & Pacific
LTU,2011,14261.843379,9.565342954828328,Europe & Central Asia
LUX,2011,119025.057203,11.687089314659117,Europe & Central Asia
MAC,2011,67046.728429,11.113145094514188,East Asia & Pacific
MDG,2011,506.163692,6.226860118948268,Sub-Saharan Africa
MWI,2011,763.061,6.63733797566418,Sub-Saharan Africa
MYS,2011,10217.106859,9.23181873747771,East Asia & Pacific
MDV,2011,7424.520411,8.912543370473694,South Asia
MLI,2011,938.292903,6.844062163588405,Sub-Saharan Africa
MLT,2011,23516.972446,10.065477671193094,Middle East & North Africa
MHL,2011,3319.398154,8.107538766561863,East Asia & Pacific
MRT,2011,1931.199755,7.565896723479133,Sub-Saharan Africa
DMA,2008,6971.326338,8.84956077804725,Latin America & Caribbean
DOM,2008,5023.585134,8.52189912790717,Latin America & Caribbean
ECU,2008,4194.757507,8.341590811986181,Latin America & Caribbean
EGY,2008,1896.215943,7.547615570316881,Middle East & North Africa
SLV,2008,2983.248296,8.000768018060462,Latin America & Caribbean
GNQ,2008,18210.555297,9.809756666325912,Sub-Saharan Africa
ERI,2008,490.066956,6.194542026667568,Sub-Saharan Africa
EST,2008,18205.906411,9.809501348493963,Europe & Central Asia
SWZ,2008,2946.860661,7.988495699977535,Sub-Saharan Africa
ETH,2008,316.410475,5.7570403421722816,Sub-Saharan Africa
FRO,2008,51287.891108,10.845209962517124,Europe & Central Asia
FJI,2008,3899.922315,8.268711912688579,East Asia & Pacific
COL,2009,5250.972924,8.566168657273394,Latin America & Caribbean
COM,2009,1410.30517,7.251561392578166,Sub-Saharan Africa
COD,2009,280.178991,5.635428652505148,Sub-Saharan Africa
COG,2009,2271.152192,7.728042555271839,Sub-Saharan Africa
CRI,2009,6832.698282,8.829474937798263,Latin America & Caribbean
CIV,2009,1540.453936,7.339832415609773,Sub-Saharan Africa
HRV,2009,14474.525139,9.580145496307226,Europe & Central Asia
CUB,2009,5089.235198,8.534882842459357,Latin America & Caribbean
CUW,2009,19540.247658,9.880231599927917,Latin America & Caribbean
CYP,2009,32236.462891,10.380853478784164,Europe & Central Asia
CZE,2009,19817.421584,9.894316707796708,Europe & Central Asia
DNK,2009,58412.747236,10.975289419586927,Europe & Central Asia
FSM,2010,2715.268737,7.906646209790051,East Asia & Pacific
MDA,2010,2436.799351,7.798440715807966,Europe & Central Asia
MCO,2010,161853.922745,11.99444949597758,Europe & Central Asia
MNG,2010,2625.218814,7.872919529265949,East Asia & Pacific
MNE,2010,6678.639396,8.806669562550912,Europe & Central Asia
MAR,2010,3067.985352,8.028776388029856,Middle East & North Africa
MOZ,2010,496.185839,6.206950531954852,Sub-Saharan Africa
MMR,2010,1010.534173,6.918234354183788,East Asia & Pacific
NAM,2010,5418.216334,8.597521950603907,Sub-Saharan Africa
NRU,2010,4735.920005,8.462931285585041,East Asia & Pacific
NPL,2010,585.278492,6.372087788654622,South Asia
NOR,2015,77220.952431,11.254426103735948,Europe & Central Asia
OMN,2015,18808.307792,9.842053955037086,Middle East & North Africa
PAK,2015,1380.470208,7.230179450550601,South Asia
PLW,2015,15938.365222,9.676484388866434,East Asia & Pacific
PAN,2015,14082.65485,9.552699166625333,Latin America & Caribbean
PNG,2015,2484.59634,7.817865486704355,East Asia & Pacific
PRY,2015,5879.337923,8.679199436423776,Latin America & Caribbean
PER,2015,6231.711503,8.73740629363565,Latin America & Caribbean
PHL,2015,2909.85818,7.975859623582742,East Asia & Pacific
POL,2015,12637.522032,9.444425606709997,Europe & Central Asia
ARM,2007,2962.702346,7.993857085558138,Europe & Central Asia
ABW,2007,26736.308944,10.193777806124487,Latin America & Caribbean
AUS,2007,41128.247662,10.624450455454227,East Asia & Pacific
AUT,2007,46622.962291,10.749848451776582,Europe & Central Asia
AZE,2007,3851.330152,8.256173861638485,Europe & Central Asia
BHS,2007,30051.848959,10.310679467488134,Latin America & Caribbean
BHR,2007,20908.404255,9.947906474589457,Middle East & North Africa
BGD,2007,537.955493,6.2877758299739375,South Asia
BRB,2007,17235.439643,9.754722987357855,Latin America & Caribbean
BLR,2007,4735.481076,8.462838600459248,Europe & Central Asia
BEL,2007,44319.165449,10.699172491122035,Europe & Central Asia
LUX,2009,109419.746953,11.60294665499405,Europe & Central Asia
MAC,2009,40354.281029,10.605452765443154,East Asia & Pacific
MDG,2009,446.315238,6.101025514005538,Sub-Saharan Africa
MWI,2009,625.86973,6.439142250402955,Sub-Saharan Africa
MYS,2009,7191.432872,8.880645717647322,East Asia & Pacific
MDV,2009,6734.031656,8.814929300630672,South Asia
MLI,2009,787.482564,6.668841229502292,Sub-Saharan Africa
MLT,2009,21261.54287,9.964655220758521,Middle East & North Africa
MHL,2009,2906.63027,7.974749706367526,East Asia & Pacific
MRT,2009,1435.430108,7.269219810113877,Sub-Saharan Africa
MUS,2009,7426.861373,8.912858622219751,Sub-Saharan Africa
AZE,2010,5843.533768,8.673090990085017,Europe & Central Asia
BHS,2010,27473.100431,10.220962638792502,Latin America & Caribbean
BHR,2010,21819.32911,9.99055151235159,Middle East & North Africa
BGD,2010,757.38528,6.629872080369935,South Asia
BRB,2010,19723.238193,9.889552823245854,Latin America & Caribbean
BLR,2010,6034.678852,8.705277917865496,Europe & Central Asia
BEL,2010,44197.393671,10.696421099607727,Europe & Central Asia
BLZ,2010,5461.40736,8.60546179376676,Latin America & Caribbean
BEN,2010,973.244255,6.880635083570497,Sub-Saharan Africa
BMU,2010,104111.824245,11.553220833599408,North America
BTN,2010,2435.579806,7.797940120519229,South Asia
NIC,2008,1523.684371,7.328886609154211,Latin America & Caribbean
NER,2008,475.044955,6.1634094416616225,Sub-Saharan Africa
NGA,2008,2154.105435,7.675130804986363,Sub-Saharan Africa
MKD,2008,5026.420299,8.522463339557426,Europe & Central Asia
MNP,2008,16430.446194,9.706891367935842,East Asia & Pacific
NOR,2008,99001.530068,11.50289058422962,Europe & Central Asia
OMN,2008,26576.779242,10.187793152690524,Middle East & North Africa
PAK,2008,1067.043246,6.972646780939648,South Asia
PLW,2008,10471.151001,9.256379231060189,East Asia & Pacific
PAN,2008,7347.590503,8.90212771574018,Latin America & Caribbean
PNG,2008,1624.793199,7.393135824511477,East Asia & Pacific
PRY,2008,4384.954694,8.385934572711859,Latin America & Caribbean
LIE,2012,148842.035144,11.910640855734453,Europe & Central Asia
LTU,2012,14288.185349,9.567188275386563,Europe & Central Asia
LUX,2012,112584.676271,11.631460895471054,Europe & Central Asia
MAC,2012,76058.022496,11.239251781880524,East Asia & Pacific
MDG,2012,493.511163,6.201545478678497,Sub-Saharan Africa
MWI,2012,558.462088,6.3251867343788595,Sub-Saharan Africa
MYS,2012,10600.574424,9.268663469575278,East Asia & Pacific
MDV,2012,7461.297037,8.917484543634542,South Asia
MLI,2012,872.506092,6.771369636287163,Sub-Saharan Africa
MLT,2012,22878.309586,10.037944561033575,Middle East & North Africa
MHL,2012,3514.265155,8.164585722644777,East Asia & Pacific
MRT,2012,1859.117332,7.527857101383312,Sub-Saharan Africa
PER,2008,4197.584446,8.342264506914903,Latin America & Caribbean
PHL,2008,1959.292335,7.5803386334576,East Asia & Pacific
POL,2008,14048.560467,9.550275211647957,Europe & Central Asia
PRT,2008,24949.041357,10.124590677876368,Europe & Central Asia
QAT,2008,80781.211391,11.299499685179757,Middle East & North Africa
ROU,2008,10435.156123,9.252935780875182,Europe & Central Asia
RUS,2008,11635.28418,9.361797500019122,Europe & Central Asia
RWA,2008,522.288339,6.258219808943736,Sub-Saharan Africa
WSM,2008,3373.606399,8.123737599217366,East Asia & Pacific
SMR,2008,75902.16777,11.237200523845432,Europe & Central Asia
STP,2008,1081.868458,6.98644487900289,Sub-Saharan Africa
GBR,2007,50629.079917,10.83228139211465,Europe & Central Asia
USA,2007,48050.227412,10.780002147207218,North America
URY,2007,7222.054036,8.884894683947325,Latin America & Caribbean
UZB,2007,824.028192,6.714204742916433,Europe & Central Asia
VUT,2007,2333.705067,7.755212441108716,East Asia & Pacific
VEN,2007,8331.62097,9.02781331046758,Latin America & Caribbean
VNM,2007,925.640338,6.830485755310163,East Asia & Pacific
VIR,2007,44158.505404,10.695540835360106,Latin America & Caribbean
PSE,2007,1664.245717,7.41712727694588,Middle East & North Africa
YEM,2007,890.305768,6.791564963273679,Middle East & North Africa
ZMB,2007,1118.731626,7.019950845767044,Sub-Saharan Africa
ZWE,2007,413.521245,6.024708891620338,Sub-Saharan Africa
COD,2011,372.514274,5.9202753565485295,Sub-Saharan Africa
COG,2011,3396.165058,8.130402149901473,Sub-Saharan Africa
CRI,2011,9276.391094,9.135227859409877,Latin America & Caribbean
CIV,2011,1596.628266,7.375649350925712,Sub-Saharan Africa
HRV,2011,14691.591758,9.595030619866868,Europe & Central Asia
CUB,2011,6104.461052,8.716775102877238,Latin America & Caribbean
CUW,2011,19426.326383,9.874384455169842,Latin America & Caribbean
CYP,2011,32485.804688,10.388558494071402,Europe & Central Asia
CZE,2011,22049.108079,10.001027430124898,Europe & Central Asia
DNK,2011,61809.737898,11.031816202197799,Europe & Central Asia
DJI,2011,1306.345528,7.174988844522399,Middle East & North Africa
SVN,2010,23329.841769,10.057488582695004,Europe & Central Asia
SLB,2010,1685.145358,7.429607104941146,East Asia & Pacific
SOM,2010,219.202454,5.389995750266668,Sub-Saharan Africa
ZAF,2010,7973.471958,8.983875305282112,Sub-Saharan Africa
SSD,2010,1498.27035,7.3120666217589845,Sub-Saharan Africa
ESP,2010,30658.742228,10.330673128361891,Europe & Central Asia
LKA,2010,2808.362452,7.940356835163387,South Asia
KNA,2010,16622.945791,9.718539296446101,Latin America & Caribbean
LCA,2010,8673.687203,9.068049262297077,Latin America & Caribbean
VCT,2010,6551.96836,8.787520796461417,Latin America & Caribbean
SDN,2010,1305.635986,7.174445546636368,Sub-Saharan Africa
SUR,2010,7943.604828,8.980122459774709,Latin America & Caribbean
AZE,2015,5500.503646,8.612594939028103,Europe & Central Asia
BHS,2015,30719.405417,10.332649832158936,Latin America & Caribbean
BHR,2015,23734.055114,10.07466622037626,Middle East & North Africa
BGD,2015,1224.386477,7.1101951624169955,South Asia
BRB,2015,20429.474712,9.924733975880532,Latin America & Caribbean
BLR,2015,5967.055951,8.69400894421685,Europe & Central Asia
BEL,2015,40893.804538,10.61873385226839,Europe & Central Asia
BLZ,2015,6154.622642,8.72495872755954,Latin America & Caribbean
BEN,2015,1002.418869,6.910171227227518,Sub-Saharan Africa
BMU,2015,104855.366822,11.560337220733045,North America
BTN,2015,2954.040819,7.990929281208447,South Asia
AFG,2017,525.469771,6.264292664399815,South Asia
ALB,2017,5006.36013,8.518464409076579,Europe & Central Asia
DZA,2017,4554.66754,8.423907819104954,Middle East & North Africa
ASM,2017,11863.683945,9.381237243628126,East Asia & Pacific
AND,2017,40672.994336,10.613319621369333,Europe & Central Asia
AGO,2017,2832.14998,7.948791412450878,Sub-Saharan Africa
ATG,2017,16965.728827,9.738950636920364,Latin America & Caribbean
ARG,2017,14532.500931,9.58414286363881,Latin America & Caribbean
LKA,2015,4057.715827,8.308375490087466,South Asia
KNA,2015,20328.800353,9.919793896174964,Latin America & Caribbean
LCA,2015,10334.986082,9.243290125428944,Latin America & Caribbean
VCT,2015,7353.735561,8.902963702688721,Latin America & Caribbean
SDN,2015,1292.379639,7.164240479415842,Sub-Saharan Africa
SUR,2015,8813.617054,9.08405319698813,Latin America & Caribbean
SWE,2015,51188.165212,10.843263636105611,Europe & Central Asia
CHE,2015,85265.062052,11.353520060501397,Europe & Central Asia
SYR,2015,847.731545,6.742564011379231,Middle East & North Africa
TJK,2015,956.916311,6.863715938308245,Europe & Central Asia
TZA,2015,939.12731900000006,6.844951060006122,Sub-Saharan Africa
AFG,2009,452.053705,6.1138009891458065,South Asia
ALB,2009,4213.650076,8.346084552472968,Europe & Central Asia
DZA,2009,4235.429905,8.351240114330814,Middle East & North Africa
ASM,2009,12156.029391,9.405580571852122,East Asia & Pacific
AND,2009,43975.018366,10.691376987252061,Europe & Central Asia
AGO,2009,3645.148466,8.201152375026151,Sub-Saharan Africa
ATG,2009,16472.247853,9.709432295522541,Latin America & Caribbean
AFG,2016,522.082216,6.257825077396223,South Asia
ZWE,2017,3445.44941,8.144809627769718,Sub-Saharan Africa
UZB,2013,2781.388695,7.930705612536358,Europe & Central Asia
VUT,2013,3392.566751,8.129342067565563,East Asia & Pacific
VEN,2013,8642.3738,9.064432569432874,Latin America & Caribbean
VNM,2013,2359.517365,7.7662123707494475,East Asia & Pacific
VIR,2013,34597.976694,10.451550482283944,Latin America & Caribbean
PSE,2013,3315.297539,8.106302653946642,Middle East & North Africa
YEM,2013,1378.75003,7.228932592326552,Middle East & North Africa
ZMB,2013,1820.718548,7.506986508748632,Sub-Saharan Africa
ZWE,2013,1362.994983,7.217439750838694,Sub-Saharan Africa
CPV,2012,3736.81517,8.225988968802865,Sub-Saharan Africa
KHM,2012,1192.80263,7.084060968344141,East Asia & Pacific
CMR,2012,1449.098744,7.278697086306627,Sub-Saharan Africa
CAN,2012,52670.142954,10.871804026618426,North America
CYM,2012,75101.591361,11.2265970274212,Latin America & Caribbean
CAF,2012,544.395849,6.299676645840085,Sub-Saharan Africa
TCD,2012,1354.343447,7.211072074926487,Sub-Saharan Africa
CHL,2012,15241.906998,9.631803952514757,Latin America & Caribbean
CHN,2012,6405.057424,8.764843179786352,East Asia & Pacific
COL,2012,8108.598382,9.000680306279385,Latin America & Caribbean
COM,2012,1490.314257,7.306742287439217,Sub-Saharan Africa
NPL,2011,785.518656,6.666344207891041,South Asia
NLD,2011,54701.772803,10.909651397446137,Europe & Central Asia
NCL,2011,38835.940185,10.567101390294185,East Asia & Pacific
NZL,2011,38425.829998,10.556485168641954,East Asia & Pacific
NIC,2011,1679.711921,7.4263775820984455,Latin America & Caribbean
NER,2011,510.759562,6.235898955010494,Sub-Saharan Africa
NGA,2011,2418.41317,7.790866889199676,Sub-Saharan Africa
MKD,2011,5416.866729,8.597272832992324,Europe & Central Asia
MNP,2011,13598.716609,9.517730700286005,East Asia & Pacific
NOR,2011,103545.218988,11.547763694710012,Europe & Central Asia
OMN,2011,25188.007415,10.134123263994805,Middle East & North Africa
PAK,2011,1131.735138,7.03150725435443,South Asia
IRN,2009,5415.522806,8.597024702512424,Middle East & North Africa
IRQ,2009,3714.71206,8.220056446745582,Middle East & North Africa
IRL,2009,52133.090616,10.861555162711076,Europe & Central Asia
IMN,2009,66156.105657,11.099772465465108,Europe & Central Asia
ISR,2009,28469.681735,10.25659500124929,Middle East & North Africa
ITA,2009,37099.613396,10.52136182794824,Europe & Central Asia
JAM,2009,4428.381533,8.395789453847451,Latin America & Caribbean
JPN,2009,41678.178306,10.637732968802219,East Asia & Pacific
JOR,2009,3845.343881,8.254618313831362,Middle East & North Africa
KAZ,2009,6938.011757,8.84477052210883,Europe & Central Asia
KEN,2009,1047.967832,6.954608169753408,Sub-Saharan Africa
KIR,2009,1316.627539,7.182828851570303,East Asia & Pacific
GAB,2016,6677.070039,8.806434553393988,Sub-Saharan Africa
GMB,2016,650.056501,6.477059283727342,Sub-Saharan Africa
GEO,2016,4143.401257,8.329272289185782,Europe & Central Asia
DEU,2016,42948.938193,10.66776720517433,Europe & Central Asia
GHA,2016,1912.479913,7.556156062638998,Sub-Saharan Africa
GRC,2016,17919.242638,9.79363042213133,Europe & Central Asia
GRL,2016,48181.745354,10.782735501208037,Europe & Central Asia
GRD,2016,9221.234611,9.129264213334437,Latin America & Caribbean
GUM,2016,35930.65949,10.489346234795782,East Asia & Pacific
GTM,2016,4060.137847,8.30897220448246,Latin America & Caribbean
GIN,2016,711.99651,6.568073009714569,Sub-Saharan Africa
GNB,2016,679.665387,6.5216005991188934,Sub-Saharan Africa
CMR,2010,1398.58702,7.24321773451742,Sub-Saharan Africa
CAN,2010,47560.837883,10.769764968038096,North America
CYM,2010,76837.669964,11.24945029320566,Latin America & Caribbean
CAF,2010,476.873787,6.167251858391974,Sub-Saharan Africa
TCD,2010,1141.800693,7.0403618504663905,Sub-Saharan Africa
CHL,2010,12632.870472,9.444057463630953,Latin America & Caribbean
CHN,2010,4629.245517,8.440149178510048,East Asia & Pacific
COL,2010,6398.295845,8.763786959671739,Latin America & Caribbean
COM,2010,1386.575336,7.234592198956568,Sub-Saharan Africa
COD,2010,352.400399,5.864768026297479,Sub-Saharan Africa
COG,2010,2946.557981,7.98839298200732,Sub-Saharan Africa
GRC,2014,21474.725712,9.974631974337827,Europe & Central Asia
GRL,2014,50485.224414,10.829435986590472,Europe & Central Asia
GRD,2014,7986.334212,8.985487136484531,Latin America & Caribbean
GUM,2014,33900.148653,10.431174678403176,East Asia & Pacific
GTM,2014,3689.145104,8.213150031060026,Latin America & Caribbean
GIN,2014,765.146999,6.640067970922577,Sub-Saharan Africa
GNB,2014,652.022501,6.480079072067368,Sub-Saharan Africa
GUY,2014,5472.688205,8.6075252198518,Latin America & Caribbean
HTI,2014,1460.1889860000001,7.286321148791183,Latin America & Caribbean
HND,2014,2179.88172,7.687025897430443,Latin America & Caribbean
HKG,2014,40315.373951,10.60448816280474,East Asia & Pacific
HUN,2014,14352.501883,9.57167955323844,Europe & Central Asia
ROU,2013,9497.674116,9.158802217718163,Europe & Central Asia
RUS,2013,15941.448242,9.676677804051444,Europe & Central Asia
RWA,2013,695.397141,6.544483108262463,Sub-Saharan Africa
WSM,2013,4023.525401,8.299913762726444,East Asia & Pacific
SMR,2013,50807.820634,10.835805571205755,Europe & Central Asia
STP,2013,1382.575784,7.231703548530641,Sub-Saharan Africa
SAU,2013,27865.465605,10.235143409176796,Middle East & North Africa
SEN,2013,1379.831966,7.229717006969325,Sub-Saharan Africa
SRB,2013,7040.418121,8.859422839575942,Europe & Central Asia
SYC,2013,14821.292148,9.603820084522981,Sub-Saharan Africa
SLE,2013,1117.471831,7.018824119011182,Sub-Saharan Africa
SGP,2013,56967.425794,10.950234906163052,East Asia & Pacific
KIR,2012,1843.553363,7.519450163824281,East Asia & Pacific
KOR,2012,26600.547743,10.188687086399886,East Asia & Pacific
KWT,2012,52155.222583,10.861979600822181,Middle East & North Africa
KGZ,2012,1168.622447,7.063580938390418,Europe & Central Asia
LAO,2012,1563.565077,7.3547237986732075,East Asia & Pacific
LVA,2012,13329.349993,9.497723649268135,Europe & Central Asia
LBN,2012,8406.984056,9.03681807461869,Middle East & North Africa
LSO,2012,1217.930712,7.104908559952225,Sub-Saharan Africa
LBR,2012,638.368751,6.458916096002723,Sub-Saharan Africa
LBY,2012,14975.89028,9.614196872301646,Middle East & North Africa
PAN,2016,14832.361161,9.604566637630537,Latin America & Caribbean
PNG,2016,2316.394798,7.7477672896229866,East Asia & Pacific
PRY,2016,5775.159634,8.661321177259037,Latin America & Caribbean
PER,2016,6217.036,8.735048544826805,Latin America & Caribbean
PHL,2016,2985.19564,8.001420564717508,East Asia & Pacific
POL,2016,12464.012104,9.430600739226874,Europe & Central Asia
PRT,2016,19980.280887,9.902501110512134,Europe & Central Asia
QAT,2016,61253.637548,11.022778515182319,Middle East & North Africa
ROU,2016,9404.540059,9.148947836658383,Europe & Central Asia
RUS,2016,8663.158203,9.066834623641897,Europe & Central Asia
WSM,2009,3279.182695,8.095349491974448,East Asia & Pacific
SMR,2009,62429.020274,11.041785514740274,Europe & Central Asia
STP,2009,1128.280462,7.028450037677889,Sub-Saharan Africa
SAU,2009,17718.391165,9.782358427994335,Middle East & North Africa
SEN,2009,1308.694043,7.1767850052057325,Sub-Saharan Africa
SRB,2009,6414.044846,8.766245372121391,Europe & Central Asia
SYC,2009,9747.091805,9.18472424308838,Sub-Saharan Africa
SLE,2009,652.845807,6.48134097122486,Sub-Saharan Africa
SGP,2009,38926.805437,10.569438378080003,East Asia & Pacific
SXM,2009,25528.412619,10.147547331216673,Latin America & Caribbean
SVK,2009,16586.752781,9.71635963051202,Europe & Central Asia
SVN,2009,24501.789729,10.10650144402805,Europe & Central Asia
SLB,2009,1554.70671,7.34904219589158,East Asia & Pacific
IRN,2015,4952.733555,8.507694936471356,Middle East & North Africa
IRQ,2015,4440.141893,8.39844161279851,Middle East & North Africa
IRL,2015,64250.138518,11.070539158677322,Europe & Central Asia
IMN,2015,84753.518742,11.34750254346045,Europe & Central Asia
ISR,2015,36138.135614,10.495103974935054,Middle East & North Africa
ITA,2015,30639.882975,10.330057804493448,Europe & Central Asia
JAM,2015,5339.307183,8.582851182525912,Latin America & Caribbean
JPN,2015,35664.644611,10.481915130019283,East Asia & Pacific
JOR,2015,4441.61896,8.398774219595309,Middle East & North Africa
KAZ,2015,10196.122626,9.229762792296967,Europe & Central Asia
KEN,2015,1489.119598,7.3059403504792675,Sub-Saharan Africa
PAK,2012,1204.364755,7.093707532645683,South Asia
PLW,2012,12098.412433,9.400829519092552,East Asia & Pacific
PAN,2012,11064.806361,9.311524752196458,Latin America & Caribbean
PNG,2012,2635.087363,7.876671615264563,East Asia & Pacific
PRY,2012,5642.169917,8.638024007556519,Latin America & Caribbean
PER,2012,6519.37853,8.782534332893036,Latin America & Caribbean
PHL,2012,2614.616444,7.868872690406536,East Asia & Pacific
POL,2012,13087.420943,9.479406814511073,Europe & Central Asia
PRT,2012,20593.427422,9.932727246683633,Europe & Central Asia
QAT,2012,108470.378825,11.594232408468471,Middle East & North Africa
AFG,2010,560.621505,6.329045998679916,South Asia
ALB,2010,4149.144699,8.33065749535741,Europe & Central Asia
DZA,2010,4912.785855,8.49959644379756,Middle East & North Africa
ASM,2010,10375.172014,9.24717092462411,East Asia & Pacific
AND,2010,42746.830952,10.66305034183938,Europe & Central Asia
AGO,2010,4101.637156,8.319141479332302,Sub-Saharan Africa
ATG,2010,15217.395079,9.630194465584987,Latin America & Caribbean
ARG,2010,10260.131311,9.236020916985943,Latin America & Caribbean
ARM,2010,3041.344507,8.02005496866629,Europe & Central Asia
ABW,2010,24093.140151,10.089682437923454,Latin America & Caribbean
AUS,2010,52313.893904,10.86501727259249,East Asia & Pacific
AUT,2010,46611.139342,10.749594833221648,Europe & Central Asia
GUM,2009,29054.05812,10.276913446843851,East Asia & Pacific
GTM,2009,2611.646328,7.867736078472032,Latin America & Caribbean
GIN,2009,662.185915,6.495546354877876,Sub-Saharan Africa
GNB,2009,583.19002,6.368513068065175,Sub-Saharan Africa
GUY,2009,4209.132306,8.34501180234638,Latin America & Caribbean
HTI,2009,1196.852871,7.087450783216364,Latin America & Caribbean
HND,2009,1781.157036,7.485018452339209,Latin America & Caribbean
HKG,2009,30697.538386,10.33193774749402,East Asia & Pacific
HUN,2009,13051.183178,9.476634073621861,Europe & Central Asia
ISL,2009,41483.784368,10.633057891740277,Europe & Central Asia
IND,2009,1094.949746,6.99846374713351,South Asia
IDN,2009,2218.485419,7.704579998338497,East Asia & Pacific
BDI,2007,166.162745,5.112967699652873,Sub-Saharan Africa
CPV,2007,3324.576752,8.109097652355981,Sub-Saharan Africa
KHM,2007,731.692295,6.5953600635625715,East Asia & Pacific
CMR,2007,1325.672482,7.18967514325362,Sub-Saharan Africa
CAN,2007,44660.083889,10.706835403784682,North America
CYM,2007,89888.261821,11.406322642646701,Latin America & Caribbean
CAF,2007,380.887049,5.942502871856365,Sub-Saharan Africa
TCD,2007,980.483531,6.888045848962956,Sub-Saharan Africa
CHL,2007,10346.413818,9.244395247637142,Latin America & Caribbean
CHN,2007,2734.727099,7.913786928890425,East Asia & Pacific
COL,2007,4769.926147,8.470086100953303,Latin America & Caribbean
PNG,2009,1568.831934,7.3580866303608365,East Asia & Pacific
PRY,2009,3941.848155,8.279404967183849,Latin America & Caribbean
PER,2009,4181.187555,8.33835058923587,Latin America & Caribbean
PHL,2009,1864.450434,7.530721615194716,East Asia & Pacific
POL,2009,11556.302687,9.354986254302975,Europe & Central Asia
PRT,2009,23151.215413,10.049802559777685,Europe & Central Asia
QAT,2009,60785.735155,11.015110421265693,Middle East & North Africa
ROU,2009,8548.454341,9.053505766757935,Europe & Central Asia
RUS,2009,8562.824219,9.05518534684632,Europe & Central Asia
RWA,2009,556.973996,6.322518553020592,Sub-Saharan Africa
BLZ,2008,5711.814589,8.650292043583622,Latin America & Caribbean
BEN,2008,1060.602545,6.966592464285291,Sub-Saharan Africa
BMU,2008,110268.562401,11.610674145586032,North America
BTN,2008,1919.597749,7.55987093734327,South Asia
BOL,2008,1692.672485,7.434063910967526,Latin America & Caribbean
BIH,2008,4841.693119,8.485019756513841,Europe & Central Asia
BWA,2008,5503.073953,8.613062115639277,Sub-Saharan Africa
BRA,2008,8908.331765,9.094742271172736,Latin America & Caribbean
BRN,2008,42156.568584,10.649145789580292,East Asia & Pacific
BGR,2008,7271.674437,8.891741865465697,Europe & Central Asia
BFA,2008,619.437533,6.428811861441066,Sub-Saharan Africa
ARM,2017,3869.053739,8.260765244239618,Europe & Central Asia
ABW,2017,28440.041688,10.255553349738888,Latin America & Caribbean
AUS,2017,54117.547719,10.898913769340147,East Asia & Pacific
AUT,2017,47163.742578,10.761380710662841,Europe & Central Asia
AZE,2017,4147.198142,8.330188238704682,Europe & Central Asia
BHS,2017,31875.488175,10.369592597637567,Latin America & Caribbean
BHR,2017,24784.769351,10.117984604419846,Middle East & North Africa
BGD,2017,1811.082217,7.50167985552769,South Asia
BRB,2017,20870.759643,9.946104398210935,Latin America & Caribbean
BLR,2017,5785.544919,8.663117830351588,Europe & Central Asia
BEL,2017,44035.323936,10.692747407542694,Europe & Central Asia
SDN,2012,1019.222107,6.926794975124264,Sub-Saharan Africa
SUR,2012,8851.240507,9.088312898461526,Latin America & Caribbean
SWE,2012,57749.561542,10.963871036008898,Europe & Central Asia
CHE,2012,87269.559478,11.376756992338956,Europe & Central Asia
SYR,2012,1897.66115,7.548377433199878,Middle East & North Africa
TJK,2012,952.45282,6.859040572965667,Europe & Central Asia
TZA,2012,861.96991,6.759220362861847,Sub-Saharan Africa
THA,2012,5725.528028,8.6526900561344,East Asia & Pacific
TLS,2012,1022.619032,6.930122293855459,East Asia & Pacific
TGO,2012,813.611525,6.701483010071583,Sub-Saharan Africa
TON,2012,4384.170587,8.385755739139075,East Asia & Pacific
IRQ,2008,4542.96609,8.421335401500862,Middle East & North Africa
IRL,2008,61353.106563,11.024401085580779,Europe & Central Asia
IMN,2008,72276.774133,11.188258113563558,Europe & Central Asia
ISR,2008,30231.019101,10.316623798783183,Middle East & North Africa
ITA,2008,40828.579558,10.617137594533837,Europe & Central Asia
JAM,2008,5029.800953,8.523135690342603,Latin America & Caribbean
JPN,2008,40294.208131,10.603963018772486,East Asia & Pacific
JOR,2008,3669.830127,8.207900653056363,Middle East & North Africa
KAZ,2008,8123.547059,9.002522167699416,Europe & Central Asia
KEN,2008,915.544355,6.8195188118759615,Sub-Saharan Africa
KIR,2008,1410.622469,7.251786353330049,East Asia & Pacific
KOR,2008,22252.312511,10.01020121527237,East Asia & Pacific
SRB,2017,6548.036538,8.786920518499892,Europe & Central Asia
SYC,2017,17480.365191,9.768833540924932,Sub-Saharan Africa
SLE,2017,779.186008,6.658249795288248,Sub-Saharan Africa
SGP,2017,61436.13255,11.025753419062978,East Asia & Pacific
SXM,2017,34701.305849,10.454532597762887,Latin America & Caribbean
SVK,2017,17645.529872,9.778237765241943,Europe & Central Asia
SVN,2017,23303.077706,10.056340721216891,Europe & Central Asia
SLB,2017,2143.576705,7.670231070328954,East Asia & Pacific
SOM,2017,510.939952,6.236252072535565,Sub-Saharan Africa
ZAF,2017,6618.335083,8.797599119263866,Sub-Saharan Africa
ESP,2017,28381.34256,10.253487256149025,Europe & Central Asia
TCA,2009,24596.893802,10.11037544573657,Latin America & Caribbean
TUV,2009,2683.967495,7.8950513873625,East Asia & Pacific
UGA,2009,798.94709,6.683294723298271,Sub-Saharan Africa
UKR,2009,2607.087646,7.865989032854379,Europe & Central Asia
ARE,2009,37803.066374,10.54014549932284,Middle East & North Africa
GBR,2009,39009.371555,10.571557192527308,Europe & Central Asia
USA,2009,47194.950089,10.762042176210016,North America
URY,2009,9881.395731,9.198409049084322,Latin America & Caribbean
UZB,2009,1205.799355,7.0948979911405825,Europe & Central Asia
VUT,2009,2546.383246,7.842429296461475,East Asia & Pacific
VEN,2009,11596.602192,9.35846741970387,Latin America & Caribbean
VNM,2009,1226.169761,7.111650574284007,East Asia & Pacific
VIR,2009,38753.182539,10.564968161447716,Latin America & Caribbean
CRI,2010,8265.788206,9.01988037243517,Latin America & Caribbean
CIV,2010,1553.54887,7.348297186336379,Sub-Saharan Africa
HRV,2010,13729.747287,9.527320092693136,Europe & Central Asia
CUB,2010,5272.267558,8.570215825653293,Latin America & Caribbean
CUW,2010,19847.231013,9.895819780818174,Latin America & Caribbean
CYP,2010,31105.027344,10.345124736035697,Europe & Central Asia
CZE,2010,20160.435508,9.911477324531338,Europe & Central Asia
DNK,2010,58104.544559,10.96999915938514,Europe & Central Asia
DJI,2010,1213.233526,7.101044409788028,Middle East & North Africa
DMA,2010,7549.619647,8.929252463093267,Latin America & Caribbean
DOM,2010,5478.624704,8.608609382021362,Latin America & Caribbean
DMA,2007,6459.035037,8.77323521054168,Latin America & Caribbean
DOM,2007,4649.645589,8.444546278257352,Latin America & Caribbean
ECU,2007,3478.924888,8.154478584806771,Latin America & Caribbean
EGY,2007,1547.741707,7.3445521842845185,Middle East & North Africa
SLV,2007,2830.656938,7.9482640972673595,Latin America & Caribbean
GNQ,2007,12616.953294,9.442796688090027,Sub-Saharan Africa
ERI,2007,480.447624,6.174718219347327,Sub-Saharan Africa
EST,2007,16745.430801,9.725880712039798,Europe & Central Asia
SWZ,2007,3109.110976,8.042092104500503,Sub-Saharan Africa
ETH,2007,237.146256,5.468677064722686,Sub-Saharan Africa
FRO,2007,48348.739371,10.78619542755291,Europe & Central Asia
FJI,2007,3762.746928,8.23290453560798,East Asia & Pacific
BDI,2008,189.502075,5.244399974330605,Sub-Saharan Africa
CPV,2008,3908.648858,8.270947032645774,Sub-Saharan Africa
KHM,2008,866.284,6.764212799373116,East Asia & Pacific
CMR,2008,1492.142698,7.307968418281446,Sub-Saharan Africa
CAN,2008,46710.365442,10.751721377100745,North America
CYM,2008,89655.119622,11.403725584173525,Latin America & Caribbean
CAF,2008,437.248275,6.0805011687794375,Sub-Saharan Africa
TCD,2008,1166.368835,7.061650641933101,Sub-Saharan Africa
CHL,2008,10683.218877,9.276429460081975,Latin America & Caribbean
CHN,2008,3523.443021,8.167193921499669,East Asia & Pacific
COL,2008,5541.836297,8.620081186372431,Latin America & Caribbean
KWT,2008,55585.188934,10.925672058672463,Middle East & North Africa
KGZ,2008,966.388569,6.873565998675163,Europe & Central Asia
LAO,2008,885.747376,6.786431781280002,East Asia & Pacific
LVA,2008,15677.608086,9.659988736732432,Europe & Central Asia
LBN,2008,5912.045328,8.684747129716373,Middle East & North Africa
LSO,2008,898.482518,6.800707249161761,Sub-Saharan Africa
LBR,2008,451.713856,6.113048917417004,Sub-Saharan Africa
LBY,2008,13906.140782,9.540085804439157,Middle East & North Africa
LIE,2008,143249.227302,11.872341240510082,Europe & Central Asia
LTU,2008,14955.534546,9.612836714056153,Europe & Central Asia
LUX,2008,120422.137934,11.698758664838584,Europe & Central Asia
MAC,2008,38888.511804,10.568454159613795,East Asia & Pacific
ARG,2008,8944.110266,9.098750523807258,Latin America & Caribbean
ARM,2008,3777.668593,8.23686232399147,Europe & Central Asia
ABW,2008,28171.909401,10.246080639936517,Latin America & Caribbean
AUS,2008,49811.206722,10.815995272274575,East Asia & Pacific
AUT,2008,51581.398236,10.850916387171834,Europe & Central Asia
AZE,2008,5574.468104,8.625952184422488,Europe & Central Asia
BHS,2008,29392.382442,10.288490819142165,Latin America & Caribbean
BHR,2008,23299.499278,10.05618714910828,Middle East & North Africa
BGD,2008,613.062041,6.418466139624081,South Asia
BRB,2008,17565.692997,9.773703017209455,Latin America & Caribbean
BLR,2008,6376.175692,8.76032377529744,Europe & Central Asia
BEL,2008,48303.397956,10.785257188222046,Europe & Central Asia
FIN,2011,51060.324259,10.840763041323685,Europe & Central Asia
FRA,2011,43929.784087,10.690347822024899,Europe & Central Asia
PYF,2011,22831.518535,10.035897252204508,East Asia & Pacific
GAB,2011,10219.113934,9.23201516078188,Sub-Saharan Africa
GMB,2011,710.608411,6.566121519993094,Sub-Saharan Africa
GEO,2011,4119.668183,8.323527900993408,Europe & Central Asia
DEU,2011,47630.976188,10.771238588818978,Europe & Central Asia
GHA,2011,1507.435732,7.318165295520092,Sub-Saharan Africa
GRC,2011,25504.786651,10.146621425334782,Europe & Central Asia
GRL,2011,47186.875997,10.761871081999308,Europe & Central Asia
GRD,2011,6947.381361,8.846120084968515,Latin America & Caribbean
GUM,2011,29926.205244,10.30648980510386,East Asia & Pacific
CZE,2014,20038.416318,9.905406526028175,Europe & Central Asia
DNK,2014,62520.450975,11.043248997801143,Europe & Central Asia
DJI,2014,2214.620841,7.702836489948527,Middle East & North Africa
DMA,2014,8131.748761,9.003531279165218,Latin America & Caribbean
DOM,2014,6496.45167,8.779011409904678,Latin America & Caribbean
ECU,2014,6405.799793,8.764959076636696,Latin America & Caribbean
EGY,2014,3133.391023,8.04987109101624,Middle East & North Africa
SLV,2014,3666.012489,8.206859835104158,Latin America & Caribbean
GNQ,2014,15548.662466,9.651729898859642,Sub-Saharan Africa
EST,2014,20581.789899,9.932161978346656,Europe & Central Asia
SYR,2009,2462.201273,7.808811055230683,Middle East & North Africa
TJK,2009,664.795656,6.499479709223861,Europe & Central Asia
TZA,2009,693.823547,6.5422176731352835,Sub-Saharan Africa
THA,2009,4135.43987,8.327348979067363,East Asia & Pacific
TLS,2009,686.579296,6.531721726185018,East Asia & Pacific
TGO,2009,770.17287,6.646614996143424,Sub-Saharan Africa
TON,2009,2914.23774,7.977363568876792,East Asia & Pacific
TTO,2009,14634.0565,9.591106728308464,Latin America & Caribbean
TUN,2009,4080.090324,8.313874405388454,Middle East & North Africa
TUR,2009,9076.924722,9.113490727223537,Europe & Central Asia
TKM,2009,3707.978507,8.218242130282755,Europe & Central Asia
FIN,2012,47551.674084,10.769572274167672,Europe & Central Asia
FRA,2012,40863.581441,10.617994516047819,Europe & Central Asia
PYF,2012,20846.545748,9.944943541943147,East Asia & Pacific
GAB,2012,9296.965879,9.137443376340485,Sub-Saharan Africa
GMB,2012,692.579362,6.540422833661232,Sub-Saharan Africa
GEO,2012,4530.695334,8.41863070206211,Europe & Central Asia
DEU,2012,44718.015921,10.708131740140814,Europe & Central Asia
GHA,2012,1543.775242,7.341986151335727,Sub-Saharan Africa
GRC,2012,21624.346053,9.981575091019133,Europe & Central Asia
GRL,2012,45936.956282,10.735025219847051,Europe & Central Asia
GRD,2012,7092.719854,8.866824164299157,Latin America & Caribbean
SXM,2013,28529.732469,10.258702066981666,Latin America & Caribbean
SVK,2013,18312.780515,9.815354483867356,Europe & Central Asia
SVN,2013,23236.965532,10.053499631528503,Europe & Central Asia
SLB,2013,2161.386275,7.67850508879801,East Asia & Pacific
SOM,2013,393.398704,5.974823611592644,Sub-Saharan Africa
ZAF,2013,7331.654674,8.899956509377978,Sub-Saharan Africa
SSD,2013,1650.189434,7.408645368789485,Sub-Saharan Africa
ESP,2013,29228.84656,10.282911396498776,Europe & Central Asia
LKA,2013,3739.431823,8.226688959883763,South Asia
KNA,2013,18580.130195,9.829848019609155,Latin America & Caribbean
LCA,2013,9577.217338,9.167142363009551,Latin America & Caribbean
VCT,2013,7072.467372,8.863964689803469,Latin America & Caribbean
SVK,2016,16636.076913,9.719328924138964,Europe & Central Asia
SVN,2016,21447.83778,9.973379116478016,Europe & Central Asia
SLB,2016,2082.623831,7.64138383493823,East Asia & Pacific
SOM,2016,460.928491,6.133242913828082,Sub-Saharan Africa
ZAF,2016,5651.205852,8.639624226501326,Sub-Saharan Africa
ESP,2016,26755.606115,10.19449930475903,Europe & Central Asia
LKA,2016,4149.191894,8.33066886992615,South Asia
KNA,2016,21387.541551,9.970563860968872,Latin America & Caribbean
LCA,2016,10638.12694,9.272199707925184,Latin America & Caribbean
VCT,2016,7656.900429,8.943362537110588,Latin America & Caribbean
SDN,2016,1033.215942,6.940431490835517,Sub-Saharan Africa
DOM,2015,6800.953094,8.824818042224932,Latin America & Caribbean
ECU,2015,5976.159681,8.695533446837196,Latin America & Caribbean
EGY,2015,3306.981594,8.103791147196723,Middle East & North Africa
SLV,2015,3790.340891,8.240211238886557,Latin America & Caribbean
GNQ,2015,9068.910032,9.112607363010225,Sub-Saharan Africa
EST,2015,17722.155767,9.782570874039335,Europe & Central Asia
SWZ,2015,3419.822766,8.137344005906785,Sub-Saharan Africa
ETH,2015,597.912113,6.393443774922319,Sub-Saharan Africa
FRO,2015,52638.266822,10.871198640343174,Europe & Central Asia
FJI,2015,5097.531069,8.53651159737854,East Asia & Pacific
DJI,2009,1150.937586,7.048332181361076,Middle East & North Africa
DMA,2009,7487.490104,8.920988920753382,Latin America & Caribbean
DOM,2009,4973.95187,8.511969947999686,Latin America & Caribbean
ECU,2009,4053.363311,8.307302262630621,Latin America & Caribbean
EGY,2009,2161.639646,7.678622308081411,Middle East & North Africa
SLV,2009,2910.186518,7.975972453644153,Latin America & Caribbean
GNQ,2009,13232.501938,9.490431350189718,Sub-Saharan Africa
ERI,2009,642.925723,6.46602920123539,Sub-Saharan Africa
EST,2009,14712.449422,9.596449313805614,Europe & Central Asia
SWZ,2009,3189.7968,8.067712494690458,Sub-Saharan Africa
ETH,2009,368.574712,5.909643437347801,Sub-Saharan Africa
KWT,2010,39212.25222,10.576744533575559,Middle East & North Africa
KGZ,2010,876.954476,6.7764550822449445,Europe & Central Asia
LAO,2010,1125.916102,7.026352296154551,East Asia & Pacific
LVA,2010,11188.41917,9.322634519655054,Europe & Central Asia
LBN,2010,7625.810516,8.939293893006795,Middle East & North Africa
LSO,2010,1119.475578,7.020615620704832,Sub-Saharan Africa
LBR,2010,492.252808,6.198992421921451,Sub-Saharan Africa
LBY,2010,11600.906865,9.358838552055955,Middle East & North Africa
LIE,2010,141089.812849,11.857151937140946,Europe & Central Asia
LTU,2010,11829.122609,9.378319787611641,Europe & Central Asia
LUX,2010,110885.991379,11.616257847767294,Europe & Central Asia
SXM,2012,28149.099786,10.245270653873543,Latin America & Caribbean
SVK,2012,17516.969105,9.770925353234844,Europe & Central Asia
SVN,2012,22442.141786,10.01869580009096,Europe & Central Asia
SLB,2012,2066.257386,7.633494223720497,East Asia & Pacific
SOM,2012,350.261947,5.858681294556871,Sub-Saharan Africa
ZAF,2012,8076.976785,8.996772921227445,Sub-Saharan Africa
SSD,2012,1109.260501,7.011448856971027,Sub-Saharan Africa
ESP,2012,28456.443815,10.256129910041668,Europe & Central Asia
LKA,2012,3327.776124,8.11005952924565,South Asia
KNA,2012,17532.055901,9.77178625004605,Latin America & Caribbean
LCA,2012,9260.300066,9.133491731650846,Latin America & Caribbean
VCT,2012,6713.807686,8.81192153340022,Latin America & Caribbean
PER,2007,3581.089308,8.183422309089853,Latin America & Caribbean
PHL,2007,1712.655433,7.445800329813217,East Asia & Pacific
POL,2007,11272.529368,9.330124015570178,Europe & Central Asia
PRT,2007,22811.056484,10.03500063090905,Europe & Central Asia
QAT,2007,65954.114643,11.096714546540431,Middle East & North Africa
ROU,2007,8360.337759,9.031254107056876,Europe & Central Asia
RUS,2007,9101.239258,9.11616586543079,Europe & Central Asia
RWA,2007,420.733581,6.041999809136586,Sub-Saharan Africa
WSM,2007,3038.619041,8.019158428362704,East Asia & Pacific
SMR,2007,70124.424998,11.158026443119367,Europe & Central Asia
STP,2007,878.885792,6.7786549597783115,Sub-Saharan Africa
SOM,2009,246.513252,5.50741575268678,Sub-Saharan Africa
ZAF,2009,6374.7056,8.760093188568122,Sub-Saharan Africa
SSD,2009,1323.220687,7.18782395821614,Sub-Saharan Africa
ESP,2009,32279.820848,10.382197572430442,Europe & Central Asia
LKA,2009,2026.6594,7.6141441007593595,South Asia
KNA,2009,16503.411929,9.711322422087653,Latin America & Caribbean
LCA,2009,8250.521807,9.018031726661905,Latin America & Caribbean
VCT,2009,6463.787773,8.773970767514667,Latin America & Caribbean
SDN,2009,1178.221802,7.071761633414768,Sub-Saharan Africa
SUR,2009,7129.576863,8.872007165644494,Latin America & Caribbean
SWE,2009,46707.642504,10.751663081316867,Europe & Central Asia
CHE,2009,72788.204952,11.195309201168028,Europe & Central Asia
AFG,2007,376.223152,5.930182456706436,South Asia
ALB,2007,3743.055299,8.227657481773388,Europe & Central Asia
DZA,2007,4167.451699,8.33506002463577,Middle East & North Africa
ASM,2007,9231.372409,9.130363006476133,East Asia & Pacific
AND,2007,48336.228334,10.785936627506391,Europe & Central Asia
AGO,2007,3515.05679,8.164810960586513,Sub-Saharan Africa
ATG,2007,18204.512404,9.809424776619975,Latin America & Caribbean
ARG,2007,7185.251551,8.87978580847786,Latin America & Caribbean
