OBS_VALUE,TIME_FORMAT,UNIT_MULT,COMMENT_OBS,OBS_STATUS,OBS_CONF,AGG_METHOD,DECIMALS,COMMENT_TS,DATA_SOURCE,LATEST_DATA,DATABASE_ID,INDICATOR,REF_AREA,SEX,AGE,URBANISATION,COMP_BREAKDOWN_1,COMP_BREAKDOWN_2,COMP_BREAKDOWN_3,TIME_PERIOD,FREQ,UNIT_MEASURE,UNIT_TYPE
1295.877887,P1Y,0,NA,A,PU,_Z,2,NA,NA,FALSE,WB_WDI,WB_WDI_NY_GDP_PCAP_CD,ZMB,_T,_T,_T,_Z,_Z,_Z,2015,A,USD,NA
1387.126326,P1Y,0,NA,A,PU,_Z,2,NA,NA,FALSE,WB_WDI,WB_WDI_NY_GDP_PCAP_CD,ZWE,_T,_T,_T,_Z,_Z,_Z,2015,A,USD,NA
1335.743165,P1Y,0,NA,A,PU,_Z,2,NA,NA,FALSE,WB_WDI,WB_WDI_NY_GDP_PCAP_CD,AFE,_T,_T,_T,_Z,_Z,_Z,2016,A,USD,NA
1632.424978,P1Y,0,NA,A,PU,_Z,2,NA,NA,FALSE,WB_WDI,WB_WDI_NY_GDP_PCAP_CD,AFW,_T,_T,_T,_Z,_Z,_Z,2016,A,USD,NA
6051.261036,P1Y,0,NA,A,PU,_Z,2,NA,NA,FALSE,WB_WDI,WB_WDI_NY_GDP_PCAP_CD,ARB,_T,_T,_T,_Z,_Z,_Z,2016,A,USD,NA
13377.826073,P1Y,0,NA,A,PU,_Z,2,NA,NA,FALSE,WB_WDI,WB_WDI_NY_GDP_PCAP_CD,CSS,_T,_T,_T,_Z,_Z,_Z,2016,A,USD,NA
12874.728062,P1Y,0,NA,A,PU,_Z,2,NA,NA,FALSE,WB_WDI,WB_WDI_NY_GDP_PCAP_CD,CEB,_T,_T,_T,_Z,_Z,_Z,2016,A,USD,NA
3227.648143,P1Y,0,NA,A,PU,_Z,2,NA,NA,FALSE,WB_WDI,WB_WDI_NY_GDP_PCAP_CD,EAR,_T,_T,_T,_Z,_Z,_Z,2016,A,USD,NA
10011.552669,P1Y,0,NA,A,PU,_Z,2,NA,NA,FALSE,WB_WDI,WB_WDI_NY_GDP_PCAP_CD,EAS,_T,_T,_T,_Z,_Z,_Z,2016,A,USD,NA
6683.235297,P1Y,0,NA,A,PU,_Z,2,NA,NA,FALSE,WB_WDI,WB_WDI_NY_GDP_PCAP_CD,EAP,_T,_T,_T,_Z,_Z,_Z,2016,A,USD,NA
6758.794738,P1Y,0,NA,A,PU,_Z,2,NA,NA,FALSE,WB_WDI,WB_WDI_NY_GDP_PCAP_CD,TEA,_T,_T,_T,_Z,_Z,_Z,2016,A,USD,NA
34690.242564,P1Y,0,NA,A,PU,_Z,2,NA,NA,FALSE,WB_WDI,WB_WDI_NY_GDP_PCAP_CD,EMU,_T,_T,_T,_Z,_Z,_Z,2016,A,USD,NA
22554.68212,P1Y,0,NA,A,PU,_Z,2,NA,NA,FALSE,WB_WDI,WB_WDI_NY_GDP_PCAP_CD,ECS,_T,_T,_T,_Z,_Z,_Z,2016,A,USD,NA
2573.955868,P1Y,0,NA,A,PU,_Z,2,NA,NA,FALSE,WB_WDI,WB_WDI_NY_GDP_PCAP_CD,UZB,_T,_T,_T,_Z,_Z,_Z,2012,A,USD,NA
3004.784167,P1Y,0,NA,A,PU,_Z,2,NA,NA,FALSE,WB_WDI,WB_WDI_NY_GDP_PCAP_CD,VUT,_T,_T,_T,_Z,_Z,_Z,2012,A,USD,NA
12582.012569,P1Y,0,NA,A,PU,_Z,2,NA,NA,FALSE,WB_WDI,WB_WDI_NY_GDP_PCAP_CD,VEN,_T,_T,_T,_Z,_Z,_Z,2012,A,USD,NA
2185.117677,P1Y,0,NA,A,PU,_Z,2,NA,NA,FALSE,WB_WDI,WB_WDI_NY_GDP_PCAP_CD,VNM,_T,_T,_T,_Z,_Z,_Z,2012,A,USD,NA
37795.319259,P1Y,0,NA,A,PU,_Z,2,NA,NA,FALSE,WB_WDI,WB_WDI_NY_GDP_PCAP_CD,VIR,_T,_T,_T,_Z,_Z,_Z,2012,A,USD,NA
3067.438727,P1Y,0,NA,A,PU,_Z,2,NA,NA,FALSE,WB_WDI,WB_WDI_NY_GDP_PCAP_CD,PSE,_T,_T,_T,_Z,_Z,_Z,2012,A,USD,NA
1245.050683,P1Y,0,NA,A,PU,_Z,2,NA,NA,FALSE,WB_WDI,WB_WDI_NY_GDP_PCAP_CD,YEM,_T,_T,_T,_Z,_Z,_Z,2012,A,USD,NA
1710.050613,P1Y,0,NA,A,PU,_Z,2,NA,NA,FALSE,WB_WDI,WB_WDI_NY_GDP_PCAP_CD,ZMB,_T,_T,_T,_Z,_Z,_Z,2012,A,USD,NA
1239.227097,P1Y,0,NA,A,PU,_Z,2,NA,NA,FALSE,WB_WDI,WB_WDI_NY_GDP_PCAP_CD,ZWE,_T,_T,_T,_Z,_Z,_Z,2012,A,USD,NA
1705.839003,P1Y,0,NA,A,PU,_Z,2,NA,NA,FALSE,WB_WDI,WB_WDI_NY_GDP_PCAP_CD,AFE,_T,_T,_T,_Z,_Z,_Z,2013,A,USD,NA
2134.247524,P1Y,0,NA,A,PU,_Z,2,NA,NA,FALSE,WB_WDI,WB_WDI_NY_GDP_PCAP_CD,AFW,_T,_T,_T,_Z,_Z,_Z,2013,A,USD,NA
7384.792215,P1Y,0,NA,A,PU,_Z,2,NA,NA,FALSE,WB_WDI,WB_WDI_NY_GDP_PCAP_CD,ARB,_T,_T,_T,_Z,_Z,_Z,2013,A,USD,NA
14575.491888,P1Y,0,NA,A,PU,_Z,2,NA,NA,FALSE,WB_WDI,WB_WDI_NY_GDP_PCAP_CD,CSS,_T,_T,_T,_Z,_Z,_Z,2013,A,USD,NA
1879.200595,P1Y,0,NA,A,PU,_Z,2,NA,NA,FALSE,WB_WDI,WB_WDI_NY_GDP_PCAP_CD,SSA,_T,_T,_T,_Z,_Z,_Z,2013,A,USD,NA
1880.399805,P1Y,0,NA,A,PU,_Z,2,NA,NA,FALSE,WB_WDI,WB_WDI_NY_GDP_PCAP_CD,TSS,_T,_T,_T,_Z,_Z,_Z,2013,A,USD,NA
7183.802643,P1Y,0,NA,A,PU,_Z,2,NA,NA,FALSE,WB_WDI,WB_WDI_NY_GDP_PCAP_CD,UMC,_T,_T,_T,_Z,_Z,_Z,2013,A,USD,NA
10759.345734,P1Y,0,NA,A,PU,_Z,2,NA,NA,FALSE,WB_WDI,WB_WDI_NY_GDP_PCAP_CD,WLD,_T,_T,_T,_Z,_Z,_Z,2013,A,USD,NA
637.087099,P1Y,0,NA,A,PU,_Z,2,NA,NA,FALSE,WB_WDI,WB_WDI_NY_GDP_PCAP_CD,AFG,_T,_T,_T,_Z,_Z,_Z,2013,A,USD,NA
4542.929036,P1Y,0,NA,A,PU,_Z,2,NA,NA,FALSE,WB_WDI,WB_WDI_NY_GDP_PCAP_CD,ALB,_T,_T,_T,_Z,_Z,_Z,2013,A,USD,NA
5979.60139,P1Y,0,NA,A,PU,_Z,2,NA,NA,FALSE,WB_WDI,WB_WDI_NY_GDP_PCAP_CD,DZA,_T,_T,_T,_Z,_Z,_Z,2013,A,USD,NA
11813.502203,P1Y,0,NA,A,PU,_Z,2,NA,NA,FALSE,WB_WDI,WB_WDI_NY_GDP_PCAP_CD,ASM,_T,_T,_T,_Z,_Z,_Z,2013,A,USD,NA
42470.316116,P1Y,0,NA,A,PU,_Z,2,NA,NA,FALSE,WB_WDI,WB_WDI_NY_GDP_PCAP_CD,AND,_T,_T,_T,_Z,_Z,_Z,2013,A,USD,NA
5688.579162,P1Y,0,NA,A,PU,_Z,2,NA,NA,FALSE,WB_WDI,WB_WDI_NY_GDP_PCAP_CD,AGO,_T,_T,_T,_Z,_Z,_Z,2013,A,USD,NA
15051.511359,P1Y,0,NA,A,PU,_Z,2,NA,NA,FALSE,WB_WDI,WB_WDI_NY_GDP_PCAP_CD,ATG,_T,_T,_T,_Z,_Z,_Z,2013,A,USD,NA
12963.675773,P1Y,0,NA,A,PU,_Z,2,NA,NA,FALSE,WB_WDI,WB_WDI_NY_GDP_PCAP_CD,ARG,_T,_T,_T,_Z,_Z,_Z,2013,A,USD,NA
3680.166922,P1Y,0,NA,A,PU,_Z,2,NA,NA,FALSE,WB_WDI,WB_WDI_NY_GDP_PCAP_CD,ARM,_T,_T,_T,_Z,_Z,_Z,2013,A,USD,NA
5870.878238,P1Y,0,NA,A,PU,_Z,2,NA,NA,FALSE,WB_WDI,WB_WDI_NY_GDP_PCAP_CD,GUY,_T,_T,_T,_Z,_Z,_Z,2016,A,USD,NA
1318.402682,P1Y,0,NA,A,PU,_Z,2,NA,NA,FALSE,WB_WDI,WB_WDI_NY_GDP_PCAP_CD,HTI,_T,_T,_T,_Z,_Z,_Z,2016,A,USD,NA
2307.344684,P1Y,0,NA,A,PU,_Z,2,NA,NA,FALSE,WB_WDI,WB_WDI_NY_GDP_PCAP_CD,HND,_T,_T,_T,_Z,_Z,_Z,2016,A,USD,NA
43734.19807,P1Y,0,NA,A,PU,_Z,2,NA,NA,FALSE,WB_WDI,WB_WDI_NY_GDP_PCAP_CD,HKG,_T,_T,_T,_Z,_Z,_Z,2016,A,USD,NA
13215.860528,P1Y,0,NA,A,PU,_Z,2,NA,NA,FALSE,WB_WDI,WB_WDI_NY_GDP_PCAP_CD,HUN,_T,_T,_T,_Z,_Z,_Z,2016,A,USD,NA
62854.090641,P1Y,0,NA,A,PU,_Z,2,NA,NA,FALSE,WB_WDI,WB_WDI_NY_GDP_PCAP_CD,ISL,_T,_T,_T,_Z,_Z,_Z,2016,A,USD,NA
1707.508929,P1Y,0,NA,A,PU,_Z,2,NA,NA,FALSE,WB_WDI,WB_WDI_NY_GDP_PCAP_CD,IND,_T,_T,_T,_Z,_Z,_Z,2016,A,USD,NA
3521.469435,P1Y,0,NA,A,PU,_Z,2,NA,NA,FALSE,WB_WDI,WB_WDI_NY_GDP_PCAP_CD,IDN,_T,_T,_T,_Z,_Z,_Z,2016,A,USD,NA
5710.599471,P1Y,0,NA,A,PU,_Z,2,NA,NA,FALSE,WB_WDI,WB_WDI_NY_GDP_PCAP_CD,IRN,_T,_T,_T,_Z,_Z,_Z,2016,A,USD,NA
4334.420964,P1Y,0,NA,A,PU,_Z,2,NA,NA,FALSE,WB_WDI,WB_WDI_NY_GDP_PCAP_CD,IRQ,_T,_T,_T,_Z,_Z,_Z,2016,A,USD,NA
64129.557154,P1Y,0,NA,A,PU,_Z,2,NA,NA,FALSE,WB_WDI,WB_WDI_NY_GDP_PCAP_CD,IRL,_T,_T,_T,_Z,_Z,_Z,2016,A,USD,NA
4002.013869,P1Y,0,NA,A,PU,_Z,2,NA,NA,FALSE,WB_WDI,WB_WDI_NY_GDP_PCAP_CD,CPV,_T,_T,_T,_Z,_Z,_Z,2011,A,USD,NA
1088.981528,P1Y,0,NA,A,PU,_Z,2,NA,NA,FALSE,WB_WDI,WB_WDI_NY_GDP_PCAP_CD,KHM,_T,_T,_T,_Z,_Z,_Z,2011,A,USD,NA
1513.96057,P1Y,0,NA,A,PU,_Z,2,NA,NA,FALSE,WB_WDI,WB_WDI_NY_GDP_PCAP_CD,CMR,_T,_T,_T,_Z,_Z,_Z,2011,A,USD,NA
52224.123777,P1Y,0,NA,A,PU,_Z,2,NA,NA,FALSE,WB_WDI,WB_WDI_NY_GDP_PCAP_CD,CAN,_T,_T,_T,_Z,_Z,_Z,2011,A,USD,NA
75280.960765,P1Y,0,NA,A,PU,_Z,2,NA,NA,FALSE,WB_WDI,WB_WDI_NY_GDP_PCAP_CD,CYM,_T,_T,_T,_Z,_Z,_Z,2011,A,USD,NA
534.057281,P1Y,0,NA,A,PU,_Z,2,NA,NA,FALSE,WB_WDI,WB_WDI_NY_GDP_PCAP_CD,CAF,_T,_T,_T,_Z,_Z,_Z,2011,A,USD,NA
1308.142187,P1Y,0,NA,A,PU,_Z,2,NA,NA,FALSE,WB_WDI,WB_WDI_NY_GDP_PCAP_CD,TCD,_T,_T,_T,_Z,_Z,_Z,2011,A,USD,NA
60415.263208,P1Y,0,NA,A,PU,_Z,2,NA,NA,FALSE,WB_WDI,WB_WDI_NY_GDP_PCAP_CD,CHI,_T,_T,_T,_Z,_Z,_Z,2011,A,USD,NA
14487.392783,P1Y,0,NA,A,PU,_Z,2,NA,NA,FALSE,WB_WDI,WB_WDI_NY_GDP_PCAP_CD,CHL,_T,_T,_T,_Z,_Z,_Z,2011,A,USD,NA
5703.76028,P1Y,0,NA,A,PU,_Z,2,NA,NA,FALSE,WB_WDI,WB_WDI_NY_GDP_PCAP_CD,CHN,_T,_T,_T,_Z,_Z,_Z,2011,A,USD,NA
7400.99407,P1Y,0,NA,A,PU,_Z,2,NA,NA,FALSE,WB_WDI,WB_WDI_NY_GDP_PCAP_CD,COL,_T,_T,_T,_Z,_Z,_Z,2011,A,USD,NA
1531.439693,P1Y,0,NA,A,PU,_Z,2,NA,NA,FALSE,WB_WDI,WB_WDI_NY_GDP_PCAP_CD,COM,_T,_T,_T,_Z,_Z,_Z,2011,A,USD,NA
8187.208249,P1Y,0,NA,A,PU,_Z,2,NA,NA,FALSE,WB_WDI,WB_WDI_NY_GDP_PCAP_CD,COL,_T,_T,_T,_Z,_Z,_Z,2014,A,USD,NA
1615.717098,P1Y,0,NA,A,PU,_Z,2,NA,NA,FALSE,WB_WDI,WB_WDI_NY_GDP_PCAP_CD,COM,_T,_T,_T,_Z,_Z,_Z,2014,A,USD,NA
489.175952,P1Y,0,NA,A,PU,_Z,2,NA,NA,FALSE,WB_WDI,WB_WDI_NY_GDP_PCAP_CD,COD,_T,_T,_T,_Z,_Z,_Z,2014,A,USD,NA
3601.236581,P1Y,0,NA,A,PU,_Z,2,NA,NA,FALSE,WB_WDI,WB_WDI_NY_GDP_PCAP_CD,COG,_T,_T,_T,_Z,_Z,_Z,2014,A,USD,NA
10911.49787,P1Y,0,NA,A,PU,_Z,2,NA,NA,FALSE,WB_WDI,WB_WDI_NY_GDP_PCAP_CD,CRI,_T,_T,_T,_Z,_Z,_Z,2014,A,USD,NA
1991.365394,P1Y,0,NA,A,PU,_Z,2,NA,NA,FALSE,WB_WDI,WB_WDI_NY_GDP_PCAP_CD,CIV,_T,_T,_T,_Z,_Z,_Z,2014,A,USD,NA
14186.771223,P1Y,0,NA,A,PU,_Z,2,NA,NA,FALSE,WB_WDI,WB_WDI_NY_GDP_PCAP_CD,HRV,_T,_T,_T,_Z,_Z,_Z,2014,A,USD,NA
7146.704591,P1Y,0,NA,A,PU,_Z,2,NA,NA,FALSE,WB_WDI,WB_WDI_NY_GDP_PCAP_CD,CUB,_T,_T,_T,_Z,_Z,_Z,2014,A,USD,NA
19623.029993,P1Y,0,NA,A,PU,_Z,2,NA,NA,FALSE,WB_WDI,WB_WDI_NY_GDP_PCAP_CD,CUW,_T,_T,_T,_Z,_Z,_Z,2014,A,USD,NA
26993.095703,P1Y,0,NA,A,PU,_Z,2,NA,NA,FALSE,WB_WDI,WB_WDI_NY_GDP_PCAP_CD,CYP,_T,_T,_T,_Z,_Z,_Z,2014,A,USD,NA
1950.104683,P1Y,0,NA,A,PU,_Z,2,NA,NA,FALSE,WB_WDI,WB_WDI_NY_GDP_PCAP_CD,IND,_T,_T,_T,_Z,_Z,_Z,2017,A,USD,NA
3798.883262,P1Y,0,NA,A,PU,_Z,2,NA,NA,FALSE,WB_WDI,WB_WDI_NY_GDP_PCAP_CD,IDN,_T,_T,_T,_Z,_Z,_Z,2017,A,USD,NA
6000.933464,P1Y,0,NA,A,PU,_Z,2,NA,NA,FALSE,WB_WDI,WB_WDI_NY_GDP_PCAP_CD,IRN,_T,_T,_T,_Z,_Z,_Z,2017,A,USD,NA
4759.284644,P1Y,0,NA,A,PU,_Z,2,NA,NA,FALSE,WB_WDI,WB_WDI_NY_GDP_PCAP_CD,IRQ,_T,_T,_T,_Z,_Z,_Z,2017,A,USD,NA
72161.404753,P1Y,0,NA,A,PU,_Z,2,NA,NA,FALSE,WB_WDI,WB_WDI_NY_GDP_PCAP_CD,IRL,_T,_T,_T,_Z,_Z,_Z,2017,A,USD,NA
83481.303849,P1Y,0,NA,A,PU,_Z,2,NA,NA,FALSE,WB_WDI,WB_WDI_NY_GDP_PCAP_CD,IMN,_T,_T,_T,_Z,_Z,_Z,2017,A,USD,NA
41013.257532,P1Y,0,NA,A,PU,_Z,2,NA,NA,FALSE,WB_WDI,WB_WDI_NY_GDP_PCAP_CD,ISR,_T,_T,_T,_Z,_Z,_Z,2017,A,USD,NA
32844.115661,P1Y,0,NA,A,PU,_Z,2,NA,NA,FALSE,WB_WDI,WB_WDI_NY_GDP_PCAP_CD,ITA,_T,_T,_T,_Z,_Z,_Z,2017,A,USD,NA
5605.435412,P1Y,0,NA,A,PU,_Z,2,NA,NA,FALSE,WB_WDI,WB_WDI_NY_GDP_PCAP_CD,JAM,_T,_T,_T,_Z,_Z,_Z,2017,A,USD,NA
39679.863526,P1Y,0,NA,A,PU,_Z,2,NA,NA,FALSE,WB_WDI,WB_WDI_NY_GDP_PCAP_CD,JPN,_T,_T,_T,_Z,_Z,_Z,2017,A,USD,NA
4449.346181,P1Y,0,NA,A,PU,_Z,2,NA,NA,FALSE,WB_WDI,WB_WDI_NY_GDP_PCAP_CD,JOR,_T,_T,_T,_Z,_Z,_Z,2017,A,USD,NA
4457.634122,P1Y,0,NA,A,PU,_Z,2,NA,NA,FALSE,WB_WDI,WB_WDI_NY_GDP_PCAP_CD,ALB,_T,_T,_T,_Z,_Z,_Z,2016,A,USD,NA
4424.98529,P1Y,0,NA,A,PU,_Z,2,NA,NA,FALSE,WB_WDI,WB_WDI_NY_GDP_PCAP_CD,DZA,_T,_T,_T,_Z,_Z,_Z,2016,A,USD,NA
12843.33429,P1Y,0,NA,A,PU,_Z,2,NA,NA,FALSE,WB_WDI,WB_WDI_NY_GDP_PCAP_CD,ASM,_T,_T,_T,_Z,_Z,_Z,2016,A,USD,NA
40129.819203,P1Y,0,NA,A,PU,_Z,2,NA,NA,FALSE,WB_WDI,WB_WDI_NY_GDP_PCAP_CD,AND,_T,_T,_T,_Z,_Z,_Z,2016,A,USD,NA
2082.373436,P1Y,0,NA,A,PU,_Z,2,NA,NA,FALSE,WB_WDI,WB_WDI_NY_GDP_PCAP_CD,AGO,_T,_T,_T,_Z,_Z,_Z,2016,A,USD,NA
16556.85518,P1Y,0,NA,A,PU,_Z,2,NA,NA,FALSE,WB_WDI,WB_WDI_NY_GDP_PCAP_CD,ATG,_T,_T,_T,_Z,_Z,_Z,2016,A,USD,NA
12699.962314,P1Y,0,NA,A,PU,_Z,2,NA,NA,FALSE,WB_WDI,WB_WDI_NY_GDP_PCAP_CD,ARG,_T,_T,_T,_Z,_Z,_Z,2016,A,USD,NA
3524.424769,P1Y,0,NA,A,PU,_Z,2,NA,NA,FALSE,WB_WDI,WB_WDI_NY_GDP_PCAP_CD,ARM,_T,_T,_T,_Z,_Z,_Z,2016,A,USD,NA
27441.550214,P1Y,0,NA,A,PU,_Z,2,NA,NA,FALSE,WB_WDI,WB_WDI_NY_GDP_PCAP_CD,ABW,_T,_T,_T,_Z,_Z,_Z,2016,A,USD,NA
50084.444061,P1Y,0,NA,A,PU,_Z,2,NA,NA,FALSE,WB_WDI,WB_WDI_NY_GDP_PCAP_CD,AUS,_T,_T,_T,_Z,_Z,_Z,2016,A,USD,NA
45061.499392,P1Y,0,NA,A,PU,_Z,2,NA,NA,FALSE,WB_WDI,WB_WDI_NY_GDP_PCAP_CD,AUT,_T,_T,_T,_Z,_Z,_Z,2016,A,USD,NA
3880.685228,P1Y,0,NA,A,PU,_Z,2,NA,NA,FALSE,WB_WDI,WB_WDI_NY_GDP_PCAP_CD,AZE,_T,_T,_T,_Z,_Z,_Z,2016,A,USD,NA
30616.536316,P1Y,0,NA,A,PU,_Z,2,NA,NA,FALSE,WB_WDI,WB_WDI_NY_GDP_PCAP_CD,BHS,_T,_T,_T,_Z,_Z,_Z,2016,A,USD,NA
4804.513169,P1Y,0,NA,A,PU,_Z,2,NA,NA,FALSE,WB_WDI,WB_WDI_NY_GDP_PCAP_CD,IBT,_T,_T,_T,_Z,_Z,_Z,2014,A,USD,NA
2113.887023,P1Y,0,NA,A,PU,_Z,2,NA,NA,FALSE,WB_WDI,WB_WDI_NY_GDP_PCAP_CD,IDB,_T,_T,_T,_Z,_Z,_Z,2014,A,USD,NA
1049.900732,P1Y,0,NA,A,PU,_Z,2,NA,NA,FALSE,WB_WDI,WB_WDI_NY_GDP_PCAP_CD,IDX,_T,_T,_T,_Z,_Z,_Z,2014,A,USD,NA
1426.500327,P1Y,0,NA,A,PU,_Z,2,NA,NA,FALSE,WB_WDI,WB_WDI_NY_GDP_PCAP_CD,IDA,_T,_T,_T,_Z,_Z,_Z,2014,A,USD,NA
8923.257193,P1Y,0,NA,A,PU,_Z,2,NA,NA,FALSE,WB_WDI,WB_WDI_NY_GDP_PCAP_CD,LTE,_T,_T,_T,_Z,_Z,_Z,2014,A,USD,NA
10146.146495,P1Y,0,NA,A,PU,_Z,2,NA,NA,FALSE,WB_WDI,WB_WDI_NY_GDP_PCAP_CD,LCN,_T,_T,_T,_Z,_Z,_Z,2014,A,USD,NA
9758.391724,P1Y,0,NA,A,PU,_Z,2,NA,NA,FALSE,WB_WDI,WB_WDI_NY_GDP_PCAP_CD,LAC,_T,_T,_T,_Z,_Z,_Z,2014,A,USD,NA
10059.023926,P1Y,0,NA,A,PU,_Z,2,NA,NA,FALSE,WB_WDI,WB_WDI_NY_GDP_PCAP_CD,TLA,_T,_T,_T,_Z,_Z,_Z,2014,A,USD,NA
1056.976731,P1Y,0,NA,A,PU,_Z,2,NA,NA,FALSE,WB_WDI,WB_WDI_NY_GDP_PCAP_CD,LDC,_T,_T,_T,_Z,_Z,_Z,2014,A,USD,NA
4422.777374,P1Y,0,NA,A,PU,_Z,2,NA,NA,FALSE,WB_WDI,WB_WDI_NY_GDP_PCAP_CD,LMY,_T,_T,_T,_Z,_Z,_Z,2014,A,USD,NA
749.40767,P1Y,0,NA,A,PU,_Z,2,NA,NA,FALSE,WB_WDI,WB_WDI_NY_GDP_PCAP_CD,LIC,_T,_T,_T,_Z,_Z,_Z,2014,A,USD,NA
1855.452117,P1Y,0,NA,A,PU,_Z,2,NA,NA,FALSE,WB_WDI,WB_WDI_NY_GDP_PCAP_CD,LMC,_T,_T,_T,_Z,_Z,_Z,2014,A,USD,NA
82025.945451,P1Y,0,NA,A,PU,_Z,2,NA,NA,FALSE,WB_WDI,WB_WDI_NY_GDP_PCAP_CD,IMN,_T,_T,_T,_Z,_Z,_Z,2016,A,USD,NA
37571.25612,P1Y,0,NA,A,PU,_Z,2,NA,NA,FALSE,WB_WDI,WB_WDI_NY_GDP_PCAP_CD,ISR,_T,_T,_T,_Z,_Z,_Z,2016,A,USD,NA
31391.56929,P1Y,0,NA,A,PU,_Z,2,NA,NA,FALSE,WB_WDI,WB_WDI_NY_GDP_PCAP_CD,ITA,_T,_T,_T,_Z,_Z,_Z,2016,A,USD,NA
5302.295534,P1Y,0,NA,A,PU,_Z,2,NA,NA,FALSE,WB_WDI,WB_WDI_NY_GDP_PCAP_CD,JAM,_T,_T,_T,_Z,_Z,_Z,2016,A,USD,NA
40214.968863,P1Y,0,NA,A,PU,_Z,2,NA,NA,FALSE,WB_WDI,WB_WDI_NY_GDP_PCAP_CD,JPN,_T,_T,_T,_Z,_Z,_Z,2016,A,USD,NA
4366.069996,P1Y,0,NA,A,PU,_Z,2,NA,NA,FALSE,WB_WDI,WB_WDI_NY_GDP_PCAP_CD,JOR,_T,_T,_T,_Z,_Z,_Z,2016,A,USD,NA
7475.566887,P1Y,0,NA,A,PU,_Z,2,NA,NA,FALSE,WB_WDI,WB_WDI_NY_GDP_PCAP_CD,KAZ,_T,_T,_T,_Z,_Z,_Z,2016,A,USD,NA
1554.126103,P1Y,0,NA,A,PU,_Z,2,NA,NA,FALSE,WB_WDI,WB_WDI_NY_GDP_PCAP_CD,KEN,_T,_T,_T,_Z,_Z,_Z,2016,A,USD,NA
1742.667993,P1Y,0,NA,A,PU,_Z,2,NA,NA,FALSE,WB_WDI,WB_WDI_NY_GDP_PCAP_CD,KIR,_T,_T,_T,_Z,_Z,_Z,2016,A,USD,NA
30832.062807,P1Y,0,NA,A,PU,_Z,2,NA,NA,FALSE,WB_WDI,WB_WDI_NY_GDP_PCAP_CD,KOR,_T,_T,_T,_Z,_Z,_Z,2016,A,USD,NA
3759.447775,P1Y,0,NA,A,PU,_Z,2,NA,NA,FALSE,WB_WDI,WB_WDI_NY_GDP_PCAP_CD,XKX,_T,_T,_T,_Z,_Z,_Z,2016,A,USD,NA
4420.647722,P1Y,0,NA,A,PU,_Z,2,NA,NA,FALSE,WB_WDI,WB_WDI_NY_GDP_PCAP_CD,TUN,_T,_T,_T,_Z,_Z,_Z,2011,A,USD,NA
11373.635576,P1Y,0,NA,A,PU,_Z,2,NA,NA,FALSE,WB_WDI,WB_WDI_NY_GDP_PCAP_CD,TUR,_T,_T,_T,_Z,_Z,_Z,2011,A,USD,NA
5143.619293,P1Y,0,NA,A,PU,_Z,2,NA,NA,FALSE,WB_WDI,WB_WDI_NY_GDP_PCAP_CD,TKM,_T,_T,_T,_Z,_Z,_Z,2011,A,USD,NA
27327.400635,P1Y,0,NA,A,PU,_Z,2,NA,NA,FALSE,WB_WDI,WB_WDI_NY_GDP_PCAP_CD,TCA,_T,_T,_T,_Z,_Z,_Z,2011,A,USD,NA
3636.0814,P1Y,0,NA,A,PU,_Z,2,NA,NA,FALSE,WB_WDI,WB_WDI_NY_GDP_PCAP_CD,TUV,_T,_T,_T,_Z,_Z,_Z,2011,A,USD,NA
835.620061,P1Y,0,NA,A,PU,_Z,2,NA,NA,FALSE,WB_WDI,WB_WDI_NY_GDP_PCAP_CD,UGA,_T,_T,_T,_Z,_Z,_Z,2011,A,USD,NA
3656.697998,P1Y,0,NA,A,PU,_Z,2,NA,NA,FALSE,WB_WDI,WB_WDI_NY_GDP_PCAP_CD,UKR,_T,_T,_T,_Z,_Z,_Z,2011,A,USD,NA
51921.889075,P1Y,0,NA,A,PU,_Z,2,NA,NA,FALSE,WB_WDI,WB_WDI_NY_GDP_PCAP_CD,ARE,_T,_T,_T,_Z,_Z,_Z,2011,A,USD,NA
42295.927384,P1Y,0,NA,A,PU,_Z,2,NA,NA,FALSE,WB_WDI,WB_WDI_NY_GDP_PCAP_CD,GBR,_T,_T,_T,_Z,_Z,_Z,2011,A,USD,NA
50024.881232,P1Y,0,NA,A,PU,_Z,2,NA,NA,FALSE,WB_WDI,WB_WDI_NY_GDP_PCAP_CD,USA,_T,_T,_T,_Z,_Z,_Z,2011,A,USD,NA
15132.267573,P1Y,0,NA,A,PU,_Z,2,NA,NA,FALSE,WB_WDI,WB_WDI_NY_GDP_PCAP_CD,URY,_T,_T,_T,_Z,_Z,_Z,2011,A,USD,NA
2338.554628,P1Y,0,NA,A,PU,_Z,2,NA,NA,FALSE,WB_WDI,WB_WDI_NY_GDP_PCAP_CD,UZB,_T,_T,_T,_Z,_Z,_Z,2011,A,USD,NA
1547.320104,P1Y,0,NA,A,PU,_Z,2,NA,NA,FALSE,WB_WDI,WB_WDI_NY_GDP_PCAP_CD,KHM,_T,_T,_T,_Z,_Z,_Z,2015,A,USD,NA
1415.000097,P1Y,0,NA,A,PU,_Z,2,NA,NA,FALSE,WB_WDI,WB_WDI_NY_GDP_PCAP_CD,CMR,_T,_T,_T,_Z,_Z,_Z,2015,A,USD,NA
43594.237908,P1Y,0,NA,A,PU,_Z,2,NA,NA,FALSE,WB_WDI,WB_WDI_NY_GDP_PCAP_CD,CAN,_T,_T,_T,_Z,_Z,_Z,2015,A,USD,NA
76379.209511,P1Y,0,NA,A,PU,_Z,2,NA,NA,FALSE,WB_WDI,WB_WDI_NY_GDP_PCAP_CD,CYM,_T,_T,_T,_Z,_Z,_Z,2015,A,USD,NA
366.322854,P1Y,0,NA,A,PU,_Z,2,NA,NA,FALSE,WB_WDI,WB_WDI_NY_GDP_PCAP_CD,CAF,_T,_T,_T,_Z,_Z,_Z,2015,A,USD,NA
993.990731,P1Y,0,NA,A,PU,_Z,2,NA,NA,FALSE,WB_WDI,WB_WDI_NY_GDP_PCAP_CD,TCD,_T,_T,_T,_Z,_Z,_Z,2015,A,USD,NA
61847.821224,P1Y,0,NA,A,PU,_Z,2,NA,NA,FALSE,WB_WDI,WB_WDI_NY_GDP_PCAP_CD,CHI,_T,_T,_T,_Z,_Z,_Z,2015,A,USD,NA
13433.920299,P1Y,0,NA,A,PU,_Z,2,NA,NA,FALSE,WB_WDI,WB_WDI_NY_GDP_PCAP_CD,CHL,_T,_T,_T,_Z,_Z,_Z,2015,A,USD,NA
8175.332851,P1Y,0,NA,A,PU,_Z,2,NA,NA,FALSE,WB_WDI,WB_WDI_NY_GDP_PCAP_CD,CHN,_T,_T,_T,_Z,_Z,_Z,2015,A,USD,NA
6248.514905,P1Y,0,NA,A,PU,_Z,2,NA,NA,FALSE,WB_WDI,WB_WDI_NY_GDP_PCAP_CD,COL,_T,_T,_T,_Z,_Z,_Z,2015,A,USD,NA
1329.370482,P1Y,0,NA,A,PU,_Z,2,NA,NA,FALSE,WB_WDI,WB_WDI_NY_GDP_PCAP_CD,COM,_T,_T,_T,_Z,_Z,_Z,2015,A,USD,NA
495.826633,P1Y,0,NA,A,PU,_Z,2,NA,NA,FALSE,WB_WDI,WB_WDI_NY_GDP_PCAP_CD,COD,_T,_T,_T,_Z,_Z,_Z,2015,A,USD,NA
44923.340014,P1Y,0,NA,A,PU,_Z,2,NA,NA,FALSE,WB_WDI,WB_WDI_NY_GDP_PCAP_CD,BEL,_T,_T,_T,_Z,_Z,_Z,2009,A,USD,NA
5399.671,P1Y,0,NA,A,PU,_Z,2,NA,NA,FALSE,WB_WDI,WB_WDI_NY_GDP_PCAP_CD,BLZ,_T,_T,_T,_Z,_Z,_Z,2009,A,USD,NA
1024.102779,P1Y,0,NA,A,PU,_Z,2,NA,NA,FALSE,WB_WDI,WB_WDI_NY_GDP_PCAP_CD,BEN,_T,_T,_T,_Z,_Z,_Z,2009,A,USD,NA
104711.71242,P1Y,0,NA,A,PU,_Z,2,NA,NA,FALSE,WB_WDI,WB_WDI_NY_GDP_PCAP_CD,BMU,_T,_T,_T,_Z,_Z,_Z,2009,A,USD,NA
1918.395992,P1Y,0,NA,A,PU,_Z,2,NA,NA,FALSE,WB_WDI,WB_WDI_NY_GDP_PCAP_CD,BTN,_T,_T,_T,_Z,_Z,_Z,2009,A,USD,NA
1731.181721,P1Y,0,NA,A,PU,_Z,2,NA,NA,FALSE,WB_WDI,WB_WDI_NY_GDP_PCAP_CD,BOL,_T,_T,_T,_Z,_Z,_Z,2009,A,USD,NA
4539.918638,P1Y,0,NA,A,PU,_Z,2,NA,NA,FALSE,WB_WDI,WB_WDI_NY_GDP_PCAP_CD,BIH,_T,_T,_T,_Z,_Z,_Z,2009,A,USD,NA
5082.933883,P1Y,0,NA,A,PU,_Z,2,NA,NA,FALSE,WB_WDI,WB_WDI_NY_GDP_PCAP_CD,BWA,_T,_T,_T,_Z,_Z,_Z,2009,A,USD,NA
8678.659224,P1Y,0,NA,A,PU,_Z,2,NA,NA,FALSE,WB_WDI,WB_WDI_NY_GDP_PCAP_CD,BRA,_T,_T,_T,_Z,_Z,_Z,2009,A,USD,NA
30946.467377,P1Y,0,NA,A,PU,_Z,2,NA,NA,FALSE,WB_WDI,WB_WDI_NY_GDP_PCAP_CD,BRN,_T,_T,_T,_Z,_Z,_Z,2009,A,USD,NA
6988.630484,P1Y,0,NA,A,PU,_Z,2,NA,NA,FALSE,WB_WDI,WB_WDI_NY_GDP_PCAP_CD,BGR,_T,_T,_T,_Z,_Z,_Z,2009,A,USD,NA
68911.675592,P1Y,0,NA,A,PU,_Z,2,NA,NA,FALSE,WB_WDI,WB_WDI_NY_GDP_PCAP_CD,MAC,_T,_T,_T,_Z,_Z,_Z,2016,A,USD,NA
453.970715,P1Y,0,NA,A,PU,_Z,2,NA,NA,FALSE,WB_WDI,WB_WDI_NY_GDP_PCAP_CD,MDG,_T,_T,_T,_Z,_Z,_Z,2016,A,USD,NA
450.506106,P1Y,0,NA,A,PU,_Z,2,NA,NA,FALSE,WB_WDI,WB_WDI_NY_GDP_PCAP_CD,MWI,_T,_T,_T,_Z,_Z,_Z,2016,A,USD,NA
9476.534098,P1Y,0,NA,A,PU,_Z,2,NA,NA,FALSE,WB_WDI,WB_WDI_NY_GDP_PCAP_CD,MYS,_T,_T,_T,_Z,_Z,_Z,2016,A,USD,NA
9947.807447,P1Y,0,NA,A,PU,_Z,2,NA,NA,FALSE,WB_WDI,WB_WDI_NY_GDP_PCAP_CD,MDV,_T,_T,_T,_Z,_Z,_Z,2016,A,USD,NA
872.468587,P1Y,0,NA,A,PU,_Z,2,NA,NA,FALSE,WB_WDI,WB_WDI_NY_GDP_PCAP_CD,MLI,_T,_T,_T,_Z,_Z,_Z,2016,A,USD,NA
26459.064429,P1Y,0,NA,A,PU,_Z,2,NA,NA,FALSE,WB_WDI,WB_WDI_NY_GDP_PCAP_CD,MLT,_T,_T,_T,_Z,_Z,_Z,2016,A,USD,NA
4229.809889,P1Y,0,NA,A,PU,_Z,2,NA,NA,FALSE,WB_WDI,WB_WDI_NY_GDP_PCAP_CD,MHL,_T,_T,_T,_Z,_Z,_Z,2016,A,USD,NA
1568.005512,P1Y,0,NA,A,PU,_Z,2,NA,NA,FALSE,WB_WDI,WB_WDI_NY_GDP_PCAP_CD,MRT,_T,_T,_T,_Z,_Z,_Z,2016,A,USD,NA
10095.122557,P1Y,0,NA,A,PU,_Z,2,NA,NA,FALSE,WB_WDI,WB_WDI_NY_GDP_PCAP_CD,MUS,_T,_T,_T,_Z,_Z,_Z,2016,A,USD,NA
9097.923977,P1Y,0,NA,A,PU,_Z,2,NA,NA,FALSE,WB_WDI,WB_WDI_NY_GDP_PCAP_CD,MEX,_T,_T,_T,_Z,_Z,_Z,2016,A,USD,NA
1772.087183,P1Y,0,NA,A,PU,_Z,2,NA,NA,FALSE,WB_WDI,WB_WDI_NY_GDP_PCAP_CD,KIR,_T,_T,_T,_Z,_Z,_Z,2013,A,USD,NA
28449.35911,P1Y,0,NA,A,PU,_Z,2,NA,NA,FALSE,WB_WDI,WB_WDI_NY_GDP_PCAP_CD,KOR,_T,_T,_T,_Z,_Z,_Z,2013,A,USD,NA
3704.558124,P1Y,0,NA,A,PU,_Z,2,NA,NA,FALSE,WB_WDI,WB_WDI_NY_GDP_PCAP_CD,XKX,_T,_T,_T,_Z,_Z,_Z,2013,A,USD,NA
49651.043928,P1Y,0,NA,A,PU,_Z,2,NA,NA,FALSE,WB_WDI,WB_WDI_NY_GDP_PCAP_CD,KWT,_T,_T,_T,_Z,_Z,_Z,2013,A,USD,NA
1269.663035,P1Y,0,NA,A,PU,_Z,2,NA,NA,FALSE,WB_WDI,WB_WDI_NY_GDP_PCAP_CD,KGZ,_T,_T,_T,_Z,_Z,_Z,2013,A,USD,NA
1812.517744,P1Y,0,NA,A,PU,_Z,2,NA,NA,FALSE,WB_WDI,WB_WDI_NY_GDP_PCAP_CD,LAO,_T,_T,_T,_Z,_Z,_Z,2013,A,USD,NA
14484.471528,P1Y,0,NA,A,PU,_Z,2,NA,NA,FALSE,WB_WDI,WB_WDI_NY_GDP_PCAP_CD,LVA,_T,_T,_T,_Z,_Z,_Z,2013,A,USD,NA
8162.379294,P1Y,0,NA,A,PU,_Z,2,NA,NA,FALSE,WB_WDI,WB_WDI_NY_GDP_PCAP_CD,LBN,_T,_T,_T,_Z,_Z,_Z,2013,A,USD,NA
1151.037358,P1Y,0,NA,A,PU,_Z,2,NA,NA,FALSE,WB_WDI,WB_WDI_NY_GDP_PCAP_CD,LSO,_T,_T,_T,_Z,_Z,_Z,2013,A,USD,NA
710.744571,P1Y,0,NA,A,PU,_Z,2,NA,NA,FALSE,WB_WDI,WB_WDI_NY_GDP_PCAP_CD,LBR,_T,_T,_T,_Z,_Z,_Z,2013,A,USD,NA
11951.713413,P1Y,0,NA,A,PU,_Z,2,NA,NA,FALSE,WB_WDI,WB_WDI_NY_GDP_PCAP_CD,LBY,_T,_T,_T,_Z,_Z,_Z,2013,A,USD,NA
1929.783731,P1Y,0,NA,A,PU,_Z,2,NA,NA,FALSE,WB_WDI,WB_WDI_NY_GDP_PCAP_CD,BOL,_T,_T,_T,_Z,_Z,_Z,2010,A,USD,NA
4506.478285,P1Y,0,NA,A,PU,_Z,2,NA,NA,FALSE,WB_WDI,WB_WDI_NY_GDP_PCAP_CD,BIH,_T,_T,_T,_Z,_Z,_Z,2010,A,USD,NA
6215.732161,P1Y,0,NA,A,PU,_Z,2,NA,NA,FALSE,WB_WDI,WB_WDI_NY_GDP_PCAP_CD,BWA,_T,_T,_T,_Z,_Z,_Z,2010,A,USD,NA
11403.282128,P1Y,0,NA,A,PU,_Z,2,NA,NA,FALSE,WB_WDI,WB_WDI_NY_GDP_PCAP_CD,BRA,_T,_T,_T,_Z,_Z,_Z,2010,A,USD,NA
34937.555536,P1Y,0,NA,A,PU,_Z,2,NA,NA,FALSE,WB_WDI,WB_WDI_NY_GDP_PCAP_CD,BRN,_T,_T,_T,_Z,_Z,_Z,2010,A,USD,NA
6854.298784,P1Y,0,NA,A,PU,_Z,2,NA,NA,FALSE,WB_WDI,WB_WDI_NY_GDP_PCAP_CD,BGR,_T,_T,_T,_Z,_Z,_Z,2010,A,USD,NA
624.957252,P1Y,0,NA,A,PU,_Z,2,NA,NA,FALSE,WB_WDI,WB_WDI_NY_GDP_PCAP_CD,BFA,_T,_T,_T,_Z,_Z,_Z,2010,A,USD,NA
216.727705,P1Y,0,NA,A,PU,_Z,2,NA,NA,FALSE,WB_WDI,WB_WDI_NY_GDP_PCAP_CD,BDI,_T,_T,_T,_Z,_Z,_Z,2010,A,USD,NA
3579.460061,P1Y,0,NA,A,PU,_Z,2,NA,NA,FALSE,WB_WDI,WB_WDI_NY_GDP_PCAP_CD,CPV,_T,_T,_T,_Z,_Z,_Z,2010,A,USD,NA
952.274616,P1Y,0,NA,A,PU,_Z,2,NA,NA,FALSE,WB_WDI,WB_WDI_NY_GDP_PCAP_CD,KHM,_T,_T,_T,_Z,_Z,_Z,2010,A,USD,NA
4928.56659,P1Y,0,NA,A,PU,_Z,2,NA,NA,FALSE,WB_WDI,WB_WDI_NY_GDP_PCAP_CD,BIH,_T,_T,_T,_Z,_Z,_Z,2016,A,USD,NA
6749.059943,P1Y,0,NA,A,PU,_Z,2,NA,NA,FALSE,WB_WDI,WB_WDI_NY_GDP_PCAP_CD,BWA,_T,_T,_T,_Z,_Z,_Z,2016,A,USD,NA
8836.286527,P1Y,0,NA,A,PU,_Z,2,NA,NA,FALSE,WB_WDI,WB_WDI_NY_GDP_PCAP_CD,BRA,_T,_T,_T,_Z,_Z,_Z,2016,A,USD,NA
26663.297295,P1Y,0,NA,A,PU,_Z,2,NA,NA,FALSE,WB_WDI,WB_WDI_NY_GDP_PCAP_CD,BRN,_T,_T,_T,_Z,_Z,_Z,2016,A,USD,NA
7822.898864,P1Y,0,NA,A,PU,_Z,2,NA,NA,FALSE,WB_WDI,WB_WDI_NY_GDP_PCAP_CD,BGR,_T,_T,_T,_Z,_Z,_Z,2016,A,USD,NA
663.742365,P1Y,0,NA,A,PU,_Z,2,NA,NA,FALSE,WB_WDI,WB_WDI_NY_GDP_PCAP_CD,BFA,_T,_T,_T,_Z,_Z,_Z,2016,A,USD,NA
232.937812,P1Y,0,NA,A,PU,_Z,2,NA,NA,FALSE,WB_WDI,WB_WDI_NY_GDP_PCAP_CD,BDI,_T,_T,_T,_Z,_Z,_Z,2016,A,USD,NA
3608.966052,P1Y,0,NA,A,PU,_Z,2,NA,NA,FALSE,WB_WDI,WB_WDI_NY_GDP_PCAP_CD,CPV,_T,_T,_T,_Z,_Z,_Z,2016,A,USD,NA
1675.195557,P1Y,0,NA,A,PU,_Z,2,NA,NA,FALSE,WB_WDI,WB_WDI_NY_GDP_PCAP_CD,KHM,_T,_T,_T,_Z,_Z,_Z,2016,A,USD,NA
1441.720173,P1Y,0,NA,A,PU,_Z,2,NA,NA,FALSE,WB_WDI,WB_WDI_NY_GDP_PCAP_CD,CMR,_T,_T,_T,_Z,_Z,_Z,2016,A,USD,NA
1225.434012,P1Y,0,NA,A,PU,_Z,2,NA,NA,FALSE,WB_WDI,WB_WDI_NY_GDP_PCAP_CD,PAK,_T,_T,_T,_Z,_Z,_Z,2013,A,USD,NA
12820.593162,P1Y,0,NA,A,PU,_Z,2,NA,NA,FALSE,WB_WDI,WB_WDI_NY_GDP_PCAP_CD,PLW,_T,_T,_T,_Z,_Z,_Z,2013,A,USD,NA
12273.322504,P1Y,0,NA,A,PU,_Z,2,NA,NA,FALSE,WB_WDI,WB_WDI_NY_GDP_PCAP_CD,PAN,_T,_T,_T,_Z,_Z,_Z,2013,A,USD,NA
2560.77459,P1Y,0,NA,A,PU,_Z,2,NA,NA,FALSE,WB_WDI,WB_WDI_NY_GDP_PCAP_CD,PNG,_T,_T,_T,_Z,_Z,_Z,2013,A,USD,NA
6435.683427,P1Y,0,NA,A,PU,_Z,2,NA,NA,FALSE,WB_WDI,WB_WDI_NY_GDP_PCAP_CD,PRY,_T,_T,_T,_Z,_Z,_Z,2013,A,USD,NA
6746.800257,P1Y,0,NA,A,PU,_Z,2,NA,NA,FALSE,WB_WDI,WB_WDI_NY_GDP_PCAP_CD,PER,_T,_T,_T,_Z,_Z,_Z,2013,A,USD,NA
2781.279577,P1Y,0,NA,A,PU,_Z,2,NA,NA,FALSE,WB_WDI,WB_WDI_NY_GDP_PCAP_CD,PHL,_T,_T,_T,_Z,_Z,_Z,2013,A,USD,NA
13621.902379,P1Y,0,NA,A,PU,_Z,2,NA,NA,FALSE,WB_WDI,WB_WDI_NY_GDP_PCAP_CD,POL,_T,_T,_T,_Z,_Z,_Z,2013,A,USD,NA
21676.485964,P1Y,0,NA,A,PU,_Z,2,NA,NA,FALSE,WB_WDI,WB_WDI_NY_GDP_PCAP_CD,PRT,_T,_T,_T,_Z,_Z,_Z,2013,A,USD,NA
28212.049974,P1Y,0,NA,A,PU,_Z,2,NA,NA,FALSE,WB_WDI,WB_WDI_NY_GDP_PCAP_CD,PRI,_T,_T,_T,_Z,_Z,_Z,2013,A,USD,NA
103697.008372,P1Y,0,NA,A,PU,_Z,2,NA,NA,FALSE,WB_WDI,WB_WDI_NY_GDP_PCAP_CD,QAT,_T,_T,_T,_Z,_Z,_Z,2013,A,USD,NA
1138.627808,P1Y,0,NA,A,PU,_Z,2,NA,NA,FALSE,WB_WDI,WB_WDI_NY_GDP_PCAP_CD,SDN,_T,_T,_T,_Z,_Z,_Z,2013,A,USD,NA
9043.192815,P1Y,0,NA,A,PU,_Z,2,NA,NA,FALSE,WB_WDI,WB_WDI_NY_GDP_PCAP_CD,SUR,_T,_T,_T,_Z,_Z,_Z,2013,A,USD,NA
60843.98888,P1Y,0,NA,A,PU,_Z,2,NA,NA,FALSE,WB_WDI,WB_WDI_NY_GDP_PCAP_CD,SWE,_T,_T,_T,_Z,_Z,_Z,2013,A,USD,NA
88851.23745,P1Y,0,NA,A,PU,_Z,2,NA,NA,FALSE,WB_WDI,WB_WDI_NY_GDP_PCAP_CD,CHE,_T,_T,_T,_Z,_Z,_Z,2013,A,USD,NA
985.892669,P1Y,0,NA,A,PU,_Z,2,NA,NA,FALSE,WB_WDI,WB_WDI_NY_GDP_PCAP_CD,SYR,_T,_T,_T,_Z,_Z,_Z,2013,A,USD,NA
1028.197043,P1Y,0,NA,A,PU,_Z,2,NA,NA,FALSE,WB_WDI,WB_WDI_NY_GDP_PCAP_CD,TJK,_T,_T,_T,_Z,_Z,_Z,2013,A,USD,NA
963.057129,P1Y,0,NA,A,PU,_Z,2,NA,NA,FALSE,WB_WDI,WB_WDI_NY_GDP_PCAP_CD,TZA,_T,_T,_T,_Z,_Z,_Z,2013,A,USD,NA
6018.082447,P1Y,0,NA,A,PU,_Z,2,NA,NA,FALSE,WB_WDI,WB_WDI_NY_GDP_PCAP_CD,THA,_T,_T,_T,_Z,_Z,_Z,2013,A,USD,NA
1204.568415,P1Y,0,NA,A,PU,_Z,2,NA,NA,FALSE,WB_WDI,WB_WDI_NY_GDP_PCAP_CD,TLS,_T,_T,_T,_Z,_Z,_Z,2013,A,USD,NA
885.698523,P1Y,0,NA,A,PU,_Z,2,NA,NA,FALSE,WB_WDI,WB_WDI_NY_GDP_PCAP_CD,TGO,_T,_T,_T,_Z,_Z,_Z,2013,A,USD,NA
4219.246701,P1Y,0,NA,A,PU,_Z,2,NA,NA,FALSE,WB_WDI,WB_WDI_NY_GDP_PCAP_CD,TON,_T,_T,_T,_Z,_Z,_Z,2013,A,USD,NA
3852.118006,P1Y,0,NA,A,PU,_Z,2,NA,NA,FALSE,WB_WDI,WB_WDI_NY_GDP_PCAP_CD,ARM,_T,_T,_T,_Z,_Z,_Z,2014,A,USD,NA
26129.839062,P1Y,0,NA,A,PU,_Z,2,NA,NA,FALSE,WB_WDI,WB_WDI_NY_GDP_PCAP_CD,ABW,_T,_T,_T,_Z,_Z,_Z,2014,A,USD,NA
62817.206175,P1Y,0,NA,A,PU,_Z,2,NA,NA,FALSE,WB_WDI,WB_WDI_NY_GDP_PCAP_CD,AUS,_T,_T,_T,_Z,_Z,_Z,2014,A,USD,NA
51314.972262,P1Y,0,NA,A,PU,_Z,2,NA,NA,FALSE,WB_WDI,WB_WDI_NY_GDP_PCAP_CD,AUT,_T,_T,_T,_Z,_Z,_Z,2014,A,USD,NA
7890.840281,P1Y,0,NA,A,PU,_Z,2,NA,NA,FALSE,WB_WDI,WB_WDI_NY_GDP_PCAP_CD,AZE,_T,_T,_T,_Z,_Z,_Z,2014,A,USD,NA
29137.217563,P1Y,0,NA,A,PU,_Z,2,NA,NA,FALSE,WB_WDI,WB_WDI_NY_GDP_PCAP_CD,BHS,_T,_T,_T,_Z,_Z,_Z,2014,A,USD,NA
26451.796565,P1Y,0,NA,A,PU,_Z,2,NA,NA,FALSE,WB_WDI,WB_WDI_NY_GDP_PCAP_CD,BHR,_T,_T,_T,_Z,_Z,_Z,2014,A,USD,NA
1094.461997,P1Y,0,NA,A,PU,_Z,2,NA,NA,FALSE,WB_WDI,WB_WDI_NY_GDP_PCAP_CD,BGD,_T,_T,_T,_Z,_Z,_Z,2014,A,USD,NA
20423.717792,P1Y,0,NA,A,PU,_Z,2,NA,NA,FALSE,WB_WDI,WB_WDI_NY_GDP_PCAP_CD,BRB,_T,_T,_T,_Z,_Z,_Z,2014,A,USD,NA
8341.318093,P1Y,0,NA,A,PU,_Z,2,NA,NA,FALSE,WB_WDI,WB_WDI_NY_GDP_PCAP_CD,BLR,_T,_T,_T,_Z,_Z,_Z,2014,A,USD,NA
47995.778696,P1Y,0,NA,A,PU,_Z,2,NA,NA,FALSE,WB_WDI,WB_WDI_NY_GDP_PCAP_CD,BEL,_T,_T,_T,_Z,_Z,_Z,2014,A,USD,NA
5644.206106,P1Y,0,NA,A,PU,_Z,2,NA,NA,FALSE,WB_WDI,WB_WDI_NY_GDP_PCAP_CD,SUR,_T,_T,_T,_Z,_Z,_Z,2016,A,USD,NA
51703.508833,P1Y,0,NA,A,PU,_Z,2,NA,NA,FALSE,WB_WDI,WB_WDI_NY_GDP_PCAP_CD,SWE,_T,_T,_T,_Z,_Z,_Z,2016,A,USD,NA
83432.41116,P1Y,0,NA,A,PU,_Z,2,NA,NA,FALSE,WB_WDI,WB_WDI_NY_GDP_PCAP_CD,CHE,_T,_T,_T,_Z,_Z,_Z,2016,A,USD,NA
656.349018,P1Y,0,NA,A,PU,_Z,2,NA,NA,FALSE,WB_WDI,WB_WDI_NY_GDP_PCAP_CD,SYR,_T,_T,_T,_Z,_Z,_Z,2016,A,USD,NA
788.710482,P1Y,0,NA,A,PU,_Z,2,NA,NA,FALSE,WB_WDI,WB_WDI_NY_GDP_PCAP_CD,TJK,_T,_T,_T,_Z,_Z,_Z,2016,A,USD,NA
953.010742,P1Y,0,NA,A,PU,_Z,2,NA,NA,FALSE,WB_WDI,WB_WDI_NY_GDP_PCAP_CD,TZA,_T,_T,_T,_Z,_Z,_Z,2016,A,USD,NA
5833.577156,P1Y,0,NA,A,PU,_Z,2,NA,NA,FALSE,WB_WDI,WB_WDI_NY_GDP_PCAP_CD,THA,_T,_T,_T,_Z,_Z,_Z,2016,A,USD,NA
1335.543901,P1Y,0,NA,A,PU,_Z,2,NA,NA,FALSE,WB_WDI,WB_WDI_NY_GDP_PCAP_CD,TLS,_T,_T,_T,_Z,_Z,_Z,2016,A,USD,NA
843.114204,P1Y,0,NA,A,PU,_Z,2,NA,NA,FALSE,WB_WDI,WB_WDI_NY_GDP_PCAP_CD,TGO,_T,_T,_T,_Z,_Z,_Z,2016,A,USD,NA
3987.986188,P1Y,0,NA,A,PU,_Z,2,NA,NA,FALSE,WB_WDI,WB_WDI_NY_GDP_PCAP_CD,TON,_T,_T,_T,_Z,_Z,_Z,2016,A,USD,NA
43733.624202,P1Y,0,NA,A,PU,_Z,2,NA,NA,FALSE,WB_WDI,WB_WDI_NY_GDP_PCAP_CD,ARE,_T,_T,_T,_Z,_Z,_Z,2017,A,USD,NA
40918.052087,P1Y,0,NA,A,PU,_Z,2,NA,NA,FALSE,WB_WDI,WB_WDI_NY_GDP_PCAP_CD,GBR,_T,_T,_T,_Z,_Z,_Z,2017,A,USD,NA
60047.719073,P1Y,0,NA,A,PU,_Z,2,NA,NA,FALSE,WB_WDI,WB_WDI_NY_GDP_PCAP_CD,USA,_T,_T,_T,_Z,_Z,_Z,2017,A,USD,NA
19184.662611,P1Y,0,NA,A,PU,_Z,2,NA,NA,FALSE,WB_WDI,WB_WDI_NY_GDP_PCAP_CD,URY,_T,_T,_T,_Z,_Z,_Z,2017,A,USD,NA
2271.473011,P1Y,0,NA,A,PU,_Z,2,NA,NA,FALSE,WB_WDI,WB_WDI_NY_GDP_PCAP_CD,UZB,_T,_T,_T,_Z,_Z,_Z,2017,A,USD,NA
3585.317981,P1Y,0,NA,A,PU,_Z,2,NA,NA,FALSE,WB_WDI,WB_WDI_NY_GDP_PCAP_CD,VUT,_T,_T,_T,_Z,_Z,_Z,2017,A,USD,NA
3791.63262,P1Y,0,NA,A,PU,_Z,2,NA,NA,FALSE,WB_WDI,WB_WDI_NY_GDP_PCAP_CD,VEN,_T,_T,_T,_Z,_Z,_Z,2017,A,USD,NA
2956.109921,P1Y,0,NA,A,PU,_Z,2,NA,NA,FALSE,WB_WDI,WB_WDI_NY_GDP_PCAP_CD,VNM,_T,_T,_T,_Z,_Z,_Z,2017,A,USD,NA
35365.069304,P1Y,0,NA,A,PU,_Z,2,NA,NA,FALSE,WB_WDI,WB_WDI_NY_GDP_PCAP_CD,VIR,_T,_T,_T,_Z,_Z,_Z,2017,A,USD,NA
3620.360487,P1Y,0,NA,A,PU,_Z,2,NA,NA,FALSE,WB_WDI,WB_WDI_NY_GDP_PCAP_CD,PSE,_T,_T,_T,_Z,_Z,_Z,2017,A,USD,NA
811.16597,P1Y,0,NA,A,PU,_Z,2,NA,NA,FALSE,WB_WDI,WB_WDI_NY_GDP_PCAP_CD,YEM,_T,_T,_T,_Z,_Z,_Z,2017,A,USD,NA
1483.465773,P1Y,0,NA,A,PU,_Z,2,NA,NA,FALSE,WB_WDI,WB_WDI_NY_GDP_PCAP_CD,ZMB,_T,_T,_T,_Z,_Z,_Z,2017,A,USD,NA
17449.15388,P1Y,0,NA,A,PU,_Z,2,NA,NA,FALSE,WB_WDI,WB_WDI_NY_GDP_PCAP_CD,TTO,_T,_T,_T,_Z,_Z,_Z,2016,A,USD,NA
3847.803544,P1Y,0,NA,A,PU,_Z,2,NA,NA,FALSE,WB_WDI,WB_WDI_NY_GDP_PCAP_CD,TUN,_T,_T,_T,_Z,_Z,_Z,2016,A,USD,NA
10984.364317,P1Y,0,NA,A,PU,_Z,2,NA,NA,FALSE,WB_WDI,WB_WDI_NY_GDP_PCAP_CD,TUR,_T,_T,_T,_Z,_Z,_Z,2016,A,USD,NA
5238.008272,P1Y,0,NA,A,PU,_Z,2,NA,NA,FALSE,WB_WDI,WB_WDI_NY_GDP_PCAP_CD,TKM,_T,_T,_T,_Z,_Z,_Z,2016,A,USD,NA
31373.561268,P1Y,0,NA,A,PU,_Z,2,NA,NA,FALSE,WB_WDI,WB_WDI_NY_GDP_PCAP_CD,TCA,_T,_T,_T,_Z,_Z,_Z,2016,A,USD,NA
3808.69755,P1Y,0,NA,A,PU,_Z,2,NA,NA,FALSE,WB_WDI,WB_WDI_NY_GDP_PCAP_CD,TUV,_T,_T,_T,_Z,_Z,_Z,2016,A,USD,NA
752.696572,P1Y,0,NA,A,PU,_Z,2,NA,NA,FALSE,WB_WDI,WB_WDI_NY_GDP_PCAP_CD,UGA,_T,_T,_T,_Z,_Z,_Z,2016,A,USD,NA
2158.461182,P1Y,0,NA,A,PU,_Z,2,NA,NA,FALSE,WB_WDI,WB_WDI_NY_GDP_PCAP_CD,UKR,_T,_T,_T,_Z,_Z,_Z,2016,A,USD,NA
42721.113611,P1Y,0,NA,A,PU,_Z,2,NA,NA,FALSE,WB_WDI,WB_WDI_NY_GDP_PCAP_CD,ARE,_T,_T,_T,_Z,_Z,_Z,2016,A,USD,NA
41258.537429,P1Y,0,NA,A,PU,_Z,2,NA,NA,FALSE,WB_WDI,WB_WDI_NY_GDP_PCAP_CD,GBR,_T,_T,_T,_Z,_Z,_Z,2016,A,USD,NA
57976.628204,P1Y,0,NA,A,PU,_Z,2,NA,NA,FALSE,WB_WDI,WB_WDI_NY_GDP_PCAP_CD,USA,_T,_T,_T,_Z,_Z,_Z,2016,A,USD,NA
17009.758421,P1Y,0,NA,A,PU,_Z,2,NA,NA,FALSE,WB_WDI,WB_WDI_NY_GDP_PCAP_CD,URY,_T,_T,_T,_Z,_Z,_Z,2016,A,USD,NA
6071.854518,P1Y,0,NA,A,PU,_Z,2,NA,NA,FALSE,WB_WDI,WB_WDI_NY_GDP_PCAP_CD,BLZ,_T,_T,_T,_Z,_Z,_Z,2017,A,USD,NA
1054.974081,P1Y,0,NA,A,PU,_Z,2,NA,NA,FALSE,WB_WDI,WB_WDI_NY_GDP_PCAP_CD,BEN,_T,_T,_T,_Z,_Z,_Z,2017,A,USD,NA
112339.425587,P1Y,0,NA,A,PU,_Z,2,NA,NA,FALSE,WB_WDI,WB_WDI_NY_GDP_PCAP_CD,BMU,_T,_T,_T,_Z,_Z,_Z,2017,A,USD,NA
3435.288047,P1Y,0,NA,A,PU,_Z,2,NA,NA,FALSE,WB_WDI,WB_WDI_NY_GDP_PCAP_CD,BTN,_T,_T,_T,_Z,_Z,_Z,2017,A,USD,NA
4048.401197,P1Y,0,NA,A,PU,_Z,2,NA,NA,FALSE,WB_WDI,WB_WDI_NY_GDP_PCAP_CD,BOL,_T,_T,_T,_Z,_Z,_Z,2017,A,USD,NA
5345.019788,P1Y,0,NA,A,PU,_Z,2,NA,NA,FALSE,WB_WDI,WB_WDI_NY_GDP_PCAP_CD,BIH,_T,_T,_T,_Z,_Z,_Z,2017,A,USD,NA
7104.964011,P1Y,0,NA,A,PU,_Z,2,NA,NA,FALSE,WB_WDI,WB_WDI_NY_GDP_PCAP_CD,BWA,_T,_T,_T,_Z,_Z,_Z,2017,A,USD,NA
10080.509282,P1Y,0,NA,A,PU,_Z,2,NA,NA,FALSE,WB_WDI,WB_WDI_NY_GDP_PCAP_CD,BRA,_T,_T,_T,_Z,_Z,_Z,2017,A,USD,NA
28024.382458,P1Y,0,NA,A,PU,_Z,2,NA,NA,FALSE,WB_WDI,WB_WDI_NY_GDP_PCAP_CD,BRN,_T,_T,_T,_Z,_Z,_Z,2017,A,USD,NA
8697.133733,P1Y,0,NA,A,PU,_Z,2,NA,NA,FALSE,WB_WDI,WB_WDI_NY_GDP_PCAP_CD,BGR,_T,_T,_T,_Z,_Z,_Z,2017,A,USD,NA
6479.532313,P1Y,0,NA,A,PU,_Z,2,NA,NA,FALSE,WB_WDI,WB_WDI_NY_GDP_PCAP_CD,COL,_T,_T,_T,_Z,_Z,_Z,2017,A,USD,NA
1423.924803,P1Y,0,NA,A,PU,_Z,2,NA,NA,FALSE,WB_WDI,WB_WDI_NY_GDP_PCAP_CD,COM,_T,_T,_T,_Z,_Z,_Z,2017,A,USD,NA
431.052559,P1Y,0,NA,A,PU,_Z,2,NA,NA,FALSE,WB_WDI,WB_WDI_NY_GDP_PCAP_CD,COD,_T,_T,_T,_Z,_Z,_Z,2017,A,USD,NA
2211.633099,P1Y,0,NA,A,PU,_Z,2,NA,NA,FALSE,WB_WDI,WB_WDI_NY_GDP_PCAP_CD,COG,_T,_T,_T,_Z,_Z,_Z,2017,A,USD,NA
12317.090278,P1Y,0,NA,A,PU,_Z,2,NA,NA,FALSE,WB_WDI,WB_WDI_NY_GDP_PCAP_CD,CRI,_T,_T,_T,_Z,_Z,_Z,2017,A,USD,NA
1964.299303,P1Y,0,NA,A,PU,_Z,2,NA,NA,FALSE,WB_WDI,WB_WDI_NY_GDP_PCAP_CD,CIV,_T,_T,_T,_Z,_Z,_Z,2017,A,USD,NA
13901.649866,P1Y,0,NA,A,PU,_Z,2,NA,NA,FALSE,WB_WDI,WB_WDI_NY_GDP_PCAP_CD,HRV,_T,_T,_T,_Z,_Z,_Z,2017,A,USD,NA
8610.608296,P1Y,0,NA,A,PU,_Z,2,NA,NA,FALSE,WB_WDI,WB_WDI_NY_GDP_PCAP_CD,CUB,_T,_T,_T,_Z,_Z,_Z,2017,A,USD,NA
18938.244047,P1Y,0,NA,A,PU,_Z,2,NA,NA,FALSE,WB_WDI,WB_WDI_NY_GDP_PCAP_CD,CUW,_T,_T,_T,_Z,_Z,_Z,2017,A,USD,NA
26247.464844,P1Y,0,NA,A,PU,_Z,2,NA,NA,FALSE,WB_WDI,WB_WDI_NY_GDP_PCAP_CD,CYP,_T,_T,_T,_Z,_Z,_Z,2017,A,USD,NA
20913.197632,P1Y,0,NA,A,PU,_Z,2,NA,NA,FALSE,WB_WDI,WB_WDI_NY_GDP_PCAP_CD,CZE,_T,_T,_T,_Z,_Z,_Z,2017,A,USD,NA
2997.937199,P1Y,0,NA,A,PU,_Z,2,NA,NA,FALSE,WB_WDI,WB_WDI_NY_GDP_PCAP_CD,FSM,_T,_T,_T,_Z,_Z,_Z,2016,A,USD,NA
2847.087948,P1Y,0,NA,A,PU,_Z,2,NA,NA,FALSE,WB_WDI,WB_WDI_NY_GDP_PCAP_CD,MDA,_T,_T,_T,_Z,_Z,_Z,2016,A,USD,NA
173604.669723,P1Y,0,NA,A,PU,_Z,2,NA,NA,FALSE,WB_WDI,WB_WDI_NY_GDP_PCAP_CD,MCO,_T,_T,_T,_Z,_Z,_Z,2016,A,USD,NA
3619.900264,P1Y,0,NA,A,PU,_Z,2,NA,NA,FALSE,WB_WDI,WB_WDI_NY_GDP_PCAP_CD,MNG,_T,_T,_T,_Z,_Z,_Z,2016,A,USD,NA
6968.012029,P1Y,0,NA,A,PU,_Z,2,NA,NA,FALSE,WB_WDI,WB_WDI_NY_GDP_PCAP_CD,MNE,_T,_T,_T,_Z,_Z,_Z,2016,A,USD,NA
3140.855469,P1Y,0,NA,A,PU,_Z,2,NA,NA,FALSE,WB_WDI,WB_WDI_NY_GDP_PCAP_CD,MAR,_T,_T,_T,_Z,_Z,_Z,2016,A,USD,NA
441.489735,P1Y,0,NA,A,PU,_Z,2,NA,NA,FALSE,WB_WDI,WB_WDI_NY_GDP_PCAP_CD,MOZ,_T,_T,_T,_Z,_Z,_Z,2016,A,USD,NA
1229.197135,P1Y,0,NA,A,PU,_Z,2,NA,NA,FALSE,WB_WDI,WB_WDI_NY_GDP_PCAP_CD,MMR,_T,_T,_T,_Z,_Z,_Z,2016,A,USD,NA
4395.687762,P1Y,0,NA,A,PU,_Z,2,NA,NA,FALSE,WB_WDI,WB_WDI_NY_GDP_PCAP_CD,NAM,_T,_T,_T,_Z,_Z,_Z,2016,A,USD,NA
8748.156326,P1Y,0,NA,A,PU,_Z,2,NA,NA,FALSE,WB_WDI,WB_WDI_NY_GDP_PCAP_CD,NRU,_T,_T,_T,_Z,_Z,_Z,2016,A,USD,NA
877.256455,P1Y,0,NA,A,PU,_Z,2,NA,NA,FALSE,WB_WDI,WB_WDI_NY_GDP_PCAP_CD,NPL,_T,_T,_T,_Z,_Z,_Z,2016,A,USD,NA
62799.389502,P1Y,0,NA,A,PU,_Z,2,NA,NA,FALSE,WB_WDI,WB_WDI_NY_GDP_PCAP_CD,AUS,_T,_T,_T,_Z,_Z,_Z,2011,A,USD,NA
51116.895352,P1Y,0,NA,A,PU,_Z,2,NA,NA,FALSE,WB_WDI,WB_WDI_NY_GDP_PCAP_CD,AUT,_T,_T,_T,_Z,_Z,_Z,2011,A,USD,NA
7189.818692,P1Y,0,NA,A,PU,_Z,2,NA,NA,FALSE,WB_WDI,WB_WDI_NY_GDP_PCAP_CD,AZE,_T,_T,_T,_Z,_Z,_Z,2011,A,USD,NA
27090.83768,P1Y,0,NA,A,PU,_Z,2,NA,NA,FALSE,WB_WDI,WB_WDI_NY_GDP_PCAP_CD,BHS,_T,_T,_T,_Z,_Z,_Z,2011,A,USD,NA
25032.786774,P1Y,0,NA,A,PU,_Z,2,NA,NA,FALSE,WB_WDI,WB_WDI_NY_GDP_PCAP_CD,BHR,_T,_T,_T,_Z,_Z,_Z,2011,A,USD,NA
837.336945,P1Y,0,NA,A,PU,_Z,2,NA,NA,FALSE,WB_WDI,WB_WDI_NY_GDP_PCAP_CD,BGD,_T,_T,_T,_Z,_Z,_Z,2011,A,USD,NA
20146.238126,P1Y,0,NA,A,PU,_Z,2,NA,NA,FALSE,WB_WDI,WB_WDI_NY_GDP_PCAP_CD,BRB,_T,_T,_T,_Z,_Z,_Z,2011,A,USD,NA
6527.659343,P1Y,0,NA,A,PU,_Z,2,NA,NA,FALSE,WB_WDI,WB_WDI_NY_GDP_PCAP_CD,BLR,_T,_T,_T,_Z,_Z,_Z,2011,A,USD,NA
47760.829878,P1Y,0,NA,A,PU,_Z,2,NA,NA,FALSE,WB_WDI,WB_WDI_NY_GDP_PCAP_CD,BEL,_T,_T,_T,_Z,_Z,_Z,2011,A,USD,NA
5596.052222,P1Y,0,NA,A,PU,_Z,2,NA,NA,FALSE,WB_WDI,WB_WDI_NY_GDP_PCAP_CD,BLZ,_T,_T,_T,_Z,_Z,_Z,2011,A,USD,NA
1059.413589,P1Y,0,NA,A,PU,_Z,2,NA,NA,FALSE,WB_WDI,WB_WDI_NY_GDP_PCAP_CD,BEN,_T,_T,_T,_Z,_Z,_Z,2011,A,USD,NA
607.256208,P1Y,0,NA,A,PU,_Z,2,NA,NA,FALSE,WB_WDI,WB_WDI_NY_GDP_PCAP_CD,LIC,_T,_T,_T,_Z,_Z,_Z,2007,A,USD,NA
1194.21832,P1Y,0,NA,A,PU,_Z,2,NA,NA,FALSE,WB_WDI,WB_WDI_NY_GDP_PCAP_CD,LMC,_T,_T,_T,_Z,_Z,_Z,2007,A,USD,NA
4009.653854,P1Y,0,NA,A,PU,_Z,2,NA,NA,FALSE,WB_WDI,WB_WDI_NY_GDP_PCAP_CD,MEA,_T,_T,_T,_Z,_Z,_Z,2007,A,USD,NA
2237.261907,P1Y,0,NA,A,PU,_Z,2,NA,NA,FALSE,WB_WDI,WB_WDI_NY_GDP_PCAP_CD,MNA,_T,_T,_T,_Z,_Z,_Z,2007,A,USD,NA
2240.988391,P1Y,0,NA,A,PU,_Z,2,NA,NA,FALSE,WB_WDI,WB_WDI_NY_GDP_PCAP_CD,TMN,_T,_T,_T,_Z,_Z,_Z,2007,A,USD,NA
2613.049072,P1Y,0,NA,A,PU,_Z,2,NA,NA,FALSE,WB_WDI,WB_WDI_NY_GDP_PCAP_CD,MIC,_T,_T,_T,_Z,_Z,_Z,2007,A,USD,NA
47727.773381,P1Y,0,NA,A,PU,_Z,2,NA,NA,FALSE,WB_WDI,WB_WDI_NY_GDP_PCAP_CD,NAC,_T,_T,_T,_Z,_Z,_Z,2007,A,USD,NA
34523.815128,P1Y,0,NA,A,PU,_Z,2,NA,NA,FALSE,WB_WDI,WB_WDI_NY_GDP_PCAP_CD,OED,_T,_T,_T,_Z,_Z,_Z,2007,A,USD,NA
10758.813622,P1Y,0,NA,A,PU,_Z,2,NA,NA,FALSE,WB_WDI,WB_WDI_NY_GDP_PCAP_CD,OSS,_T,_T,_T,_Z,_Z,_Z,2007,A,USD,NA
2817.989694,P1Y,0,NA,A,PU,_Z,2,NA,NA,FALSE,WB_WDI,WB_WDI_NY_GDP_PCAP_CD,PSS,_T,_T,_T,_Z,_Z,_Z,2007,A,USD,NA
38925.451499,P1Y,0,NA,A,PU,_Z,2,NA,NA,FALSE,WB_WDI,WB_WDI_NY_GDP_PCAP_CD,PST,_T,_T,_T,_Z,_Z,_Z,2007,A,USD,NA
1174.150158,P1Y,0,NA,A,PU,_Z,2,NA,NA,FALSE,WB_WDI,WB_WDI_NY_GDP_PCAP_CD,PRE,_T,_T,_T,_Z,_Z,_Z,2007,A,USD,NA
10056.411335,P1Y,0,NA,A,PU,_Z,2,NA,NA,FALSE,WB_WDI,WB_WDI_NY_GDP_PCAP_CD,SST,_T,_T,_T,_Z,_Z,_Z,2007,A,USD,NA
967.697912,P1Y,0,NA,A,PU,_Z,2,NA,NA,FALSE,WB_WDI,WB_WDI_NY_GDP_PCAP_CD,SAS,_T,_T,_T,_Z,_Z,_Z,2007,A,USD,NA
4309.135093,P1Y,0,NA,A,PU,_Z,2,NA,NA,FALSE,WB_WDI,WB_WDI_NY_GDP_PCAP_CD,THA,_T,_T,_T,_Z,_Z,_Z,2008,A,USD,NA
628.153219,P1Y,0,NA,A,PU,_Z,2,NA,NA,FALSE,WB_WDI,WB_WDI_NY_GDP_PCAP_CD,TLS,_T,_T,_T,_Z,_Z,_Z,2008,A,USD,NA
771.35119,P1Y,0,NA,A,PU,_Z,2,NA,NA,FALSE,WB_WDI,WB_WDI_NY_GDP_PCAP_CD,TGO,_T,_T,_T,_Z,_Z,_Z,2008,A,USD,NA
3218.45304,P1Y,0,NA,A,PU,_Z,2,NA,NA,FALSE,WB_WDI,WB_WDI_NY_GDP_PCAP_CD,TON,_T,_T,_T,_Z,_Z,_Z,2008,A,USD,NA
21298.994526,P1Y,0,NA,A,PU,_Z,2,NA,NA,FALSE,WB_WDI,WB_WDI_NY_GDP_PCAP_CD,TTO,_T,_T,_T,_Z,_Z,_Z,2008,A,USD,NA
4255.05008,P1Y,0,NA,A,PU,_Z,2,NA,NA,FALSE,WB_WDI,WB_WDI_NY_GDP_PCAP_CD,TUN,_T,_T,_T,_Z,_Z,_Z,2008,A,USD,NA
10913.407905,P1Y,0,NA,A,PU,_Z,2,NA,NA,FALSE,WB_WDI,WB_WDI_NY_GDP_PCAP_CD,TUR,_T,_T,_T,_Z,_Z,_Z,2008,A,USD,NA
3605.503951,P1Y,0,NA,A,PU,_Z,2,NA,NA,FALSE,WB_WDI,WB_WDI_NY_GDP_PCAP_CD,TKM,_T,_T,_T,_Z,_Z,_Z,2008,A,USD,NA
31453.822875,P1Y,0,NA,A,PU,_Z,2,NA,NA,FALSE,WB_WDI,WB_WDI_NY_GDP_PCAP_CD,TCA,_T,_T,_T,_Z,_Z,_Z,2008,A,USD,NA
3088.308774,P1Y,0,NA,A,PU,_Z,2,NA,NA,FALSE,WB_WDI,WB_WDI_NY_GDP_PCAP_CD,TUV,_T,_T,_T,_Z,_Z,_Z,2008,A,USD,NA
472.842681,P1Y,0,NA,A,PU,_Z,2,NA,NA,FALSE,WB_WDI,WB_WDI_NY_GDP_PCAP_CD,UGA,_T,_T,_T,_Z,_Z,_Z,2008,A,USD,NA
4017.806641,P1Y,0,NA,A,PU,_Z,2,NA,NA,FALSE,WB_WDI,WB_WDI_NY_GDP_PCAP_CD,UKR,_T,_T,_T,_Z,_Z,_Z,2008,A,USD,NA
4461.751962,P1Y,0,NA,A,PU,_Z,2,NA,NA,FALSE,WB_WDI,WB_WDI_NY_GDP_PCAP_CD,IRQ,_T,_T,_T,_Z,_Z,_Z,2010,A,USD,NA
48623.966642,P1Y,0,NA,A,PU,_Z,2,NA,NA,FALSE,WB_WDI,WB_WDI_NY_GDP_PCAP_CD,IRL,_T,_T,_T,_Z,_Z,_Z,2010,A,USD,NA
70587.314028,P1Y,0,NA,A,PU,_Z,2,NA,NA,FALSE,WB_WDI,WB_WDI_NY_GDP_PCAP_CD,IMN,_T,_T,_T,_Z,_Z,_Z,2010,A,USD,NA
31398.926693,P1Y,0,NA,A,PU,_Z,2,NA,NA,FALSE,WB_WDI,WB_WDI_NY_GDP_PCAP_CD,ISR,_T,_T,_T,_Z,_Z,_Z,2010,A,USD,NA
35856.862549,P1Y,0,NA,A,PU,_Z,2,NA,NA,FALSE,WB_WDI,WB_WDI_NY_GDP_PCAP_CD,ITA,_T,_T,_T,_Z,_Z,_Z,2010,A,USD,NA
4809.97738,P1Y,0,NA,A,PU,_Z,2,NA,NA,FALSE,WB_WDI,WB_WDI_NY_GDP_PCAP_CD,JAM,_T,_T,_T,_Z,_Z,_Z,2010,A,USD,NA
45378.137811,P1Y,0,NA,A,PU,_Z,2,NA,NA,FALSE,WB_WDI,WB_WDI_NY_GDP_PCAP_CD,JPN,_T,_T,_T,_Z,_Z,_Z,2010,A,USD,NA
4139.042832,P1Y,0,NA,A,PU,_Z,2,NA,NA,FALSE,WB_WDI,WB_WDI_NY_GDP_PCAP_CD,JOR,_T,_T,_T,_Z,_Z,_Z,2010,A,USD,NA
8793.0759,P1Y,0,NA,A,PU,_Z,2,NA,NA,FALSE,WB_WDI,WB_WDI_NY_GDP_PCAP_CD,KAZ,_T,_T,_T,_Z,_Z,_Z,2010,A,USD,NA
1091.518731,P1Y,0,NA,A,PU,_Z,2,NA,NA,FALSE,WB_WDI,WB_WDI_NY_GDP_PCAP_CD,KEN,_T,_T,_T,_Z,_Z,_Z,2010,A,USD,NA
1522.100687,P1Y,0,NA,A,PU,_Z,2,NA,NA,FALSE,WB_WDI,WB_WDI_NY_GDP_PCAP_CD,KIR,_T,_T,_T,_Z,_Z,_Z,2010,A,USD,NA
24071.262053,P1Y,0,NA,A,PU,_Z,2,NA,NA,FALSE,WB_WDI,WB_WDI_NY_GDP_PCAP_CD,KOR,_T,_T,_T,_Z,_Z,_Z,2010,A,USD,NA
6053.47287,P1Y,0,NA,A,PU,_Z,2,NA,NA,FALSE,WB_WDI,WB_WDI_NY_GDP_PCAP_CD,IBD,_T,_T,_T,_Z,_Z,_Z,2017,A,USD,NA
4833.029701,P1Y,0,NA,A,PU,_Z,2,NA,NA,FALSE,WB_WDI,WB_WDI_NY_GDP_PCAP_CD,IBT,_T,_T,_T,_Z,_Z,_Z,2017,A,USD,NA
1808.866741,P1Y,0,NA,A,PU,_Z,2,NA,NA,FALSE,WB_WDI,WB_WDI_NY_GDP_PCAP_CD,IDB,_T,_T,_T,_Z,_Z,_Z,2017,A,USD,NA
1111.668192,P1Y,0,NA,A,PU,_Z,2,NA,NA,FALSE,WB_WDI,WB_WDI_NY_GDP_PCAP_CD,IDX,_T,_T,_T,_Z,_Z,_Z,2017,A,USD,NA
1357.477895,P1Y,0,NA,A,PU,_Z,2,NA,NA,FALSE,WB_WDI,WB_WDI_NY_GDP_PCAP_CD,IDA,_T,_T,_T,_Z,_Z,_Z,2017,A,USD,NA
9138.441514,P1Y,0,NA,A,PU,_Z,2,NA,NA,FALSE,WB_WDI,WB_WDI_NY_GDP_PCAP_CD,LTE,_T,_T,_T,_Z,_Z,_Z,2017,A,USD,NA
9065.823902,P1Y,0,NA,A,PU,_Z,2,NA,NA,FALSE,WB_WDI,WB_WDI_NY_GDP_PCAP_CD,LCN,_T,_T,_T,_Z,_Z,_Z,2017,A,USD,NA
8568.05689,P1Y,0,NA,A,PU,_Z,2,NA,NA,FALSE,WB_WDI,WB_WDI_NY_GDP_PCAP_CD,LAC,_T,_T,_T,_Z,_Z,_Z,2017,A,USD,NA
8918.585156,P1Y,0,NA,A,PU,_Z,2,NA,NA,FALSE,WB_WDI,WB_WDI_NY_GDP_PCAP_CD,TLA,_T,_T,_T,_Z,_Z,_Z,2017,A,USD,NA
1037.255148,P1Y,0,NA,A,PU,_Z,2,NA,NA,FALSE,WB_WDI,WB_WDI_NY_GDP_PCAP_CD,LDC,_T,_T,_T,_Z,_Z,_Z,2017,A,USD,NA
4543.086893,P1Y,0,NA,A,PU,_Z,2,NA,NA,FALSE,WB_WDI,WB_WDI_NY_GDP_PCAP_CD,LMY,_T,_T,_T,_Z,_Z,_Z,2017,A,USD,NA
644.852309,P1Y,0,NA,A,PU,_Z,2,NA,NA,FALSE,WB_WDI,WB_WDI_NY_GDP_PCAP_CD,LIC,_T,_T,_T,_Z,_Z,_Z,2017,A,USD,NA
1943.048622,P1Y,0,NA,A,PU,_Z,2,NA,NA,FALSE,WB_WDI,WB_WDI_NY_GDP_PCAP_CD,LMC,_T,_T,_T,_Z,_Z,_Z,2017,A,USD,NA
52596.225016,P1Y,0,NA,A,PU,_Z,2,NA,NA,FALSE,WB_WDI,WB_WDI_NY_GDP_PCAP_CD,MAC,_T,_T,_T,_Z,_Z,_Z,2010,A,USD,NA
450.009392,P1Y,0,NA,A,PU,_Z,2,NA,NA,FALSE,WB_WDI,WB_WDI_NY_GDP_PCAP_CD,MDG,_T,_T,_T,_Z,_Z,_Z,2010,A,USD,NA
683.124695,P1Y,0,NA,A,PU,_Z,2,NA,NA,FALSE,WB_WDI,WB_WDI_NY_GDP_PCAP_CD,MWI,_T,_T,_T,_Z,_Z,_Z,2010,A,USD,NA
8899.345055,P1Y,0,NA,A,PU,_Z,2,NA,NA,FALSE,WB_WDI,WB_WDI_NY_GDP_PCAP_CD,MYS,_T,_T,_T,_Z,_Z,_Z,2010,A,USD,NA
7173.596018,P1Y,0,NA,A,PU,_Z,2,NA,NA,FALSE,WB_WDI,WB_WDI_NY_GDP_PCAP_CD,MDV,_T,_T,_T,_Z,_Z,_Z,2010,A,USD,NA
797.151541,P1Y,0,NA,A,PU,_Z,2,NA,NA,FALSE,WB_WDI,WB_WDI_NY_GDP_PCAP_CD,MLI,_T,_T,_T,_Z,_Z,_Z,2010,A,USD,NA
21946.607307,P1Y,0,NA,A,PU,_Z,2,NA,NA,FALSE,WB_WDI,WB_WDI_NY_GDP_PCAP_CD,MLT,_T,_T,_T,_Z,_Z,_Z,2010,A,USD,NA
3095.45769,P1Y,0,NA,A,PU,_Z,2,NA,NA,FALSE,WB_WDI,WB_WDI_NY_GDP_PCAP_CD,MHL,_T,_T,_T,_Z,_Z,_Z,2010,A,USD,NA
1659.963697,P1Y,0,NA,A,PU,_Z,2,NA,NA,FALSE,WB_WDI,WB_WDI_NY_GDP_PCAP_CD,MRT,_T,_T,_T,_Z,_Z,_Z,2010,A,USD,NA
8113.176707,P1Y,0,NA,A,PU,_Z,2,NA,NA,FALSE,WB_WDI,WB_WDI_NY_GDP_PCAP_CD,MUS,_T,_T,_T,_Z,_Z,_Z,2010,A,USD,NA
9728.800783,P1Y,0,NA,A,PU,_Z,2,NA,NA,FALSE,WB_WDI,WB_WDI_NY_GDP_PCAP_CD,MEX,_T,_T,_T,_Z,_Z,_Z,2010,A,USD,NA
712.253936,P1Y,0,NA,A,PU,_Z,2,NA,NA,FALSE,WB_WDI,WB_WDI_NY_GDP_PCAP_CD,LIC,_T,_T,_T,_Z,_Z,_Z,2008,A,USD,NA
1311.625326,P1Y,0,NA,A,PU,_Z,2,NA,NA,FALSE,WB_WDI,WB_WDI_NY_GDP_PCAP_CD,LMC,_T,_T,_T,_Z,_Z,_Z,2008,A,USD,NA
4838.92296,P1Y,0,NA,A,PU,_Z,2,NA,NA,FALSE,WB_WDI,WB_WDI_NY_GDP_PCAP_CD,MEA,_T,_T,_T,_Z,_Z,_Z,2008,A,USD,NA
2658.20563,P1Y,0,NA,A,PU,_Z,2,NA,NA,FALSE,WB_WDI,WB_WDI_NY_GDP_PCAP_CD,MNA,_T,_T,_T,_Z,_Z,_Z,2008,A,USD,NA
2662.281124,P1Y,0,NA,A,PU,_Z,2,NA,NA,FALSE,WB_WDI,WB_WDI_NY_GDP_PCAP_CD,TMN,_T,_T,_T,_Z,_Z,_Z,2008,A,USD,NA
3073.196186,P1Y,0,NA,A,PU,_Z,2,NA,NA,FALSE,WB_WDI,WB_WDI_NY_GDP_PCAP_CD,MIC,_T,_T,_T,_Z,_Z,_Z,2008,A,USD,NA
48398.383371,P1Y,0,NA,A,PU,_Z,2,NA,NA,FALSE,WB_WDI,WB_WDI_NY_GDP_PCAP_CD,NAC,_T,_T,_T,_Z,_Z,_Z,2008,A,USD,NA
36379.982644,P1Y,0,NA,A,PU,_Z,2,NA,NA,FALSE,WB_WDI,WB_WDI_NY_GDP_PCAP_CD,OED,_T,_T,_T,_Z,_Z,_Z,2008,A,USD,NA
11530.721502,P1Y,0,NA,A,PU,_Z,2,NA,NA,FALSE,WB_WDI,WB_WDI_NY_GDP_PCAP_CD,OSS,_T,_T,_T,_Z,_Z,_Z,2008,A,USD,NA
2989.60481,P1Y,0,NA,A,PU,_Z,2,NA,NA,FALSE,WB_WDI,WB_WDI_NY_GDP_PCAP_CD,PSS,_T,_T,_T,_Z,_Z,_Z,2008,A,USD,NA
40986.203246,P1Y,0,NA,A,PU,_Z,2,NA,NA,FALSE,WB_WDI,WB_WDI_NY_GDP_PCAP_CD,PST,_T,_T,_T,_Z,_Z,_Z,2008,A,USD,NA
1424.070369,P1Y,0,NA,A,PU,_Z,2,NA,NA,FALSE,WB_WDI,WB_WDI_NY_GDP_PCAP_CD,PRE,_T,_T,_T,_Z,_Z,_Z,2008,A,USD,NA
10984.764698,P1Y,0,NA,A,PU,_Z,2,NA,NA,FALSE,WB_WDI,WB_WDI_NY_GDP_PCAP_CD,SST,_T,_T,_T,_Z,_Z,_Z,2008,A,USD,NA
958.275511,P1Y,0,NA,A,PU,_Z,2,NA,NA,FALSE,WB_WDI,WB_WDI_NY_GDP_PCAP_CD,SAS,_T,_T,_T,_Z,_Z,_Z,2008,A,USD,NA
586.59995,P1Y,0,NA,A,PU,_Z,2,NA,NA,FALSE,WB_WDI,WB_WDI_NY_GDP_PCAP_CD,RWA,_T,_T,_T,_Z,_Z,_Z,2010,A,USD,NA
3524.247925,P1Y,0,NA,A,PU,_Z,2,NA,NA,FALSE,WB_WDI,WB_WDI_NY_GDP_PCAP_CD,WSM,_T,_T,_T,_Z,_Z,_Z,2010,A,USD,NA
56543.190562,P1Y,0,NA,A,PU,_Z,2,NA,NA,FALSE,WB_WDI,WB_WDI_NY_GDP_PCAP_CD,SMR,_T,_T,_T,_Z,_Z,_Z,2010,A,USD,NA
1045.209582,P1Y,0,NA,A,PU,_Z,2,NA,NA,FALSE,WB_WDI,WB_WDI_NY_GDP_PCAP_CD,STP,_T,_T,_T,_Z,_Z,_Z,2010,A,USD,NA
22028.390143,P1Y,0,NA,A,PU,_Z,2,NA,NA,FALSE,WB_WDI,WB_WDI_NY_GDP_PCAP_CD,SAU,_T,_T,_T,_Z,_Z,_Z,2010,A,USD,NA
1275.883575,P1Y,0,NA,A,PU,_Z,2,NA,NA,FALSE,WB_WDI,WB_WDI_NY_GDP_PCAP_CD,SEN,_T,_T,_T,_Z,_Z,_Z,2010,A,USD,NA
5970.926609,P1Y,0,NA,A,PU,_Z,2,NA,NA,FALSE,WB_WDI,WB_WDI_NY_GDP_PCAP_CD,SRB,_T,_T,_T,_Z,_Z,_Z,2010,A,USD,NA
10934.794946,P1Y,0,NA,A,PU,_Z,2,NA,NA,FALSE,WB_WDI,WB_WDI_NY_GDP_PCAP_CD,SYC,_T,_T,_T,_Z,_Z,_Z,2010,A,USD,NA
685.039673,P1Y,0,NA,A,PU,_Z,2,NA,NA,FALSE,WB_WDI,WB_WDI_NY_GDP_PCAP_CD,SLE,_T,_T,_T,_Z,_Z,_Z,2010,A,USD,NA
47236.683085,P1Y,0,NA,A,PU,_Z,2,NA,NA,FALSE,WB_WDI,WB_WDI_NY_GDP_PCAP_CD,SGP,_T,_T,_T,_Z,_Z,_Z,2010,A,USD,NA
26403.814369,P1Y,0,NA,A,PU,_Z,2,NA,NA,FALSE,WB_WDI,WB_WDI_NY_GDP_PCAP_CD,SXM,_T,_T,_T,_Z,_Z,_Z,2010,A,USD,NA
16899.448681,P1Y,0,NA,A,PU,_Z,2,NA,NA,FALSE,WB_WDI,WB_WDI_NY_GDP_PCAP_CD,SVK,_T,_T,_T,_Z,_Z,_Z,2010,A,USD,NA
4572.443775,P1Y,0,NA,A,PU,_Z,2,NA,NA,FALSE,WB_WDI,WB_WDI_NY_GDP_PCAP_CD,FJI,_T,_T,_T,_Z,_Z,_Z,2013,A,USD,NA
49691.01452,P1Y,0,NA,A,PU,_Z,2,NA,NA,FALSE,WB_WDI,WB_WDI_NY_GDP_PCAP_CD,FIN,_T,_T,_T,_Z,_Z,_Z,2013,A,USD,NA
42669.179511,P1Y,0,NA,A,PU,_Z,2,NA,NA,FALSE,WB_WDI,WB_WDI_NY_GDP_PCAP_CD,FRA,_T,_T,_T,_Z,_Z,_Z,2013,A,USD,NA
21955.632926,P1Y,0,NA,A,PU,_Z,2,NA,NA,FALSE,WB_WDI,WB_WDI_NY_GDP_PCAP_CD,PYF,_T,_T,_T,_Z,_Z,_Z,2013,A,USD,NA
9197.701063,P1Y,0,NA,A,PU,_Z,2,NA,NA,FALSE,WB_WDI,WB_WDI_NY_GDP_PCAP_CD,GAB,_T,_T,_T,_Z,_Z,_Z,2013,A,USD,NA
653.862713,P1Y,0,NA,A,PU,_Z,2,NA,NA,FALSE,WB_WDI,WB_WDI_NY_GDP_PCAP_CD,GMB,_T,_T,_T,_Z,_Z,_Z,2013,A,USD,NA
4712.002294,P1Y,0,NA,A,PU,_Z,2,NA,NA,FALSE,WB_WDI,WB_WDI_NY_GDP_PCAP_CD,GEO,_T,_T,_T,_Z,_Z,_Z,2013,A,USD,NA
47206.835351,P1Y,0,NA,A,PU,_Z,2,NA,NA,FALSE,WB_WDI,WB_WDI_NY_GDP_PCAP_CD,DEU,_T,_T,_T,_Z,_Z,_Z,2013,A,USD,NA
2294.795847,P1Y,0,NA,A,PU,_Z,2,NA,NA,FALSE,WB_WDI,WB_WDI_NY_GDP_PCAP_CD,GHA,_T,_T,_T,_Z,_Z,_Z,2013,A,USD,NA
21573.344976,P1Y,0,NA,A,PU,_Z,2,NA,NA,FALSE,WB_WDI,WB_WDI_NY_GDP_PCAP_CD,GRC,_T,_T,_T,_Z,_Z,_Z,2013,A,USD,NA
47535.488379,P1Y,0,NA,A,PU,_Z,2,NA,NA,FALSE,WB_WDI,WB_WDI_NY_GDP_PCAP_CD,GRL,_T,_T,_T,_Z,_Z,_Z,2013,A,USD,NA
7424.802123,P1Y,0,NA,A,PU,_Z,2,NA,NA,FALSE,WB_WDI,WB_WDI_NY_GDP_PCAP_CD,GRD,_T,_T,_T,_Z,_Z,_Z,2013,A,USD,NA
99049.016993,P1Y,0,NA,A,PU,_Z,2,NA,NA,FALSE,WB_WDI,WB_WDI_NY_GDP_PCAP_CD,BMU,_T,_T,_T,_Z,_Z,_Z,2011,A,USD,NA
2787.979676,P1Y,0,NA,A,PU,_Z,2,NA,NA,FALSE,WB_WDI,WB_WDI_NY_GDP_PCAP_CD,BTN,_T,_T,_T,_Z,_Z,_Z,2011,A,USD,NA
2315.521219,P1Y,0,NA,A,PU,_Z,2,NA,NA,FALSE,WB_WDI,WB_WDI_NY_GDP_PCAP_CD,BOL,_T,_T,_T,_Z,_Z,_Z,2011,A,USD,NA
4982.693758,P1Y,0,NA,A,PU,_Z,2,NA,NA,FALSE,WB_WDI,WB_WDI_NY_GDP_PCAP_CD,BIH,_T,_T,_T,_Z,_Z,_Z,2011,A,USD,NA
7287.382953,P1Y,0,NA,A,PU,_Z,2,NA,NA,FALSE,WB_WDI,WB_WDI_NY_GDP_PCAP_CD,BWA,_T,_T,_T,_Z,_Z,_Z,2011,A,USD,NA
13396.624356,P1Y,0,NA,A,PU,_Z,2,NA,NA,FALSE,WB_WDI,WB_WDI_NY_GDP_PCAP_CD,BRA,_T,_T,_T,_Z,_Z,_Z,2011,A,USD,NA
46382.827426,P1Y,0,NA,A,PU,_Z,2,NA,NA,FALSE,WB_WDI,WB_WDI_NY_GDP_PCAP_CD,BRN,_T,_T,_T,_Z,_Z,_Z,2011,A,USD,NA
7849.982197,P1Y,0,NA,A,PU,_Z,2,NA,NA,FALSE,WB_WDI,WB_WDI_NY_GDP_PCAP_CD,BGR,_T,_T,_T,_Z,_Z,_Z,2011,A,USD,NA
725.024768,P1Y,0,NA,A,PU,_Z,2,NA,NA,FALSE,WB_WDI,WB_WDI_NY_GDP_PCAP_CD,BFA,_T,_T,_T,_Z,_Z,_Z,2011,A,USD,NA
230.069761,P1Y,0,NA,A,PU,_Z,2,NA,NA,FALSE,WB_WDI,WB_WDI_NY_GDP_PCAP_CD,BDI,_T,_T,_T,_Z,_Z,_Z,2011,A,USD,NA
19215.781301,P1Y,0,NA,A,PU,_Z,2,NA,NA,FALSE,WB_WDI,WB_WDI_NY_GDP_PCAP_CD,PRT,_T,_T,_T,_Z,_Z,_Z,2015,A,USD,NA
29242.041465,P1Y,0,NA,A,PU,_Z,2,NA,NA,FALSE,WB_WDI,WB_WDI_NY_GDP_PCAP_CD,PRI,_T,_T,_T,_Z,_Z,_Z,2015,A,USD,NA
68985.294696,P1Y,0,NA,A,PU,_Z,2,NA,NA,FALSE,WB_WDI,WB_WDI_NY_GDP_PCAP_CD,QAT,_T,_T,_T,_Z,_Z,_Z,2015,A,USD,NA
8977.017482,P1Y,0,NA,A,PU,_Z,2,NA,NA,FALSE,WB_WDI,WB_WDI_NY_GDP_PCAP_CD,ROU,_T,_T,_T,_Z,_Z,_Z,2015,A,USD,NA
9277.713867,P1Y,0,NA,A,PU,_Z,2,NA,NA,FALSE,WB_WDI,WB_WDI_NY_GDP_PCAP_CD,RUS,_T,_T,_T,_Z,_Z,_Z,2015,A,USD,NA
725.691419,P1Y,0,NA,A,PU,_Z,2,NA,NA,FALSE,WB_WDI,WB_WDI_NY_GDP_PCAP_CD,RWA,_T,_T,_T,_Z,_Z,_Z,2015,A,USD,NA
4084.360838,P1Y,0,NA,A,PU,_Z,2,NA,NA,FALSE,WB_WDI,WB_WDI_NY_GDP_PCAP_CD,WSM,_T,_T,_T,_Z,_Z,_Z,2015,A,USD,NA
43146.80353,P1Y,0,NA,A,PU,_Z,2,NA,NA,FALSE,WB_WDI,WB_WDI_NY_GDP_PCAP_CD,SMR,_T,_T,_T,_Z,_Z,_Z,2015,A,USD,NA
1298.109466,P1Y,0,NA,A,PU,_Z,2,NA,NA,FALSE,WB_WDI,WB_WDI_NY_GDP_PCAP_CD,STP,_T,_T,_T,_Z,_Z,_Z,2015,A,USD,NA
23256.154955,P1Y,0,NA,A,PU,_Z,2,NA,NA,FALSE,WB_WDI,WB_WDI_NY_GDP_PCAP_CD,SAU,_T,_T,_T,_Z,_Z,_Z,2015,A,USD,NA
1218.006136,P1Y,0,NA,A,PU,_Z,2,NA,NA,FALSE,WB_WDI,WB_WDI_NY_GDP_PCAP_CD,SEN,_T,_T,_T,_Z,_Z,_Z,2015,A,USD,NA
5820.321558,P1Y,0,NA,A,PU,_Z,2,NA,NA,FALSE,WB_WDI,WB_WDI_NY_GDP_PCAP_CD,SRB,_T,_T,_T,_Z,_Z,_Z,2015,A,USD,NA
3893.505333,P1Y,0,NA,A,PU,_Z,2,NA,NA,FALSE,WB_WDI,WB_WDI_NY_GDP_PCAP_CD,GTM,_T,_T,_T,_Z,_Z,_Z,2015,A,USD,NA
747.356967,P1Y,0,NA,A,PU,_Z,2,NA,NA,FALSE,WB_WDI,WB_WDI_NY_GDP_PCAP_CD,GIN,_T,_T,_T,_Z,_Z,_Z,2015,A,USD,NA
645.066837,P1Y,0,NA,A,PU,_Z,2,NA,NA,FALSE,WB_WDI,WB_WDI_NY_GDP_PCAP_CD,GNB,_T,_T,_T,_Z,_Z,_Z,2015,A,USD,NA
5640.415606,P1Y,0,NA,A,PU,_Z,2,NA,NA,FALSE,WB_WDI,WB_WDI_NY_GDP_PCAP_CD,GUY,_T,_T,_T,_Z,_Z,_Z,2015,A,USD,NA
1411.126847,P1Y,0,NA,A,PU,_Z,2,NA,NA,FALSE,WB_WDI,WB_WDI_NY_GDP_PCAP_CD,HTI,_T,_T,_T,_Z,_Z,_Z,2015,A,USD,NA
2271.20266,P1Y,0,NA,A,PU,_Z,2,NA,NA,FALSE,WB_WDI,WB_WDI_NY_GDP_PCAP_CD,HND,_T,_T,_T,_Z,_Z,_Z,2015,A,USD,NA
42432.161974,P1Y,0,NA,A,PU,_Z,2,NA,NA,FALSE,WB_WDI,WB_WDI_NY_GDP_PCAP_CD,HKG,_T,_T,_T,_Z,_Z,_Z,2015,A,USD,NA
12782.941258,P1Y,0,NA,A,PU,_Z,2,NA,NA,FALSE,WB_WDI,WB_WDI_NY_GDP_PCAP_CD,HUN,_T,_T,_T,_Z,_Z,_Z,2015,A,USD,NA
53505.696408,P1Y,0,NA,A,PU,_Z,2,NA,NA,FALSE,WB_WDI,WB_WDI_NY_GDP_PCAP_CD,ISL,_T,_T,_T,_Z,_Z,_Z,2015,A,USD,NA
1583.998159,P1Y,0,NA,A,PU,_Z,2,NA,NA,FALSE,WB_WDI,WB_WDI_NY_GDP_PCAP_CD,IND,_T,_T,_T,_Z,_Z,_Z,2015,A,USD,NA
3288.222697,P1Y,0,NA,A,PU,_Z,2,NA,NA,FALSE,WB_WDI,WB_WDI_NY_GDP_PCAP_CD,IDN,_T,_T,_T,_Z,_Z,_Z,2015,A,USD,NA
6413.091825,P1Y,0,NA,A,PU,_Z,2,NA,NA,FALSE,WB_WDI,WB_WDI_NY_GDP_PCAP_CD,THA,_T,_T,_T,_Z,_Z,_Z,2017,A,USD,NA
1266.17768,P1Y,0,NA,A,PU,_Z,2,NA,NA,FALSE,WB_WDI,WB_WDI_NY_GDP_PCAP_CD,TLS,_T,_T,_T,_Z,_Z,_Z,2017,A,USD,NA
872.076409,P1Y,0,NA,A,PU,_Z,2,NA,NA,FALSE,WB_WDI,WB_WDI_NY_GDP_PCAP_CD,TGO,_T,_T,_T,_Z,_Z,_Z,2017,A,USD,NA
4365.929298,P1Y,0,NA,A,PU,_Z,2,NA,NA,FALSE,WB_WDI,WB_WDI_NY_GDP_PCAP_CD,TON,_T,_T,_T,_Z,_Z,_Z,2017,A,USD,NA
17566.09997,P1Y,0,NA,A,PU,_Z,2,NA,NA,FALSE,WB_WDI,WB_WDI_NY_GDP_PCAP_CD,TTO,_T,_T,_T,_Z,_Z,_Z,2017,A,USD,NA
3619.032473,P1Y,0,NA,A,PU,_Z,2,NA,NA,FALSE,WB_WDI,WB_WDI_NY_GDP_PCAP_CD,TUN,_T,_T,_T,_Z,_Z,_Z,2017,A,USD,NA
10756.387768,P1Y,0,NA,A,PU,_Z,2,NA,NA,FALSE,WB_WDI,WB_WDI_NY_GDP_PCAP_CD,TUR,_T,_T,_T,_Z,_Z,_Z,2017,A,USD,NA
5125.549201,P1Y,0,NA,A,PU,_Z,2,NA,NA,FALSE,WB_WDI,WB_WDI_NY_GDP_PCAP_CD,TKM,_T,_T,_T,_Z,_Z,_Z,2017,A,USD,NA
30014.230952,P1Y,0,NA,A,PU,_Z,2,NA,NA,FALSE,WB_WDI,WB_WDI_NY_GDP_PCAP_CD,TCA,_T,_T,_T,_Z,_Z,_Z,2017,A,USD,NA
4165.663387,P1Y,0,NA,A,PU,_Z,2,NA,NA,FALSE,WB_WDI,WB_WDI_NY_GDP_PCAP_CD,TUV,_T,_T,_T,_Z,_Z,_Z,2017,A,USD,NA
765.218332,P1Y,0,NA,A,PU,_Z,2,NA,NA,FALSE,WB_WDI,WB_WDI_NY_GDP_PCAP_CD,UGA,_T,_T,_T,_Z,_Z,_Z,2017,A,USD,NA
2604.287598,P1Y,0,NA,A,PU,_Z,2,NA,NA,FALSE,WB_WDI,WB_WDI_NY_GDP_PCAP_CD,UKR,_T,_T,_T,_Z,_Z,_Z,2017,A,USD,NA
35603.248328,P1Y,0,NA,A,PU,_Z,2,NA,NA,FALSE,WB_WDI,WB_WDI_NY_GDP_PCAP_CD,ESP,_T,_T,_T,_Z,_Z,_Z,2008,A,USD,NA
1973.584769,P1Y,0,NA,A,PU,_Z,2,NA,NA,FALSE,WB_WDI,WB_WDI_NY_GDP_PCAP_CD,LKA,_T,_T,_T,_Z,_Z,_Z,2008,A,USD,NA
16604.944862,P1Y,0,NA,A,PU,_Z,2,NA,NA,FALSE,WB_WDI,WB_WDI_NY_GDP_PCAP_CD,KNA,_T,_T,_T,_Z,_Z,_Z,2008,A,USD,NA
8516.960755,P1Y,0,NA,A,PU,_Z,2,NA,NA,FALSE,WB_WDI,WB_WDI_NY_GDP_PCAP_CD,LCA,_T,_T,_T,_Z,_Z,_Z,2008,A,USD,NA
6598.905315,P1Y,0,NA,A,PU,_Z,2,NA,NA,FALSE,WB_WDI,WB_WDI_NY_GDP_PCAP_CD,VCT,_T,_T,_T,_Z,_Z,_Z,2008,A,USD,NA
1527.582397,P1Y,0,NA,A,PU,_Z,2,NA,NA,FALSE,WB_WDI,WB_WDI_NY_GDP_PCAP_CD,SDN,_T,_T,_T,_Z,_Z,_Z,2008,A,USD,NA
6576.085463,P1Y,0,NA,A,PU,_Z,2,NA,NA,FALSE,WB_WDI,WB_WDI_NY_GDP_PCAP_CD,SUR,_T,_T,_T,_Z,_Z,_Z,2008,A,USD,NA
55817.175973,P1Y,0,NA,A,PU,_Z,2,NA,NA,FALSE,WB_WDI,WB_WDI_NY_GDP_PCAP_CD,SWE,_T,_T,_T,_Z,_Z,_Z,2008,A,USD,NA
75147.537671,P1Y,0,NA,A,PU,_Z,2,NA,NA,FALSE,WB_WDI,WB_WDI_NY_GDP_PCAP_CD,CHE,_T,_T,_T,_Z,_Z,_Z,2008,A,USD,NA
2429.124763,P1Y,0,NA,A,PU,_Z,2,NA,NA,FALSE,WB_WDI,WB_WDI_NY_GDP_PCAP_CD,SYR,_T,_T,_T,_Z,_Z,_Z,2008,A,USD,NA
703.327376,P1Y,0,NA,A,PU,_Z,2,NA,NA,FALSE,WB_WDI,WB_WDI_NY_GDP_PCAP_CD,TJK,_T,_T,_T,_Z,_Z,_Z,2008,A,USD,NA
675.977234,P1Y,0,NA,A,PU,_Z,2,NA,NA,FALSE,WB_WDI,WB_WDI_NY_GDP_PCAP_CD,TZA,_T,_T,_T,_Z,_Z,_Z,2008,A,USD,NA
52542.575909,P1Y,0,NA,A,PU,_Z,2,NA,NA,FALSE,WB_WDI,WB_WDI_NY_GDP_PCAP_CD,SWE,_T,_T,_T,_Z,_Z,_Z,2010,A,USD,NA
77956.126204,P1Y,0,NA,A,PU,_Z,2,NA,NA,FALSE,WB_WDI,WB_WDI_NY_GDP_PCAP_CD,CHE,_T,_T,_T,_Z,_Z,_Z,2010,A,USD,NA
2730.614878,P1Y,0,NA,A,PU,_Z,2,NA,NA,FALSE,WB_WDI,WB_WDI_NY_GDP_PCAP_CD,SYR,_T,_T,_T,_Z,_Z,_Z,2010,A,USD,NA
737.338883,P1Y,0,NA,A,PU,_Z,2,NA,NA,FALSE,WB_WDI,WB_WDI_NY_GDP_PCAP_CD,TJK,_T,_T,_T,_Z,_Z,_Z,2010,A,USD,NA
736.530151,P1Y,0,NA,A,PU,_Z,2,NA,NA,FALSE,WB_WDI,WB_WDI_NY_GDP_PCAP_CD,TZA,_T,_T,_T,_Z,_Z,_Z,2010,A,USD,NA
4973.862888,P1Y,0,NA,A,PU,_Z,2,NA,NA,FALSE,WB_WDI,WB_WDI_NY_GDP_PCAP_CD,THA,_T,_T,_T,_Z,_Z,_Z,2010,A,USD,NA
813.060177,P1Y,0,NA,A,PU,_Z,2,NA,NA,FALSE,WB_WDI,WB_WDI_NY_GDP_PCAP_CD,TLS,_T,_T,_T,_Z,_Z,_Z,2010,A,USD,NA
750.323421,P1Y,0,NA,A,PU,_Z,2,NA,NA,FALSE,WB_WDI,WB_WDI_NY_GDP_PCAP_CD,TGO,_T,_T,_T,_Z,_Z,_Z,2010,A,USD,NA
3416.083566,P1Y,0,NA,A,PU,_Z,2,NA,NA,FALSE,WB_WDI,WB_WDI_NY_GDP_PCAP_CD,TON,_T,_T,_T,_Z,_Z,_Z,2010,A,USD,NA
16815.424737,P1Y,0,NA,A,PU,_Z,2,NA,NA,FALSE,WB_WDI,WB_WDI_NY_GDP_PCAP_CD,TTO,_T,_T,_T,_Z,_Z,_Z,2010,A,USD,NA
4291.861209,P1Y,0,NA,A,PU,_Z,2,NA,NA,FALSE,WB_WDI,WB_WDI_NY_GDP_PCAP_CD,TUN,_T,_T,_T,_Z,_Z,_Z,2010,A,USD,NA
3918.528174,P1Y,0,NA,A,PU,_Z,2,NA,NA,FALSE,WB_WDI,WB_WDI_NY_GDP_PCAP_CD,THA,_T,_T,_T,_Z,_Z,_Z,2007,A,USD,NA
540.154584,P1Y,0,NA,A,PU,_Z,2,NA,NA,FALSE,WB_WDI,WB_WDI_NY_GDP_PCAP_CD,TLS,_T,_T,_T,_Z,_Z,_Z,2007,A,USD,NA
654.083698,P1Y,0,NA,A,PU,_Z,2,NA,NA,FALSE,WB_WDI,WB_WDI_NY_GDP_PCAP_CD,TGO,_T,_T,_T,_Z,_Z,_Z,2007,A,USD,NA
2797.065601,P1Y,0,NA,A,PU,_Z,2,NA,NA,FALSE,WB_WDI,WB_WDI_NY_GDP_PCAP_CD,TON,_T,_T,_T,_Z,_Z,_Z,2007,A,USD,NA
16606.675361,P1Y,0,NA,A,PU,_Z,2,NA,NA,FALSE,WB_WDI,WB_WDI_NY_GDP_PCAP_CD,TTO,_T,_T,_T,_Z,_Z,_Z,2007,A,USD,NA
3726.916729,P1Y,0,NA,A,PU,_Z,2,NA,NA,FALSE,WB_WDI,WB_WDI_NY_GDP_PCAP_CD,TUN,_T,_T,_T,_Z,_Z,_Z,2007,A,USD,NA
9766.917345,P1Y,0,NA,A,PU,_Z,2,NA,NA,FALSE,WB_WDI,WB_WDI_NY_GDP_PCAP_CD,TUR,_T,_T,_T,_Z,_Z,_Z,2007,A,USD,NA
2414.96072,P1Y,0,NA,A,PU,_Z,2,NA,NA,FALSE,WB_WDI,WB_WDI_NY_GDP_PCAP_CD,TKM,_T,_T,_T,_Z,_Z,_Z,2007,A,USD,NA
29443.852303,P1Y,0,NA,A,PU,_Z,2,NA,NA,FALSE,WB_WDI,WB_WDI_NY_GDP_PCAP_CD,TCA,_T,_T,_T,_Z,_Z,_Z,2007,A,USD,NA
2794.163101,P1Y,0,NA,A,PU,_Z,2,NA,NA,FALSE,WB_WDI,WB_WDI_NY_GDP_PCAP_CD,TUV,_T,_T,_T,_Z,_Z,_Z,2007,A,USD,NA
401.389131,P1Y,0,NA,A,PU,_Z,2,NA,NA,FALSE,WB_WDI,WB_WDI_NY_GDP_PCAP_CD,UGA,_T,_T,_T,_Z,_Z,_Z,2007,A,USD,NA
3160.327637,P1Y,0,NA,A,PU,_Z,2,NA,NA,FALSE,WB_WDI,WB_WDI_NY_GDP_PCAP_CD,UKR,_T,_T,_T,_Z,_Z,_Z,2007,A,USD,NA
45854.735244,P1Y,0,NA,A,PU,_Z,2,NA,NA,FALSE,WB_WDI,WB_WDI_NY_GDP_PCAP_CD,ARE,_T,_T,_T,_Z,_Z,_Z,2007,A,USD,NA
409.931425,P1Y,0,NA,A,PU,_Z,2,NA,NA,FALSE,WB_WDI,WB_WDI_NY_GDP_PCAP_CD,COD,_T,_T,_T,_Z,_Z,_Z,2012,A,USD,NA
3732.327373,P1Y,0,NA,A,PU,_Z,2,NA,NA,FALSE,WB_WDI,WB_WDI_NY_GDP_PCAP_CD,COG,_T,_T,_T,_Z,_Z,_Z,2012,A,USD,NA
10126.999116,P1Y,0,NA,A,PU,_Z,2,NA,NA,FALSE,WB_WDI,WB_WDI_NY_GDP_PCAP_CD,CRI,_T,_T,_T,_Z,_Z,_Z,2012,A,USD,NA
1546.946018,P1Y,0,NA,A,PU,_Z,2,NA,NA,FALSE,WB_WDI,WB_WDI_NY_GDP_PCAP_CD,CIV,_T,_T,_T,_Z,_Z,_Z,2012,A,USD,NA
13507.634988,P1Y,0,NA,A,PU,_Z,2,NA,NA,FALSE,WB_WDI,WB_WDI_NY_GDP_PCAP_CD,HRV,_T,_T,_T,_Z,_Z,_Z,2012,A,USD,NA
6470.836734,P1Y,0,NA,A,PU,_Z,2,NA,NA,FALSE,WB_WDI,WB_WDI_NY_GDP_PCAP_CD,CUB,_T,_T,_T,_Z,_Z,_Z,2012,A,USD,NA
19809.82232,P1Y,0,NA,A,PU,_Z,2,NA,NA,FALSE,WB_WDI,WB_WDI_NY_GDP_PCAP_CD,CUW,_T,_T,_T,_Z,_Z,_Z,2012,A,USD,NA
28991.929688,P1Y,0,NA,A,PU,_Z,2,NA,NA,FALSE,WB_WDI,WB_WDI_NY_GDP_PCAP_CD,CYP,_T,_T,_T,_Z,_Z,_Z,2012,A,USD,NA
20014.035402,P1Y,0,NA,A,PU,_Z,2,NA,NA,FALSE,WB_WDI,WB_WDI_NY_GDP_PCAP_CD,CZE,_T,_T,_T,_Z,_Z,_Z,2012,A,USD,NA
58443.77471,P1Y,0,NA,A,PU,_Z,2,NA,NA,FALSE,WB_WDI,WB_WDI_NY_GDP_PCAP_CD,DNK,_T,_T,_T,_Z,_Z,_Z,2012,A,USD,NA
1400.193579,P1Y,0,NA,A,PU,_Z,2,NA,NA,FALSE,WB_WDI,WB_WDI_NY_GDP_PCAP_CD,DJI,_T,_T,_T,_Z,_Z,_Z,2012,A,USD,NA
1639.852747,P1Y,0,NA,A,PU,_Z,2,NA,NA,FALSE,WB_WDI,WB_WDI_NY_GDP_PCAP_CD,KIR,_T,_T,_T,_Z,_Z,_Z,2015,A,USD,NA
30171.790655,P1Y,0,NA,A,PU,_Z,2,NA,NA,FALSE,WB_WDI,WB_WDI_NY_GDP_PCAP_CD,KOR,_T,_T,_T,_Z,_Z,_Z,2015,A,USD,NA
3520.626853,P1Y,0,NA,A,PU,_Z,2,NA,NA,FALSE,WB_WDI,WB_WDI_NY_GDP_PCAP_CD,XKX,_T,_T,_T,_Z,_Z,_Z,2015,A,USD,NA
29882.21265,P1Y,0,NA,A,PU,_Z,2,NA,NA,FALSE,WB_WDI,WB_WDI_NY_GDP_PCAP_CD,KWT,_T,_T,_T,_Z,_Z,_Z,2015,A,USD,NA
1105.651938,P1Y,0,NA,A,PU,_Z,2,NA,NA,FALSE,WB_WDI,WB_WDI_NY_GDP_PCAP_CD,KGZ,_T,_T,_T,_Z,_Z,_Z,2015,A,USD,NA
2121.013391,P1Y,0,NA,A,PU,_Z,2,NA,NA,FALSE,WB_WDI,WB_WDI_NY_GDP_PCAP_CD,LAO,_T,_T,_T,_Z,_Z,_Z,2015,A,USD,NA
13321.975314,P1Y,0,NA,A,PU,_Z,2,NA,NA,FALSE,WB_WDI,WB_WDI_NY_GDP_PCAP_CD,LVA,_T,_T,_T,_Z,_Z,_Z,2015,A,USD,NA
7714.11,P1Y,0,NA,A,PU,_Z,2,NA,NA,FALSE,WB_WDI,WB_WDI_NY_GDP_PCAP_CD,LBN,_T,_T,_T,_Z,_Z,_Z,2015,A,USD,NA
1121.198513,P1Y,0,NA,A,PU,_Z,2,NA,NA,FALSE,WB_WDI,WB_WDI_NY_GDP_PCAP_CD,LSO,_T,_T,_T,_Z,_Z,_Z,2015,A,USD,NA
692.590082,P1Y,0,NA,A,PU,_Z,2,NA,NA,FALSE,WB_WDI,WB_WDI_NY_GDP_PCAP_CD,LBR,_T,_T,_T,_Z,_Z,_Z,2015,A,USD,NA
512.5798,P1Y,0,NA,A,PU,_Z,2,NA,NA,FALSE,WB_WDI,WB_WDI_NY_GDP_PCAP_CD,MDG,_T,_T,_T,_Z,_Z,_Z,2008,A,USD,NA
554.04882,P1Y,0,NA,A,PU,_Z,2,NA,NA,FALSE,WB_WDI,WB_WDI_NY_GDP_PCAP_CD,MWI,_T,_T,_T,_Z,_Z,_Z,2008,A,USD,NA
8371.821561,P1Y,0,NA,A,PU,_Z,2,NA,NA,FALSE,WB_WDI,WB_WDI_NY_GDP_PCAP_CD,MYS,_T,_T,_T,_Z,_Z,_Z,2008,A,USD,NA
6757.432809,P1Y,0,NA,A,PU,_Z,2,NA,NA,FALSE,WB_WDI,WB_WDI_NY_GDP_PCAP_CD,MDV,_T,_T,_T,_Z,_Z,_Z,2008,A,USD,NA
767.194839,P1Y,0,NA,A,PU,_Z,2,NA,NA,FALSE,WB_WDI,WB_WDI_NY_GDP_PCAP_CD,MLI,_T,_T,_T,_Z,_Z,_Z,2008,A,USD,NA
22405.642627,P1Y,0,NA,A,PU,_Z,2,NA,NA,FALSE,WB_WDI,WB_WDI_NY_GDP_PCAP_CD,MLT,_T,_T,_T,_Z,_Z,_Z,2008,A,USD,NA
2817.605228,P1Y,0,NA,A,PU,_Z,2,NA,NA,FALSE,WB_WDI,WB_WDI_NY_GDP_PCAP_CD,MHL,_T,_T,_T,_Z,_Z,_Z,2008,A,USD,NA
1635.563062,P1Y,0,NA,A,PU,_Z,2,NA,NA,FALSE,WB_WDI,WB_WDI_NY_GDP_PCAP_CD,MRT,_T,_T,_T,_Z,_Z,_Z,2008,A,USD,NA
8140.479836,P1Y,0,NA,A,PU,_Z,2,NA,NA,FALSE,WB_WDI,WB_WDI_NY_GDP_PCAP_CD,MUS,_T,_T,_T,_Z,_Z,_Z,2008,A,USD,NA
10523.768543,P1Y,0,NA,A,PU,_Z,2,NA,NA,FALSE,WB_WDI,WB_WDI_NY_GDP_PCAP_CD,MEX,_T,_T,_T,_Z,_Z,_Z,2008,A,USD,NA
2395.902181,P1Y,0,NA,A,PU,_Z,2,NA,NA,FALSE,WB_WDI,WB_WDI_NY_GDP_PCAP_CD,FSM,_T,_T,_T,_Z,_Z,_Z,2008,A,USD,NA
42560.345677,P1Y,0,NA,A,PU,_Z,2,NA,NA,FALSE,WB_WDI,WB_WDI_NY_GDP_PCAP_CD,FIN,_T,_T,_T,_Z,_Z,_Z,2015,A,USD,NA
36702.432373,P1Y,0,NA,A,PU,_Z,2,NA,NA,FALSE,WB_WDI,WB_WDI_NY_GDP_PCAP_CD,FRA,_T,_T,_T,_Z,_Z,_Z,2015,A,USD,NA
19166.959476,P1Y,0,NA,A,PU,_Z,2,NA,NA,FALSE,WB_WDI,WB_WDI_NY_GDP_PCAP_CD,PYF,_T,_T,_T,_Z,_Z,_Z,2015,A,USD,NA
7047.126546,P1Y,0,NA,A,PU,_Z,2,NA,NA,FALSE,WB_WDI,WB_WDI_NY_GDP_PCAP_CD,GAB,_T,_T,_T,_Z,_Z,_Z,2015,A,USD,NA
619.536364,P1Y,0,NA,A,PU,_Z,2,NA,NA,FALSE,WB_WDI,WB_WDI_NY_GDP_PCAP_CD,GMB,_T,_T,_T,_Z,_Z,_Z,2015,A,USD,NA
4086.622347,P1Y,0,NA,A,PU,_Z,2,NA,NA,FALSE,WB_WDI,WB_WDI_NY_GDP_PCAP_CD,GEO,_T,_T,_T,_Z,_Z,_Z,2015,A,USD,NA
41929.754911,P1Y,0,NA,A,PU,_Z,2,NA,NA,FALSE,WB_WDI,WB_WDI_NY_GDP_PCAP_CD,DEU,_T,_T,_T,_Z,_Z,_Z,2015,A,USD,NA
1722.772828,P1Y,0,NA,A,PU,_Z,2,NA,NA,FALSE,WB_WDI,WB_WDI_NY_GDP_PCAP_CD,GHA,_T,_T,_T,_Z,_Z,_Z,2015,A,USD,NA
17980.729824,P1Y,0,NA,A,PU,_Z,2,NA,NA,FALSE,WB_WDI,WB_WDI_NY_GDP_PCAP_CD,GRC,_T,_T,_T,_Z,_Z,_Z,2015,A,USD,NA
44536.354971,P1Y,0,NA,A,PU,_Z,2,NA,NA,FALSE,WB_WDI,WB_WDI_NY_GDP_PCAP_CD,GRL,_T,_T,_T,_Z,_Z,_Z,2015,A,USD,NA
8694.12438,P1Y,0,NA,A,PU,_Z,2,NA,NA,FALSE,WB_WDI,WB_WDI_NY_GDP_PCAP_CD,GRD,_T,_T,_T,_Z,_Z,_Z,2015,A,USD,NA
35165.701464,P1Y,0,NA,A,PU,_Z,2,NA,NA,FALSE,WB_WDI,WB_WDI_NY_GDP_PCAP_CD,GUM,_T,_T,_T,_Z,_Z,_Z,2015,A,USD,NA
15333.105173,P1Y,0,NA,A,PU,_Z,2,NA,NA,FALSE,WB_WDI,WB_WDI_NY_GDP_PCAP_CD,SYC,_T,_T,_T,_Z,_Z,_Z,2015,A,USD,NA
964.575981,P1Y,0,NA,A,PU,_Z,2,NA,NA,FALSE,WB_WDI,WB_WDI_NY_GDP_PCAP_CD,SLE,_T,_T,_T,_Z,_Z,_Z,2015,A,USD,NA
55645.606861,P1Y,0,NA,A,PU,_Z,2,NA,NA,FALSE,WB_WDI,WB_WDI_NY_GDP_PCAP_CD,SGP,_T,_T,_T,_Z,_Z,_Z,2015,A,USD,NA
37839.628382,P1Y,0,NA,A,PU,_Z,2,NA,NA,FALSE,WB_WDI,WB_WDI_NY_GDP_PCAP_CD,SXM,_T,_T,_T,_Z,_Z,_Z,2015,A,USD,NA
16442.076086,P1Y,0,NA,A,PU,_Z,2,NA,NA,FALSE,WB_WDI,WB_WDI_NY_GDP_PCAP_CD,SVK,_T,_T,_T,_Z,_Z,_Z,2015,A,USD,NA
20697.274853,P1Y,0,NA,A,PU,_Z,2,NA,NA,FALSE,WB_WDI,WB_WDI_NY_GDP_PCAP_CD,SVN,_T,_T,_T,_Z,_Z,_Z,2015,A,USD,NA
2045.477215,P1Y,0,NA,A,PU,_Z,2,NA,NA,FALSE,WB_WDI,WB_WDI_NY_GDP_PCAP_CD,SLB,_T,_T,_T,_Z,_Z,_Z,2015,A,USD,NA
445.58308,P1Y,0,NA,A,PU,_Z,2,NA,NA,FALSE,WB_WDI,WB_WDI_NY_GDP_PCAP_CD,SOM,_T,_T,_T,_Z,_Z,_Z,2015,A,USD,NA
6112.273825,P1Y,0,NA,A,PU,_Z,2,NA,NA,FALSE,WB_WDI,WB_WDI_NY_GDP_PCAP_CD,ZAF,_T,_T,_T,_Z,_Z,_Z,2015,A,USD,NA
1080.147186,P1Y,0,NA,A,PU,_Z,2,NA,NA,TRUE,WB_WDI,WB_WDI_NY_GDP_PCAP_CD,SSD,_T,_T,_T,_Z,_Z,_Z,2015,A,USD,NA
25982.44162,P1Y,0,NA,A,PU,_Z,2,NA,NA,FALSE,WB_WDI,WB_WDI_NY_GDP_PCAP_CD,ESP,_T,_T,_T,_Z,_Z,_Z,2015,A,USD,NA
18469.435432,P1Y,0,NA,A,PU,_Z,2,NA,NA,FALSE,WB_WDI,WB_WDI_NY_GDP_PCAP_CD,SVK,_T,_T,_T,_Z,_Z,_Z,2011,A,USD,NA
24940.628484,P1Y,0,NA,A,PU,_Z,2,NA,NA,FALSE,WB_WDI,WB_WDI_NY_GDP_PCAP_CD,SVN,_T,_T,_T,_Z,_Z,_Z,2011,A,USD,NA
1924.057956,P1Y,0,NA,A,PU,_Z,2,NA,NA,FALSE,WB_WDI,WB_WDI_NY_GDP_PCAP_CD,SLB,_T,_T,_T,_Z,_Z,_Z,2011,A,USD,NA
235.325946,P1Y,0,NA,A,PU,_Z,2,NA,NA,FALSE,WB_WDI,WB_WDI_NY_GDP_PCAP_CD,SOM,_T,_T,_T,_Z,_Z,_Z,2011,A,USD,NA
8646.055711,P1Y,0,NA,A,PU,_Z,2,NA,NA,FALSE,WB_WDI,WB_WDI_NY_GDP_PCAP_CD,ZAF,_T,_T,_T,_Z,_Z,_Z,2011,A,USD,NA
1448.98435,P1Y,0,NA,A,PU,_Z,2,NA,NA,FALSE,WB_WDI,WB_WDI_NY_GDP_PCAP_CD,SSD,_T,_T,_T,_Z,_Z,_Z,2011,A,USD,NA
31824.621913,P1Y,0,NA,A,PU,_Z,2,NA,NA,FALSE,WB_WDI,WB_WDI_NY_GDP_PCAP_CD,ESP,_T,_T,_T,_Z,_Z,_Z,2011,A,USD,NA
3224.957451,P1Y,0,NA,A,PU,_Z,2,NA,NA,FALSE,WB_WDI,WB_WDI_NY_GDP_PCAP_CD,LKA,_T,_T,_T,_Z,_Z,_Z,2011,A,USD,NA
17832.457292,P1Y,0,NA,A,PU,_Z,2,NA,NA,FALSE,WB_WDI,WB_WDI_NY_GDP_PCAP_CD,KNA,_T,_T,_T,_Z,_Z,_Z,2011,A,USD,NA
9128.99442,P1Y,0,NA,A,PU,_Z,2,NA,NA,FALSE,WB_WDI,WB_WDI_NY_GDP_PCAP_CD,LCA,_T,_T,_T,_Z,_Z,_Z,2011,A,USD,NA
20930.582118,P1Y,0,NA,A,PU,_Z,2,NA,NA,FALSE,WB_WDI,WB_WDI_NY_GDP_PCAP_CD,MAF,_T,_T,_T,_Z,_Z,_Z,2011,A,USD,NA
6527.689969,P1Y,0,NA,A,PU,_Z,2,NA,NA,FALSE,WB_WDI,WB_WDI_NY_GDP_PCAP_CD,VCT,_T,_T,_T,_Z,_Z,_Z,2011,A,USD,NA
1332.657227,P1Y,0,NA,A,PU,_Z,2,NA,NA,FALSE,WB_WDI,WB_WDI_NY_GDP_PCAP_CD,SDN,_T,_T,_T,_Z,_Z,_Z,2011,A,USD,NA
5688.853354,P1Y,0,NA,A,PU,_Z,2,NA,NA,FALSE,WB_WDI,WB_WDI_NY_GDP_PCAP_CD,THA,_T,_T,_T,_Z,_Z,_Z,2015,A,USD,NA
1319.592974,P1Y,0,NA,A,PU,_Z,2,NA,NA,FALSE,WB_WDI,WB_WDI_NY_GDP_PCAP_CD,TLS,_T,_T,_T,_Z,_Z,_Z,2015,A,USD,NA
813.894677,P1Y,0,NA,A,PU,_Z,2,NA,NA,FALSE,WB_WDI,WB_WDI_NY_GDP_PCAP_CD,TGO,_T,_T,_T,_Z,_Z,_Z,2015,A,USD,NA
4123.903472,P1Y,0,NA,A,PU,_Z,2,NA,NA,FALSE,WB_WDI,WB_WDI_NY_GDP_PCAP_CD,TON,_T,_T,_T,_Z,_Z,_Z,2015,A,USD,NA
19887.232772,P1Y,0,NA,A,PU,_Z,2,NA,NA,FALSE,WB_WDI,WB_WDI_NY_GDP_PCAP_CD,TTO,_T,_T,_T,_Z,_Z,_Z,2015,A,USD,NA
4014.947737,P1Y,0,NA,A,PU,_Z,2,NA,NA,FALSE,WB_WDI,WB_WDI_NY_GDP_PCAP_CD,TUN,_T,_T,_T,_Z,_Z,_Z,2015,A,USD,NA
11064.64945,P1Y,0,NA,A,PU,_Z,2,NA,NA,FALSE,WB_WDI,WB_WDI_NY_GDP_PCAP_CD,TUR,_T,_T,_T,_Z,_Z,_Z,2015,A,USD,NA
5759.497904,P1Y,0,NA,A,PU,_Z,2,NA,NA,FALSE,WB_WDI,WB_WDI_NY_GDP_PCAP_CD,TKM,_T,_T,_T,_Z,_Z,_Z,2015,A,USD,NA
29457.014069,P1Y,0,NA,A,PU,_Z,2,NA,NA,FALSE,WB_WDI,WB_WDI_NY_GDP_PCAP_CD,TCA,_T,_T,_T,_Z,_Z,_Z,2015,A,USD,NA
3357.834177,P1Y,0,NA,A,PU,_Z,2,NA,NA,FALSE,WB_WDI,WB_WDI_NY_GDP_PCAP_CD,TUV,_T,_T,_T,_Z,_Z,_Z,2015,A,USD,NA
862.93461,P1Y,0,NA,A,PU,_Z,2,NA,NA,FALSE,WB_WDI,WB_WDI_NY_GDP_PCAP_CD,UGA,_T,_T,_T,_Z,_Z,_Z,2015,A,USD,NA
2094.473877,P1Y,0,NA,A,PU,_Z,2,NA,NA,FALSE,WB_WDI,WB_WDI_NY_GDP_PCAP_CD,UKR,_T,_T,_T,_Z,_Z,_Z,2015,A,USD,NA
2439.351894,P1Y,0,NA,A,PU,_Z,2,NA,NA,FALSE,WB_WDI,WB_WDI_NY_GDP_PCAP_CD,COG,_T,_T,_T,_Z,_Z,_Z,2015,A,USD,NA
11714.710612,P1Y,0,NA,A,PU,_Z,2,NA,NA,FALSE,WB_WDI,WB_WDI_NY_GDP_PCAP_CD,CRI,_T,_T,_T,_Z,_Z,_Z,2015,A,USD,NA
1814.718551,P1Y,0,NA,A,PU,_Z,2,NA,NA,FALSE,WB_WDI,WB_WDI_NY_GDP_PCAP_CD,CIV,_T,_T,_T,_Z,_Z,_Z,2015,A,USD,NA
12283.87503,P1Y,0,NA,A,PU,_Z,2,NA,NA,FALSE,WB_WDI,WB_WDI_NY_GDP_PCAP_CD,HRV,_T,_T,_T,_Z,_Z,_Z,2015,A,USD,NA
7727.919972,P1Y,0,NA,A,PU,_Z,2,NA,NA,FALSE,WB_WDI,WB_WDI_NY_GDP_PCAP_CD,CUB,_T,_T,_T,_Z,_Z,_Z,2015,A,USD,NA
19361.813001,P1Y,0,NA,A,PU,_Z,2,NA,NA,FALSE,WB_WDI,WB_WDI_NY_GDP_PCAP_CD,CUW,_T,_T,_T,_Z,_Z,_Z,2015,A,USD,NA
23088.429688,P1Y,0,NA,A,PU,_Z,2,NA,NA,FALSE,WB_WDI,WB_WDI_NY_GDP_PCAP_CD,CYP,_T,_T,_T,_Z,_Z,_Z,2015,A,USD,NA
17931.598767,P1Y,0,NA,A,PU,_Z,2,NA,NA,FALSE,WB_WDI,WB_WDI_NY_GDP_PCAP_CD,CZE,_T,_T,_T,_Z,_Z,_Z,2015,A,USD,NA
53094.013361,P1Y,0,NA,A,PU,_Z,2,NA,NA,FALSE,WB_WDI,WB_WDI_NY_GDP_PCAP_CD,DNK,_T,_T,_T,_Z,_Z,_Z,2015,A,USD,NA
2376.125547,P1Y,0,NA,A,PU,_Z,2,NA,NA,FALSE,WB_WDI,WB_WDI_NY_GDP_PCAP_CD,DJI,_T,_T,_T,_Z,_Z,_Z,2015,A,USD,NA
8282.598747,P1Y,0,NA,A,PU,_Z,2,NA,NA,FALSE,WB_WDI,WB_WDI_NY_GDP_PCAP_CD,DMA,_T,_T,_T,_Z,_Z,_Z,2015,A,USD,NA
25078.485396,P1Y,0,NA,A,PU,_Z,2,NA,NA,FALSE,WB_WDI,WB_WDI_NY_GDP_PCAP_CD,KOR,_T,_T,_T,_Z,_Z,_Z,2007,A,USD,NA
45709.413288,P1Y,0,NA,A,PU,_Z,2,NA,NA,FALSE,WB_WDI,WB_WDI_NY_GDP_PCAP_CD,KWT,_T,_T,_T,_Z,_Z,_Z,2007,A,USD,NA
721.771578,P1Y,0,NA,A,PU,_Z,2,NA,NA,FALSE,WB_WDI,WB_WDI_NY_GDP_PCAP_CD,KGZ,_T,_T,_T,_Z,_Z,_Z,2007,A,USD,NA
697.323014,P1Y,0,NA,A,PU,_Z,2,NA,NA,FALSE,WB_WDI,WB_WDI_NY_GDP_PCAP_CD,LAO,_T,_T,_T,_Z,_Z,_Z,2007,A,USD,NA
13370.978945,P1Y,0,NA,A,PU,_Z,2,NA,NA,FALSE,WB_WDI,WB_WDI_NY_GDP_PCAP_CD,LVA,_T,_T,_T,_Z,_Z,_Z,2007,A,USD,NA
5125.2581,P1Y,0,NA,A,PU,_Z,2,NA,NA,FALSE,WB_WDI,WB_WDI_NY_GDP_PCAP_CD,LBN,_T,_T,_T,_Z,_Z,_Z,2007,A,USD,NA
861.188421,P1Y,0,NA,A,PU,_Z,2,NA,NA,FALSE,WB_WDI,WB_WDI_NY_GDP_PCAP_CD,LSO,_T,_T,_T,_Z,_Z,_Z,2007,A,USD,NA
374.211308,P1Y,0,NA,A,PU,_Z,2,NA,NA,FALSE,WB_WDI,WB_WDI_NY_GDP_PCAP_CD,LBR,_T,_T,_T,_Z,_Z,_Z,2007,A,USD,NA
11144.944841,P1Y,0,NA,A,PU,_Z,2,NA,NA,FALSE,WB_WDI,WB_WDI_NY_GDP_PCAP_CD,LBY,_T,_T,_T,_Z,_Z,_Z,2007,A,USD,NA
130492.59535,P1Y,0,NA,A,PU,_Z,2,NA,NA,FALSE,WB_WDI,WB_WDI_NY_GDP_PCAP_CD,LIE,_T,_T,_T,_Z,_Z,_Z,2007,A,USD,NA
12295.121278,P1Y,0,NA,A,PU,_Z,2,NA,NA,FALSE,WB_WDI,WB_WDI_NY_GDP_PCAP_CD,LTU,_T,_T,_T,_Z,_Z,_Z,2007,A,USD,NA
107475.320298,P1Y,0,NA,A,PU,_Z,2,NA,NA,FALSE,WB_WDI,WB_WDI_NY_GDP_PCAP_CD,LUX,_T,_T,_T,_Z,_Z,_Z,2007,A,USD,NA
958.275511,P1Y,0,NA,A,PU,_Z,2,NA,NA,FALSE,WB_WDI,WB_WDI_NY_GDP_PCAP_CD,TSA,_T,_T,_T,_Z,_Z,_Z,2008,A,USD,NA
1537.383331,P1Y,0,NA,A,PU,_Z,2,NA,NA,FALSE,WB_WDI,WB_WDI_NY_GDP_PCAP_CD,SSF,_T,_T,_T,_Z,_Z,_Z,2008,A,USD,NA
1536.383596,P1Y,0,NA,A,PU,_Z,2,NA,NA,FALSE,WB_WDI,WB_WDI_NY_GDP_PCAP_CD,SSA,_T,_T,_T,_Z,_Z,_Z,2008,A,USD,NA
1537.383331,P1Y,0,NA,A,PU,_Z,2,NA,NA,FALSE,WB_WDI,WB_WDI_NY_GDP_PCAP_CD,TSS,_T,_T,_T,_Z,_Z,_Z,2008,A,USD,NA
4548.120398,P1Y,0,NA,A,PU,_Z,2,NA,NA,FALSE,WB_WDI,WB_WDI_NY_GDP_PCAP_CD,UMC,_T,_T,_T,_Z,_Z,_Z,2008,A,USD,NA
9425.737816,P1Y,0,NA,A,PU,_Z,2,NA,NA,FALSE,WB_WDI,WB_WDI_NY_GDP_PCAP_CD,WLD,_T,_T,_T,_Z,_Z,_Z,2008,A,USD,NA
381.733238,P1Y,0,NA,A,PU,_Z,2,NA,NA,FALSE,WB_WDI,WB_WDI_NY_GDP_PCAP_CD,AFG,_T,_T,_T,_Z,_Z,_Z,2008,A,USD,NA
4498.504868,P1Y,0,NA,A,PU,_Z,2,NA,NA,FALSE,WB_WDI,WB_WDI_NY_GDP_PCAP_CD,ALB,_T,_T,_T,_Z,_Z,_Z,2008,A,USD,NA
5180.918815,P1Y,0,NA,A,PU,_Z,2,NA,NA,FALSE,WB_WDI,WB_WDI_NY_GDP_PCAP_CD,DZA,_T,_T,_T,_Z,_Z,_Z,2008,A,USD,NA
10030.808913,P1Y,0,NA,A,PU,_Z,2,NA,NA,FALSE,WB_WDI,WB_WDI_NY_GDP_PCAP_CD,ASM,_T,_T,_T,_Z,_Z,_Z,2008,A,USD,NA
49132.515705,P1Y,0,NA,A,PU,_Z,2,NA,NA,FALSE,WB_WDI,WB_WDI_NY_GDP_PCAP_CD,AND,_T,_T,_T,_Z,_Z,_Z,2008,A,USD,NA
4578.155265,P1Y,0,NA,A,PU,_Z,2,NA,NA,FALSE,WB_WDI,WB_WDI_NY_GDP_PCAP_CD,AGO,_T,_T,_T,_Z,_Z,_Z,2008,A,USD,NA
18786.674314,P1Y,0,NA,A,PU,_Z,2,NA,NA,FALSE,WB_WDI,WB_WDI_NY_GDP_PCAP_CD,ATG,_T,_T,_T,_Z,_Z,_Z,2008,A,USD,NA
3153.94011,P1Y,0,NA,A,PU,_Z,2,NA,NA,FALSE,WB_WDI,WB_WDI_NY_GDP_PCAP_CD,MNA,_T,_T,_T,_Z,_Z,_Z,2013,A,USD,NA
3152.860099,P1Y,0,NA,A,PU,_Z,2,NA,NA,FALSE,WB_WDI,WB_WDI_NY_GDP_PCAP_CD,TMN,_T,_T,_T,_Z,_Z,_Z,2013,A,USD,NA
4661.497408,P1Y,0,NA,A,PU,_Z,2,NA,NA,FALSE,WB_WDI,WB_WDI_NY_GDP_PCAP_CD,MIC,_T,_T,_T,_Z,_Z,_Z,2013,A,USD,NA
53240.365588,P1Y,0,NA,A,PU,_Z,2,NA,NA,FALSE,WB_WDI,WB_WDI_NY_GDP_PCAP_CD,NAC,_T,_T,_T,_Z,_Z,_Z,2013,A,USD,NA
37734.760838,P1Y,0,NA,A,PU,_Z,2,NA,NA,FALSE,WB_WDI,WB_WDI_NY_GDP_PCAP_CD,OED,_T,_T,_T,_Z,_Z,_Z,2013,A,USD,NA
11421.795258,P1Y,0,NA,A,PU,_Z,2,NA,NA,FALSE,WB_WDI,WB_WDI_NY_GDP_PCAP_CD,OSS,_T,_T,_T,_Z,_Z,_Z,2013,A,USD,NA
3630.103943,P1Y,0,NA,A,PU,_Z,2,NA,NA,FALSE,WB_WDI,WB_WDI_NY_GDP_PCAP_CD,PSS,_T,_T,_T,_Z,_Z,_Z,2013,A,USD,NA
42757.070546,P1Y,0,NA,A,PU,_Z,2,NA,NA,FALSE,WB_WDI,WB_WDI_NY_GDP_PCAP_CD,PST,_T,_T,_T,_Z,_Z,_Z,2013,A,USD,NA
1797.076208,P1Y,0,NA,A,PU,_Z,2,NA,NA,FALSE,WB_WDI,WB_WDI_NY_GDP_PCAP_CD,PRE,_T,_T,_T,_Z,_Z,_Z,2013,A,USD,NA
11137.950995,P1Y,0,NA,A,PU,_Z,2,NA,NA,FALSE,WB_WDI,WB_WDI_NY_GDP_PCAP_CD,SST,_T,_T,_T,_Z,_Z,_Z,2013,A,USD,NA
1405.840724,P1Y,0,NA,A,PU,_Z,2,NA,NA,FALSE,WB_WDI,WB_WDI_NY_GDP_PCAP_CD,SAS,_T,_T,_T,_Z,_Z,_Z,2013,A,USD,NA
1405.840724,P1Y,0,NA,A,PU,_Z,2,NA,NA,FALSE,WB_WDI,WB_WDI_NY_GDP_PCAP_CD,TSA,_T,_T,_T,_Z,_Z,_Z,2013,A,USD,NA
1880.399805,P1Y,0,NA,A,PU,_Z,2,NA,NA,FALSE,WB_WDI,WB_WDI_NY_GDP_PCAP_CD,SSF,_T,_T,_T,_Z,_Z,_Z,2013,A,USD,NA
2191.781787,P1Y,0,NA,A,PU,_Z,2,NA,NA,FALSE,WB_WDI,WB_WDI_NY_GDP_PCAP_CD,PSE,_T,_T,_T,_Z,_Z,_Z,2009,A,USD,NA
969.24351,P1Y,0,NA,A,PU,_Z,2,NA,NA,FALSE,WB_WDI,WB_WDI_NY_GDP_PCAP_CD,YEM,_T,_T,_T,_Z,_Z,_Z,2009,A,USD,NA
1136.241683,P1Y,0,NA,A,PU,_Z,2,NA,NA,FALSE,WB_WDI,WB_WDI_NY_GDP_PCAP_CD,ZMB,_T,_T,_T,_Z,_Z,_Z,2009,A,USD,NA
735.821694,P1Y,0,NA,A,PU,_Z,2,NA,NA,FALSE,WB_WDI,WB_WDI_NY_GDP_PCAP_CD,ZWE,_T,_T,_T,_Z,_Z,_Z,2009,A,USD,NA
1628.768573,P1Y,0,NA,A,PU,_Z,2,NA,NA,FALSE,WB_WDI,WB_WDI_NY_GDP_PCAP_CD,AFE,_T,_T,_T,_Z,_Z,_Z,2010,A,USD,NA
1664.492045,P1Y,0,NA,A,PU,_Z,2,NA,NA,FALSE,WB_WDI,WB_WDI_NY_GDP_PCAP_CD,AFW,_T,_T,_T,_Z,_Z,_Z,2010,A,USD,NA
5957.505395,P1Y,0,NA,A,PU,_Z,2,NA,NA,FALSE,WB_WDI,WB_WDI_NY_GDP_PCAP_CD,ARB,_T,_T,_T,_Z,_Z,_Z,2010,A,USD,NA
12652.569126,P1Y,0,NA,A,PU,_Z,2,NA,NA,FALSE,WB_WDI,WB_WDI_NY_GDP_PCAP_CD,CSS,_T,_T,_T,_Z,_Z,_Z,2010,A,USD,NA
12635.778212,P1Y,0,NA,A,PU,_Z,2,NA,NA,FALSE,WB_WDI,WB_WDI_NY_GDP_PCAP_CD,CEB,_T,_T,_T,_Z,_Z,_Z,2010,A,USD,NA
2941.653304,P1Y,0,NA,A,PU,_Z,2,NA,NA,FALSE,WB_WDI,WB_WDI_NY_GDP_PCAP_CD,EAR,_T,_T,_T,_Z,_Z,_Z,2010,A,USD,NA
7808.070104,P1Y,0,NA,A,PU,_Z,2,NA,NA,FALSE,WB_WDI,WB_WDI_NY_GDP_PCAP_CD,EAS,_T,_T,_T,_Z,_Z,_Z,2010,A,USD,NA
4057.865905,P1Y,0,NA,A,PU,_Z,2,NA,NA,FALSE,WB_WDI,WB_WDI_NY_GDP_PCAP_CD,EAP,_T,_T,_T,_Z,_Z,_Z,2010,A,USD,NA
4104.801398,P1Y,0,NA,A,PU,_Z,2,NA,NA,FALSE,WB_WDI,WB_WDI_NY_GDP_PCAP_CD,TEA,_T,_T,_T,_Z,_Z,_Z,2010,A,USD,NA
2815.18829,P1Y,0,NA,A,PU,_Z,2,NA,NA,FALSE,WB_WDI,WB_WDI_NY_GDP_PCAP_CD,VUT,_T,_T,_T,_Z,_Z,_Z,2010,A,USD,NA
13646.304662,P1Y,0,NA,A,PU,_Z,2,NA,NA,FALSE,WB_WDI,WB_WDI_NY_GDP_PCAP_CD,VEN,_T,_T,_T,_Z,_Z,_Z,2010,A,USD,NA
1683.161824,P1Y,0,NA,A,PU,_Z,2,NA,NA,FALSE,WB_WDI,WB_WDI_NY_GDP_PCAP_CD,VNM,_T,_T,_T,_Z,_Z,_Z,2010,A,USD,NA
39905.128418,P1Y,0,NA,A,PU,_Z,2,NA,NA,FALSE,WB_WDI,WB_WDI_NY_GDP_PCAP_CD,VIR,_T,_T,_T,_Z,_Z,_Z,2010,A,USD,NA
2557.075624,P1Y,0,NA,A,PU,_Z,2,NA,NA,FALSE,WB_WDI,WB_WDI_NY_GDP_PCAP_CD,PSE,_T,_T,_T,_Z,_Z,_Z,2010,A,USD,NA
1155.203053,P1Y,0,NA,A,PU,_Z,2,NA,NA,FALSE,WB_WDI,WB_WDI_NY_GDP_PCAP_CD,YEM,_T,_T,_T,_Z,_Z,_Z,2010,A,USD,NA
1451.10616,P1Y,0,NA,A,PU,_Z,2,NA,NA,FALSE,WB_WDI,WB_WDI_NY_GDP_PCAP_CD,ZMB,_T,_T,_T,_Z,_Z,_Z,2010,A,USD,NA
902.010759,P1Y,0,NA,A,PU,_Z,2,NA,NA,FALSE,WB_WDI,WB_WDI_NY_GDP_PCAP_CD,ZWE,_T,_T,_T,_Z,_Z,_Z,2010,A,USD,NA
1761.838296,P1Y,0,NA,A,PU,_Z,2,NA,NA,FALSE,WB_WDI,WB_WDI_NY_GDP_PCAP_CD,AFE,_T,_T,_T,_Z,_Z,_Z,2011,A,USD,NA
1846.102926,P1Y,0,NA,A,PU,_Z,2,NA,NA,FALSE,WB_WDI,WB_WDI_NY_GDP_PCAP_CD,AFW,_T,_T,_T,_Z,_Z,_Z,2011,A,USD,NA
6924.202894,P1Y,0,NA,A,PU,_Z,2,NA,NA,FALSE,WB_WDI,WB_WDI_NY_GDP_PCAP_CD,ARB,_T,_T,_T,_Z,_Z,_Z,2011,A,USD,NA
13503.158276,P1Y,0,NA,A,PU,_Z,2,NA,NA,FALSE,WB_WDI,WB_WDI_NY_GDP_PCAP_CD,CSS,_T,_T,_T,_Z,_Z,_Z,2011,A,USD,NA
13997.329779,P1Y,0,NA,A,PU,_Z,2,NA,NA,FALSE,WB_WDI,WB_WDI_NY_GDP_PCAP_CD,CEB,_T,_T,_T,_Z,_Z,_Z,2011,A,USD,NA
1818.061254,P1Y,0,NA,A,PU,_Z,2,NA,NA,FALSE,WB_WDI,WB_WDI_NY_GDP_PCAP_CD,TSS,_T,_T,_T,_Z,_Z,_Z,2012,A,USD,NA
6813.153824,P1Y,0,NA,A,PU,_Z,2,NA,NA,FALSE,WB_WDI,WB_WDI_NY_GDP_PCAP_CD,UMC,_T,_T,_T,_Z,_Z,_Z,2012,A,USD,NA
10597.846078,P1Y,0,NA,A,PU,_Z,2,NA,NA,FALSE,WB_WDI,WB_WDI_NY_GDP_PCAP_CD,WLD,_T,_T,_T,_Z,_Z,_Z,2012,A,USD,NA
651.417134,P1Y,0,NA,A,PU,_Z,2,NA,NA,FALSE,WB_WDI,WB_WDI_NY_GDP_PCAP_CD,AFG,_T,_T,_T,_Z,_Z,_Z,2012,A,USD,NA
4280.933163,P1Y,0,NA,A,PU,_Z,2,NA,NA,FALSE,WB_WDI,WB_WDI_NY_GDP_PCAP_CD,ALB,_T,_T,_T,_Z,_Z,_Z,2012,A,USD,NA
6033.648847,P1Y,0,NA,A,PU,_Z,2,NA,NA,FALSE,WB_WDI,WB_WDI_NY_GDP_PCAP_CD,DZA,_T,_T,_T,_Z,_Z,_Z,2012,A,USD,NA
11745.489915,P1Y,0,NA,A,PU,_Z,2,NA,NA,FALSE,WB_WDI,WB_WDI_NY_GDP_PCAP_CD,ASM,_T,_T,_T,_Z,_Z,_Z,2012,A,USD,NA
41500.543578,P1Y,0,NA,A,PU,_Z,2,NA,NA,FALSE,WB_WDI,WB_WDI_NY_GDP_PCAP_CD,AND,_T,_T,_T,_Z,_Z,_Z,2012,A,USD,NA
5702.453063,P1Y,0,NA,A,PU,_Z,2,NA,NA,FALSE,WB_WDI,WB_WDI_NY_GDP_PCAP_CD,AGO,_T,_T,_T,_Z,_Z,_Z,2012,A,USD,NA
15639.807811,P1Y,0,NA,A,PU,_Z,2,NA,NA,FALSE,WB_WDI,WB_WDI_NY_GDP_PCAP_CD,ATG,_T,_T,_T,_Z,_Z,_Z,2012,A,USD,NA
12949.717487,P1Y,0,NA,A,PU,_Z,2,NA,NA,FALSE,WB_WDI,WB_WDI_NY_GDP_PCAP_CD,ARG,_T,_T,_T,_Z,_Z,_Z,2012,A,USD,NA
3511.563997,P1Y,0,NA,A,PU,_Z,2,NA,NA,FALSE,WB_WDI,WB_WDI_NY_GDP_PCAP_CD,ARM,_T,_T,_T,_Z,_Z,_Z,2012,A,USD,NA
25119.665545,P1Y,0,NA,A,PU,_Z,2,NA,NA,FALSE,WB_WDI,WB_WDI_NY_GDP_PCAP_CD,ABW,_T,_T,_T,_Z,_Z,_Z,2012,A,USD,NA
3128.423072,P1Y,0,NA,A,PU,_Z,2,NA,NA,FALSE,WB_WDI,WB_WDI_NY_GDP_PCAP_CD,UZB,_T,_T,_T,_Z,_Z,_Z,2016,A,USD,NA
3339.834365,P1Y,0,NA,A,PU,_Z,2,NA,NA,FALSE,WB_WDI,WB_WDI_NY_GDP_PCAP_CD,VUT,_T,_T,_T,_Z,_Z,_Z,2016,A,USD,NA
3671.230041,P1Y,0,NA,A,PU,_Z,2,NA,NA,FALSE,WB_WDI,WB_WDI_NY_GDP_PCAP_CD,VEN,_T,_T,_T,_Z,_Z,_Z,2016,A,USD,NA
2735.060438,P1Y,0,NA,A,PU,_Z,2,NA,NA,FALSE,WB_WDI,WB_WDI_NY_GDP_PCAP_CD,VNM,_T,_T,_T,_Z,_Z,_Z,2016,A,USD,NA
35324.974887,P1Y,0,NA,A,PU,_Z,2,NA,NA,FALSE,WB_WDI,WB_WDI_NY_GDP_PCAP_CD,VIR,_T,_T,_T,_Z,_Z,_Z,2016,A,USD,NA
3527.613824,P1Y,0,NA,A,PU,_Z,2,NA,NA,FALSE,WB_WDI,WB_WDI_NY_GDP_PCAP_CD,PSE,_T,_T,_T,_Z,_Z,_Z,2016,A,USD,NA
975.359417,P1Y,0,NA,A,PU,_Z,2,NA,NA,FALSE,WB_WDI,WB_WDI_NY_GDP_PCAP_CD,YEM,_T,_T,_T,_Z,_Z,_Z,2016,A,USD,NA
1239.085279,P1Y,0,NA,A,PU,_Z,2,NA,NA,FALSE,WB_WDI,WB_WDI_NY_GDP_PCAP_CD,ZMB,_T,_T,_T,_Z,_Z,_Z,2016,A,USD,NA
1408.139453,P1Y,0,NA,A,PU,_Z,2,NA,NA,FALSE,WB_WDI,WB_WDI_NY_GDP_PCAP_CD,ZWE,_T,_T,_T,_Z,_Z,_Z,2016,A,USD,NA
1529.92308,P1Y,0,NA,A,PU,_Z,2,NA,NA,FALSE,WB_WDI,WB_WDI_NY_GDP_PCAP_CD,AFE,_T,_T,_T,_Z,_Z,_Z,2017,A,USD,NA
1577.203497,P1Y,0,NA,A,PU,_Z,2,NA,NA,FALSE,WB_WDI,WB_WDI_NY_GDP_PCAP_CD,AFW,_T,_T,_T,_Z,_Z,_Z,2017,A,USD,NA
6105.921618,P1Y,0,NA,A,PU,_Z,2,NA,NA,FALSE,WB_WDI,WB_WDI_NY_GDP_PCAP_CD,ARB,_T,_T,_T,_Z,_Z,_Z,2017,A,USD,NA
36841.260101,P1Y,0,NA,A,PU,_Z,2,NA,NA,FALSE,WB_WDI,WB_WDI_NY_GDP_PCAP_CD,EMU,_T,_T,_T,_Z,_Z,_Z,2010,A,USD,NA
23731.666864,P1Y,0,NA,A,PU,_Z,2,NA,NA,FALSE,WB_WDI,WB_WDI_NY_GDP_PCAP_CD,ECS,_T,_T,_T,_Z,_Z,_Z,2010,A,USD,NA
6044.407421,P1Y,0,NA,A,PU,_Z,2,NA,NA,FALSE,WB_WDI,WB_WDI_NY_GDP_PCAP_CD,ECA,_T,_T,_T,_Z,_Z,_Z,2010,A,USD,NA
8293.775116,P1Y,0,NA,A,PU,_Z,2,NA,NA,FALSE,WB_WDI,WB_WDI_NY_GDP_PCAP_CD,TEC,_T,_T,_T,_Z,_Z,_Z,2010,A,USD,NA
33119.573013,P1Y,0,NA,A,PU,_Z,2,NA,NA,FALSE,WB_WDI,WB_WDI_NY_GDP_PCAP_CD,EUU,_T,_T,_T,_Z,_Z,_Z,2010,A,USD,NA
812.484498,P1Y,0,NA,A,PU,_Z,2,NA,NA,FALSE,WB_WDI,WB_WDI_NY_GDP_PCAP_CD,HPC,_T,_T,_T,_Z,_Z,_Z,2010,A,USD,NA
35833.711583,P1Y,0,NA,A,PU,_Z,2,NA,NA,FALSE,WB_WDI,WB_WDI_NY_GDP_PCAP_CD,HIC,_T,_T,_T,_Z,_Z,_Z,2010,A,USD,NA
4561.888234,P1Y,0,NA,A,PU,_Z,2,NA,NA,FALSE,WB_WDI,WB_WDI_NY_GDP_PCAP_CD,IBD,_T,_T,_T,_Z,_Z,_Z,2010,A,USD,NA
3717.275722,P1Y,0,NA,A,PU,_Z,2,NA,NA,FALSE,WB_WDI,WB_WDI_NY_GDP_PCAP_CD,IBT,_T,_T,_T,_Z,_Z,_Z,2010,A,USD,NA
1546.664869,P1Y,0,NA,A,PU,_Z,2,NA,NA,FALSE,WB_WDI,WB_WDI_NY_GDP_PCAP_CD,IDB,_T,_T,_T,_Z,_Z,_Z,2010,A,USD,NA
877.931099,P1Y,0,NA,A,PU,_Z,2,NA,NA,FALSE,WB_WDI,WB_WDI_NY_GDP_PCAP_CD,IDX,_T,_T,_T,_Z,_Z,_Z,2010,A,USD,NA
1114.119825,P1Y,0,NA,A,PU,_Z,2,NA,NA,FALSE,WB_WDI,WB_WDI_NY_GDP_PCAP_CD,IDA,_T,_T,_T,_Z,_Z,_Z,2010,A,USD,NA
6277.14834,P1Y,0,NA,A,PU,_Z,2,NA,NA,FALSE,WB_WDI,WB_WDI_NY_GDP_PCAP_CD,LTE,_T,_T,_T,_Z,_Z,_Z,2010,A,USD,NA
470.938563,P1Y,0,NA,A,PU,_Z,2,NA,NA,FALSE,WB_WDI,WB_WDI_NY_GDP_PCAP_CD,MOZ,_T,_T,_T,_Z,_Z,_Z,2017,A,USD,NA
1272.822418,P1Y,0,NA,A,PU,_Z,2,NA,NA,FALSE,WB_WDI,WB_WDI_NY_GDP_PCAP_CD,MMR,_T,_T,_T,_Z,_Z,_Z,2017,A,USD,NA
5143.960723,P1Y,0,NA,A,PU,_Z,2,NA,NA,FALSE,WB_WDI,WB_WDI_NY_GDP_PCAP_CD,NAM,_T,_T,_T,_Z,_Z,_Z,2017,A,USD,NA
9656.979766,P1Y,0,NA,A,PU,_Z,2,NA,NA,FALSE,WB_WDI,WB_WDI_NY_GDP_PCAP_CD,NRU,_T,_T,_T,_Z,_Z,_Z,2017,A,USD,NA
1034.283749,P1Y,0,NA,A,PU,_Z,2,NA,NA,FALSE,WB_WDI,WB_WDI_NY_GDP_PCAP_CD,NPL,_T,_T,_T,_Z,_Z,_Z,2017,A,USD,NA
49513.681735,P1Y,0,NA,A,PU,_Z,2,NA,NA,FALSE,WB_WDI,WB_WDI_NY_GDP_PCAP_CD,NLD,_T,_T,_T,_Z,_Z,_Z,2017,A,USD,NA
32354.710283,P1Y,0,NA,A,PU,_Z,2,NA,NA,FALSE,WB_WDI,WB_WDI_NY_GDP_PCAP_CD,NCL,_T,_T,_T,_Z,_Z,_Z,2017,A,USD,NA
42912.1537,P1Y,0,NA,A,PU,_Z,2,NA,NA,FALSE,WB_WDI,WB_WDI_NY_GDP_PCAP_CD,NZL,_T,_T,_T,_Z,_Z,_Z,2017,A,USD,NA
2182.61381,P1Y,0,NA,A,PU,_Z,2,NA,NA,FALSE,WB_WDI,WB_WDI_NY_GDP_PCAP_CD,NIC,_T,_T,_T,_Z,_Z,_Z,2017,A,USD,NA
529.929419,P1Y,0,NA,A,PU,_Z,2,NA,NA,FALSE,WB_WDI,WB_WDI_NY_GDP_PCAP_CD,NER,_T,_T,_T,_Z,_Z,_Z,2017,A,USD,NA
1876.340271,P1Y,0,NA,A,PU,_Z,2,NA,NA,FALSE,WB_WDI,WB_WDI_NY_GDP_PCAP_CD,NGA,_T,_T,_T,_Z,_Z,_Z,2017,A,USD,NA
5955.297386,P1Y,0,NA,A,PU,_Z,2,NA,NA,FALSE,WB_WDI,WB_WDI_NY_GDP_PCAP_CD,MKD,_T,_T,_T,_Z,_Z,_Z,2017,A,USD,NA
4610.604603,P1Y,0,NA,A,PU,_Z,2,NA,NA,FALSE,WB_WDI,WB_WDI_NY_GDP_PCAP_CD,JOR,_T,_T,_T,_Z,_Z,_Z,2014,A,USD,NA
12427.709458,P1Y,0,NA,A,PU,_Z,2,NA,NA,FALSE,WB_WDI,WB_WDI_NY_GDP_PCAP_CD,KAZ,_T,_T,_T,_Z,_Z,_Z,2014,A,USD,NA
1482.815663,P1Y,0,NA,A,PU,_Z,2,NA,NA,FALSE,WB_WDI,WB_WDI_NY_GDP_PCAP_CD,KEN,_T,_T,_T,_Z,_Z,_Z,2014,A,USD,NA
1736.705357,P1Y,0,NA,A,PU,_Z,2,NA,NA,FALSE,WB_WDI,WB_WDI_NY_GDP_PCAP_CD,KIR,_T,_T,_T,_Z,_Z,_Z,2014,A,USD,NA
30667.091247,P1Y,0,NA,A,PU,_Z,2,NA,NA,FALSE,WB_WDI,WB_WDI_NY_GDP_PCAP_CD,KOR,_T,_T,_T,_Z,_Z,_Z,2014,A,USD,NA
3902.493223,P1Y,0,NA,A,PU,_Z,2,NA,NA,FALSE,WB_WDI,WB_WDI_NY_GDP_PCAP_CD,XKX,_T,_T,_T,_Z,_Z,_Z,2014,A,USD,NA
44368.781346,P1Y,0,NA,A,PU,_Z,2,NA,NA,FALSE,WB_WDI,WB_WDI_NY_GDP_PCAP_CD,KWT,_T,_T,_T,_Z,_Z,_Z,2014,A,USD,NA
1264.526688,P1Y,0,NA,A,PU,_Z,2,NA,NA,FALSE,WB_WDI,WB_WDI_NY_GDP_PCAP_CD,KGZ,_T,_T,_T,_Z,_Z,_Z,2014,A,USD,NA
1981.039109,P1Y,0,NA,A,PU,_Z,2,NA,NA,FALSE,WB_WDI,WB_WDI_NY_GDP_PCAP_CD,LAO,_T,_T,_T,_Z,_Z,_Z,2014,A,USD,NA
15185.814581,P1Y,0,NA,A,PU,_Z,2,NA,NA,FALSE,WB_WDI,WB_WDI_NY_GDP_PCAP_CD,LVA,_T,_T,_T,_Z,_Z,_Z,2014,A,USD,NA
8943.084168,P1Y,0,NA,A,PU,_Z,2,NA,NA,FALSE,WB_WDI,WB_WDI_NY_GDP_PCAP_CD,KAZ,_T,_T,_T,_Z,_Z,_Z,2017,A,USD,NA
1667.484472,P1Y,0,NA,A,PU,_Z,2,NA,NA,FALSE,WB_WDI,WB_WDI_NY_GDP_PCAP_CD,KEN,_T,_T,_T,_Z,_Z,_Z,2017,A,USD,NA
1854.332692,P1Y,0,NA,A,PU,_Z,2,NA,NA,FALSE,WB_WDI,WB_WDI_NY_GDP_PCAP_CD,KIR,_T,_T,_T,_Z,_Z,_Z,2017,A,USD,NA
33296.984544,P1Y,0,NA,A,PU,_Z,2,NA,NA,FALSE,WB_WDI,WB_WDI_NY_GDP_PCAP_CD,KOR,_T,_T,_T,_Z,_Z,_Z,2017,A,USD,NA
4009.320221,P1Y,0,NA,A,PU,_Z,2,NA,NA,FALSE,WB_WDI,WB_WDI_NY_GDP_PCAP_CD,XKX,_T,_T,_T,_Z,_Z,_Z,2017,A,USD,NA
29047.653614,P1Y,0,NA,A,PU,_Z,2,NA,NA,FALSE,WB_WDI,WB_WDI_NY_GDP_PCAP_CD,KWT,_T,_T,_T,_Z,_Z,_Z,2017,A,USD,NA
1221.390468,P1Y,0,NA,A,PU,_Z,2,NA,NA,FALSE,WB_WDI,WB_WDI_NY_GDP_PCAP_CD,KGZ,_T,_T,_T,_Z,_Z,_Z,2017,A,USD,NA
2432.430595,P1Y,0,NA,A,PU,_Z,2,NA,NA,FALSE,WB_WDI,WB_WDI_NY_GDP_PCAP_CD,LAO,_T,_T,_T,_Z,_Z,_Z,2017,A,USD,NA
15132.495833,P1Y,0,NA,A,PU,_Z,2,NA,NA,FALSE,WB_WDI,WB_WDI_NY_GDP_PCAP_CD,LVA,_T,_T,_T,_Z,_Z,_Z,2017,A,USD,NA
8608.21085,P1Y,0,NA,A,PU,_Z,2,NA,NA,FALSE,WB_WDI,WB_WDI_NY_GDP_PCAP_CD,LBN,_T,_T,_T,_Z,_Z,_Z,2017,A,USD,NA
1069.366732,P1Y,0,NA,A,PU,_Z,2,NA,NA,FALSE,WB_WDI,WB_WDI_NY_GDP_PCAP_CD,LSO,_T,_T,_T,_Z,_Z,_Z,2017,A,USD,NA
55140.364936,P1Y,0,NA,A,PU,_Z,2,NA,NA,FALSE,WB_WDI,WB_WDI_NY_GDP_PCAP_CD,ISL,_T,_T,_T,_Z,_Z,_Z,2014,A,USD,NA
1553.883961,P1Y,0,NA,A,PU,_Z,2,NA,NA,FALSE,WB_WDI,WB_WDI_NY_GDP_PCAP_CD,IND,_T,_T,_T,_Z,_Z,_Z,2014,A,USD,NA
3441.068085,P1Y,0,NA,A,PU,_Z,2,NA,NA,FALSE,WB_WDI,WB_WDI_NY_GDP_PCAP_CD,IDN,_T,_T,_T,_Z,_Z,_Z,2014,A,USD,NA
5672.063729,P1Y,0,NA,A,PU,_Z,2,NA,NA,FALSE,WB_WDI,WB_WDI_NY_GDP_PCAP_CD,IRN,_T,_T,_T,_Z,_Z,_Z,2014,A,USD,NA
6249.39227,P1Y,0,NA,A,PU,_Z,2,NA,NA,FALSE,WB_WDI,WB_WDI_NY_GDP_PCAP_CD,IRQ,_T,_T,_T,_Z,_Z,_Z,2014,A,USD,NA
57214.537979,P1Y,0,NA,A,PU,_Z,2,NA,NA,FALSE,WB_WDI,WB_WDI_NY_GDP_PCAP_CD,IRL,_T,_T,_T,_Z,_Z,_Z,2014,A,USD,NA
91885.452872,P1Y,0,NA,A,PU,_Z,2,NA,NA,FALSE,WB_WDI,WB_WDI_NY_GDP_PCAP_CD,IMN,_T,_T,_T,_Z,_Z,_Z,2014,A,USD,NA
38265.365195,P1Y,0,NA,A,PU,_Z,2,NA,NA,FALSE,WB_WDI,WB_WDI_NY_GDP_PCAP_CD,ISR,_T,_T,_T,_Z,_Z,_Z,2014,A,USD,NA
36028.349402,P1Y,0,NA,A,PU,_Z,2,NA,NA,FALSE,WB_WDI,WB_WDI_NY_GDP_PCAP_CD,ITA,_T,_T,_T,_Z,_Z,_Z,2014,A,USD,NA
4975.113255,P1Y,0,NA,A,PU,_Z,2,NA,NA,FALSE,WB_WDI,WB_WDI_NY_GDP_PCAP_CD,JAM,_T,_T,_T,_Z,_Z,_Z,2014,A,USD,NA
39172.847116,P1Y,0,NA,A,PU,_Z,2,NA,NA,FALSE,WB_WDI,WB_WDI_NY_GDP_PCAP_CD,JPN,_T,_T,_T,_Z,_Z,_Z,2014,A,USD,NA
100213.493385,P1Y,0,NA,A,PU,_Z,2,NA,NA,FALSE,WB_WDI,WB_WDI_NY_GDP_PCAP_CD,BMU,_T,_T,_T,_Z,_Z,_Z,2012,A,USD,NA
2751.212886,P1Y,0,NA,A,PU,_Z,2,NA,NA,FALSE,WB_WDI,WB_WDI_NY_GDP_PCAP_CD,BTN,_T,_T,_T,_Z,_Z,_Z,2012,A,USD,NA
2575.598571,P1Y,0,NA,A,PU,_Z,2,NA,NA,FALSE,WB_WDI,WB_WDI_NY_GDP_PCAP_CD,BOL,_T,_T,_T,_Z,_Z,_Z,2012,A,USD,NA
4693.788991,P1Y,0,NA,A,PU,_Z,2,NA,NA,FALSE,WB_WDI,WB_WDI_NY_GDP_PCAP_CD,BIH,_T,_T,_T,_Z,_Z,_Z,2012,A,USD,NA
6595.53845,P1Y,0,NA,A,PU,_Z,2,NA,NA,FALSE,WB_WDI,WB_WDI_NY_GDP_PCAP_CD,BWA,_T,_T,_T,_Z,_Z,_Z,2012,A,USD,NA
12521.721352,P1Y,0,NA,A,PU,_Z,2,NA,NA,FALSE,WB_WDI,WB_WDI_NY_GDP_PCAP_CD,BRA,_T,_T,_T,_Z,_Z,_Z,2012,A,USD,NA
46968.597116,P1Y,0,NA,A,PU,_Z,2,NA,NA,FALSE,WB_WDI,WB_WDI_NY_GDP_PCAP_CD,BRN,_T,_T,_T,_Z,_Z,_Z,2012,A,USD,NA
7432.337534,P1Y,0,NA,A,PU,_Z,2,NA,NA,FALSE,WB_WDI,WB_WDI_NY_GDP_PCAP_CD,BGR,_T,_T,_T,_Z,_Z,_Z,2012,A,USD,NA
731.470139,P1Y,0,NA,A,PU,_Z,2,NA,NA,FALSE,WB_WDI,WB_WDI_NY_GDP_PCAP_CD,BFA,_T,_T,_T,_Z,_Z,_Z,2012,A,USD,NA
231.098788,P1Y,0,NA,A,PU,_Z,2,NA,NA,FALSE,WB_WDI,WB_WDI_NY_GDP_PCAP_CD,BDI,_T,_T,_T,_Z,_Z,_Z,2012,A,USD,NA
3435.406982,P1Y,0,NA,A,PU,_Z,2,NA,NA,FALSE,WB_WDI,WB_WDI_NY_GDP_PCAP_CD,MAR,_T,_T,_T,_Z,_Z,_Z,2014,A,USD,NA
697.14268,P1Y,0,NA,A,PU,_Z,2,NA,NA,FALSE,WB_WDI,WB_WDI_NY_GDP_PCAP_CD,MOZ,_T,_T,_T,_Z,_Z,_Z,2014,A,USD,NA
1293.000423,P1Y,0,NA,A,PU,_Z,2,NA,NA,FALSE,WB_WDI,WB_WDI_NY_GDP_PCAP_CD,MMR,_T,_T,_T,_Z,_Z,_Z,2014,A,USD,NA
5378.323262,P1Y,0,NA,A,PU,_Z,2,NA,NA,FALSE,WB_WDI,WB_WDI_NY_GDP_PCAP_CD,NAM,_T,_T,_T,_Z,_Z,_Z,2014,A,USD,NA
9230.054403,P1Y,0,NA,A,PU,_Z,2,NA,NA,FALSE,WB_WDI,WB_WDI_NY_GDP_PCAP_CD,NRU,_T,_T,_T,_Z,_Z,_Z,2014,A,USD,NA
821.455225,P1Y,0,NA,A,PU,_Z,2,NA,NA,FALSE,WB_WDI,WB_WDI_NY_GDP_PCAP_CD,NPL,_T,_T,_T,_Z,_Z,_Z,2014,A,USD,NA
53457.223486,P1Y,0,NA,A,PU,_Z,2,NA,NA,FALSE,WB_WDI,WB_WDI_NY_GDP_PCAP_CD,NLD,_T,_T,_T,_Z,_Z,_Z,2014,A,USD,NA
37816.95586,P1Y,0,NA,A,PU,_Z,2,NA,NA,FALSE,WB_WDI,WB_WDI_NY_GDP_PCAP_CD,NCL,_T,_T,_T,_Z,_Z,_Z,2014,A,USD,NA
44599.899273,P1Y,0,NA,A,PU,_Z,2,NA,NA,FALSE,WB_WDI,WB_WDI_NY_GDP_PCAP_CD,NZL,_T,_T,_T,_Z,_Z,_Z,2014,A,USD,NA
1958.370476,P1Y,0,NA,A,PU,_Z,2,NA,NA,FALSE,WB_WDI,WB_WDI_NY_GDP_PCAP_CD,NIC,_T,_T,_T,_Z,_Z,_Z,2014,A,USD,NA
565.309897,P1Y,0,NA,A,PU,_Z,2,NA,NA,FALSE,WB_WDI,WB_WDI_NY_GDP_PCAP_CD,NER,_T,_T,_T,_Z,_Z,_Z,2014,A,USD,NA
20332.138953,P1Y,0,NA,A,PU,_Z,2,NA,NA,FALSE,WB_WDI,WB_WDI_NY_GDP_PCAP_CD,TTO,_T,_T,_T,_Z,_Z,_Z,2012,A,USD,NA
4297.267825,P1Y,0,NA,A,PU,_Z,2,NA,NA,FALSE,WB_WDI,WB_WDI_NY_GDP_PCAP_CD,TUN,_T,_T,_T,_Z,_Z,_Z,2012,A,USD,NA
11776.759336,P1Y,0,NA,A,PU,_Z,2,NA,NA,FALSE,WB_WDI,WB_WDI_NY_GDP_PCAP_CD,TUR,_T,_T,_T,_Z,_Z,_Z,2012,A,USD,NA
6053.874847,P1Y,0,NA,A,PU,_Z,2,NA,NA,FALSE,WB_WDI,WB_WDI_NY_GDP_PCAP_CD,TKM,_T,_T,_T,_Z,_Z,_Z,2012,A,USD,NA
25923.61565,P1Y,0,NA,A,PU,_Z,2,NA,NA,FALSE,WB_WDI,WB_WDI_NY_GDP_PCAP_CD,TCA,_T,_T,_T,_Z,_Z,_Z,2012,A,USD,NA
3598.461631,P1Y,0,NA,A,PU,_Z,2,NA,NA,FALSE,WB_WDI,WB_WDI_NY_GDP_PCAP_CD,TUV,_T,_T,_T,_Z,_Z,_Z,2012,A,USD,NA
795.222868,P1Y,0,NA,A,PU,_Z,2,NA,NA,FALSE,WB_WDI,WB_WDI_NY_GDP_PCAP_CD,UGA,_T,_T,_T,_Z,_Z,_Z,2012,A,USD,NA
3951.342285,P1Y,0,NA,A,PU,_Z,2,NA,NA,FALSE,WB_WDI,WB_WDI_NY_GDP_PCAP_CD,UKR,_T,_T,_T,_Z,_Z,_Z,2012,A,USD,NA
53141.625166,P1Y,0,NA,A,PU,_Z,2,NA,NA,FALSE,WB_WDI,WB_WDI_NY_GDP_PCAP_CD,ARE,_T,_T,_T,_Z,_Z,_Z,2012,A,USD,NA
42688.326373,P1Y,0,NA,A,PU,_Z,2,NA,NA,FALSE,WB_WDI,WB_WDI_NY_GDP_PCAP_CD,GBR,_T,_T,_T,_Z,_Z,_Z,2012,A,USD,NA
51708.394061,P1Y,0,NA,A,PU,_Z,2,NA,NA,FALSE,WB_WDI,WB_WDI_NY_GDP_PCAP_CD,USA,_T,_T,_T,_Z,_Z,_Z,2012,A,USD,NA
16259.594081,P1Y,0,NA,A,PU,_Z,2,NA,NA,FALSE,WB_WDI,WB_WDI_NY_GDP_PCAP_CD,URY,_T,_T,_T,_Z,_Z,_Z,2012,A,USD,NA
1719.513774,P1Y,0,NA,A,PU,_Z,2,NA,NA,FALSE,WB_WDI,WB_WDI_NY_GDP_PCAP_CD,IDB,_T,_T,_T,_Z,_Z,_Z,2011,A,USD,NA
961.703391,P1Y,0,NA,A,PU,_Z,2,NA,NA,FALSE,WB_WDI,WB_WDI_NY_GDP_PCAP_CD,IDX,_T,_T,_T,_Z,_Z,_Z,2011,A,USD,NA
1229.705491,P1Y,0,NA,A,PU,_Z,2,NA,NA,FALSE,WB_WDI,WB_WDI_NY_GDP_PCAP_CD,IDA,_T,_T,_T,_Z,_Z,_Z,2011,A,USD,NA
7598.757006,P1Y,0,NA,A,PU,_Z,2,NA,NA,FALSE,WB_WDI,WB_WDI_NY_GDP_PCAP_CD,LTE,_T,_T,_T,_Z,_Z,_Z,2011,A,USD,NA
10334.036524,P1Y,0,NA,A,PU,_Z,2,NA,NA,FALSE,WB_WDI,WB_WDI_NY_GDP_PCAP_CD,LCN,_T,_T,_T,_Z,_Z,_Z,2011,A,USD,NA
10025.174913,P1Y,0,NA,A,PU,_Z,2,NA,NA,FALSE,WB_WDI,WB_WDI_NY_GDP_PCAP_CD,LAC,_T,_T,_T,_Z,_Z,_Z,2011,A,USD,NA
10277.434412,P1Y,0,NA,A,PU,_Z,2,NA,NA,FALSE,WB_WDI,WB_WDI_NY_GDP_PCAP_CD,TLA,_T,_T,_T,_Z,_Z,_Z,2011,A,USD,NA
925.476117,P1Y,0,NA,A,PU,_Z,2,NA,NA,FALSE,WB_WDI,WB_WDI_NY_GDP_PCAP_CD,LDC,_T,_T,_T,_Z,_Z,_Z,2011,A,USD,NA
3921.45367,P1Y,0,NA,A,PU,_Z,2,NA,NA,FALSE,WB_WDI,WB_WDI_NY_GDP_PCAP_CD,LMY,_T,_T,_T,_Z,_Z,_Z,2011,A,USD,NA
774.510492,P1Y,0,NA,A,PU,_Z,2,NA,NA,FALSE,WB_WDI,WB_WDI_NY_GDP_PCAP_CD,LIC,_T,_T,_T,_Z,_Z,_Z,2011,A,USD,NA
1685.540766,P1Y,0,NA,A,PU,_Z,2,NA,NA,FALSE,WB_WDI,WB_WDI_NY_GDP_PCAP_CD,LMC,_T,_T,_T,_Z,_Z,_Z,2011,A,USD,NA
5735.782839,P1Y,0,NA,A,PU,_Z,2,NA,NA,FALSE,WB_WDI,WB_WDI_NY_GDP_PCAP_CD,MEA,_T,_T,_T,_Z,_Z,_Z,2011,A,USD,NA
3237.835631,P1Y,0,NA,A,PU,_Z,2,NA,NA,FALSE,WB_WDI,WB_WDI_NY_GDP_PCAP_CD,MNA,_T,_T,_T,_Z,_Z,_Z,2011,A,USD,NA
7822.217972,P1Y,0,NA,A,PU,_Z,2,NA,NA,FALSE,WB_WDI,WB_WDI_NY_GDP_PCAP_CD,DMA,_T,_T,_T,_Z,_Z,_Z,2013,A,USD,NA
6136.594293,P1Y,0,NA,A,PU,_Z,2,NA,NA,FALSE,WB_WDI,WB_WDI_NY_GDP_PCAP_CD,DOM,_T,_T,_T,_Z,_Z,_Z,2013,A,USD,NA
6109.290315,P1Y,0,NA,A,PU,_Z,2,NA,NA,FALSE,WB_WDI,WB_WDI_NY_GDP_PCAP_CD,ECU,_T,_T,_T,_Z,_Z,_Z,2013,A,USD,NA
3025.525636,P1Y,0,NA,A,PU,_Z,2,NA,NA,FALSE,WB_WDI,WB_WDI_NY_GDP_PCAP_CD,EGY,_T,_T,_T,_Z,_Z,_Z,2013,A,USD,NA
3582.26694,P1Y,0,NA,A,PU,_Z,2,NA,NA,FALSE,WB_WDI,WB_WDI_NY_GDP_PCAP_CD,SLV,_T,_T,_T,_Z,_Z,_Z,2013,A,USD,NA
16304.07132,P1Y,0,NA,A,PU,_Z,2,NA,NA,FALSE,WB_WDI,WB_WDI_NY_GDP_PCAP_CD,GNQ,_T,_T,_T,_Z,_Z,_Z,2013,A,USD,NA
19310.38749,P1Y,0,NA,A,PU,_Z,2,NA,NA,FALSE,WB_WDI,WB_WDI_NY_GDP_PCAP_CD,EST,_T,_T,_T,_Z,_Z,_Z,2013,A,USD,NA
3949.9431,P1Y,0,NA,A,PU,_Z,2,NA,NA,FALSE,WB_WDI,WB_WDI_NY_GDP_PCAP_CD,SWZ,_T,_T,_T,_Z,_Z,_Z,2013,A,USD,NA
484.039833,P1Y,0,NA,A,PU,_Z,2,NA,NA,FALSE,WB_WDI,WB_WDI_NY_GDP_PCAP_CD,ETH,_T,_T,_T,_Z,_Z,_Z,2013,A,USD,NA
55759.364098,P1Y,0,NA,A,PU,_Z,2,NA,NA,FALSE,WB_WDI,WB_WDI_NY_GDP_PCAP_CD,FRO,_T,_T,_T,_Z,_Z,_Z,2013,A,USD,NA
688.798854,P1Y,0,NA,A,PU,_Z,2,NA,NA,FALSE,WB_WDI,WB_WDI_NY_GDP_PCAP_CD,HPC,_T,_T,_T,_Z,_Z,_Z,2007,A,USD,NA
34703.221548,P1Y,0,NA,A,PU,_Z,2,NA,NA,FALSE,WB_WDI,WB_WDI_NY_GDP_PCAP_CD,HIC,_T,_T,_T,_Z,_Z,_Z,2007,A,USD,NA
3321.081723,P1Y,0,NA,A,PU,_Z,2,NA,NA,FALSE,WB_WDI,WB_WDI_NY_GDP_PCAP_CD,IBD,_T,_T,_T,_Z,_Z,_Z,2007,A,USD,NA
2742.897339,P1Y,0,NA,A,PU,_Z,2,NA,NA,FALSE,WB_WDI,WB_WDI_NY_GDP_PCAP_CD,IBT,_T,_T,_T,_Z,_Z,_Z,2007,A,USD,NA
1296.217361,P1Y,0,NA,A,PU,_Z,2,NA,NA,FALSE,WB_WDI,WB_WDI_NY_GDP_PCAP_CD,IDB,_T,_T,_T,_Z,_Z,_Z,2007,A,USD,NA
667.193009,P1Y,0,NA,A,PU,_Z,2,NA,NA,FALSE,WB_WDI,WB_WDI_NY_GDP_PCAP_CD,IDX,_T,_T,_T,_Z,_Z,_Z,2007,A,USD,NA
888.098621,P1Y,0,NA,A,PU,_Z,2,NA,NA,FALSE,WB_WDI,WB_WDI_NY_GDP_PCAP_CD,IDA,_T,_T,_T,_Z,_Z,_Z,2007,A,USD,NA
4409.305453,P1Y,0,NA,A,PU,_Z,2,NA,NA,FALSE,WB_WDI,WB_WDI_NY_GDP_PCAP_CD,LTE,_T,_T,_T,_Z,_Z,_Z,2007,A,USD,NA
7035.799563,P1Y,0,NA,A,PU,_Z,2,NA,NA,FALSE,WB_WDI,WB_WDI_NY_GDP_PCAP_CD,LCN,_T,_T,_T,_Z,_Z,_Z,2007,A,USD,NA
6758.189675,P1Y,0,NA,A,PU,_Z,2,NA,NA,FALSE,WB_WDI,WB_WDI_NY_GDP_PCAP_CD,LAC,_T,_T,_T,_Z,_Z,_Z,2007,A,USD,NA
6927.882932,P1Y,0,NA,A,PU,_Z,2,NA,NA,FALSE,WB_WDI,WB_WDI_NY_GDP_PCAP_CD,TLA,_T,_T,_T,_Z,_Z,_Z,2007,A,USD,NA
648.873363,P1Y,0,NA,A,PU,_Z,2,NA,NA,FALSE,WB_WDI,WB_WDI_NY_GDP_PCAP_CD,LDC,_T,_T,_T,_Z,_Z,_Z,2007,A,USD,NA
2438.533897,P1Y,0,NA,A,PU,_Z,2,NA,NA,FALSE,WB_WDI,WB_WDI_NY_GDP_PCAP_CD,LMY,_T,_T,_T,_Z,_Z,_Z,2007,A,USD,NA
32530.759312,P1Y,0,NA,A,PU,_Z,2,NA,NA,FALSE,WB_WDI,WB_WDI_NY_GDP_PCAP_CD,GUM,_T,_T,_T,_Z,_Z,_Z,2013,A,USD,NA
3444.158023,P1Y,0,NA,A,PU,_Z,2,NA,NA,FALSE,WB_WDI,WB_WDI_NY_GDP_PCAP_CD,GTM,_T,_T,_T,_Z,_Z,_Z,2013,A,USD,NA
748.455021,P1Y,0,NA,A,PU,_Z,2,NA,NA,FALSE,WB_WDI,WB_WDI_NY_GDP_PCAP_CD,GIN,_T,_T,_T,_Z,_Z,_Z,2013,A,USD,NA
654.304534,P1Y,0,NA,A,PU,_Z,2,NA,NA,FALSE,WB_WDI,WB_WDI_NY_GDP_PCAP_CD,GNB,_T,_T,_T,_Z,_Z,_Z,2013,A,USD,NA
5556.912312,P1Y,0,NA,A,PU,_Z,2,NA,NA,FALSE,WB_WDI,WB_WDI_NY_GDP_PCAP_CD,GUY,_T,_T,_T,_Z,_Z,_Z,2013,A,USD,NA
1457.832212,P1Y,0,NA,A,PU,_Z,2,NA,NA,FALSE,WB_WDI,WB_WDI_NY_GDP_PCAP_CD,HTI,_T,_T,_T,_Z,_Z,_Z,2013,A,USD,NA
2081.128435,P1Y,0,NA,A,PU,_Z,2,NA,NA,FALSE,WB_WDI,WB_WDI_NY_GDP_PCAP_CD,HND,_T,_T,_T,_Z,_Z,_Z,2013,A,USD,NA
38403.777715,P1Y,0,NA,A,PU,_Z,2,NA,NA,FALSE,WB_WDI,WB_WDI_NY_GDP_PCAP_CD,HKG,_T,_T,_T,_Z,_Z,_Z,2013,A,USD,NA
13739.462015,P1Y,0,NA,A,PU,_Z,2,NA,NA,FALSE,WB_WDI,WB_WDI_NY_GDP_PCAP_CD,HUN,_T,_T,_T,_Z,_Z,_Z,2013,A,USD,NA
50173.336006,P1Y,0,NA,A,PU,_Z,2,NA,NA,FALSE,WB_WDI,WB_WDI_NY_GDP_PCAP_CD,ISL,_T,_T,_T,_Z,_Z,_Z,2013,A,USD,NA
1432.843975,P1Y,0,NA,A,PU,_Z,2,NA,NA,FALSE,WB_WDI,WB_WDI_NY_GDP_PCAP_CD,IND,_T,_T,_T,_Z,_Z,_Z,2013,A,USD,NA
14305.332031,P1Y,0,NA,A,PU,_Z,2,NA,NA,FALSE,WB_WDI,WB_WDI_NY_GDP_PCAP_CD,RUS,_T,_T,_T,_Z,_Z,_Z,2011,A,USD,NA
643.356139,P1Y,0,NA,A,PU,_Z,2,NA,NA,FALSE,WB_WDI,WB_WDI_NY_GDP_PCAP_CD,RWA,_T,_T,_T,_Z,_Z,_Z,2011,A,USD,NA
3821.506783,P1Y,0,NA,A,PU,_Z,2,NA,NA,FALSE,WB_WDI,WB_WDI_NY_GDP_PCAP_CD,WSM,_T,_T,_T,_Z,_Z,_Z,2011,A,USD,NA
55601.400814,P1Y,0,NA,A,PU,_Z,2,NA,NA,FALSE,WB_WDI,WB_WDI_NY_GDP_PCAP_CD,SMR,_T,_T,_T,_Z,_Z,_Z,2011,A,USD,NA
1219.801891,P1Y,0,NA,A,PU,_Z,2,NA,NA,FALSE,WB_WDI,WB_WDI_NY_GDP_PCAP_CD,STP,_T,_T,_T,_Z,_Z,_Z,2011,A,USD,NA
27126.749875,P1Y,0,NA,A,PU,_Z,2,NA,NA,FALSE,WB_WDI,WB_WDI_NY_GDP_PCAP_CD,SAU,_T,_T,_T,_Z,_Z,_Z,2011,A,USD,NA
1374.675919,P1Y,0,NA,A,PU,_Z,2,NA,NA,FALSE,WB_WDI,WB_WDI_NY_GDP_PCAP_CD,SEN,_T,_T,_T,_Z,_Z,_Z,2011,A,USD,NA
7082.286167,P1Y,0,NA,A,PU,_Z,2,NA,NA,FALSE,WB_WDI,WB_WDI_NY_GDP_PCAP_CD,SRB,_T,_T,_T,_Z,_Z,_Z,2011,A,USD,NA
12110.093746,P1Y,0,NA,A,PU,_Z,2,NA,NA,FALSE,WB_WDI,WB_WDI_NY_GDP_PCAP_CD,SYC,_T,_T,_T,_Z,_Z,_Z,2011,A,USD,NA
761.146366,P1Y,0,NA,A,PU,_Z,2,NA,NA,FALSE,WB_WDI,WB_WDI_NY_GDP_PCAP_CD,SLE,_T,_T,_T,_Z,_Z,_Z,2011,A,USD,NA
53891.457026,P1Y,0,NA,A,PU,_Z,2,NA,NA,FALSE,WB_WDI,WB_WDI_NY_GDP_PCAP_CD,SGP,_T,_T,_T,_Z,_Z,_Z,2011,A,USD,NA
27317.517888,P1Y,0,NA,A,PU,_Z,2,NA,NA,FALSE,WB_WDI,WB_WDI_NY_GDP_PCAP_CD,SXM,_T,_T,_T,_Z,_Z,_Z,2011,A,USD,NA
9877.13866,P1Y,0,NA,A,PU,_Z,2,NA,NA,FALSE,WB_WDI,WB_WDI_NY_GDP_PCAP_CD,MUS,_T,_T,_T,_Z,_Z,_Z,2013,A,USD,NA
11216.800852,P1Y,0,NA,A,PU,_Z,2,NA,NA,FALSE,WB_WDI,WB_WDI_NY_GDP_PCAP_CD,MEX,_T,_T,_T,_Z,_Z,_Z,2013,A,USD,NA
2904.15368,P1Y,0,NA,A,PU,_Z,2,NA,NA,FALSE,WB_WDI,WB_WDI_NY_GDP_PCAP_CD,FSM,_T,_T,_T,_Z,_Z,_Z,2013,A,USD,NA
3321.043978,P1Y,0,NA,A,PU,_Z,2,NA,NA,FALSE,WB_WDI,WB_WDI_NY_GDP_PCAP_CD,MDA,_T,_T,_T,_Z,_Z,_Z,2013,A,USD,NA
184940.633666,P1Y,0,NA,A,PU,_Z,2,NA,NA,FALSE,WB_WDI,WB_WDI_NY_GDP_PCAP_CD,MCO,_T,_T,_T,_Z,_Z,_Z,2013,A,USD,NA
4340.143105,P1Y,0,NA,A,PU,_Z,2,NA,NA,FALSE,WB_WDI,WB_WDI_NY_GDP_PCAP_CD,MNG,_T,_T,_T,_Z,_Z,_Z,2013,A,USD,NA
7102.777671,P1Y,0,NA,A,PU,_Z,2,NA,NA,FALSE,WB_WDI,WB_WDI_NY_GDP_PCAP_CD,MNE,_T,_T,_T,_Z,_Z,_Z,2013,A,USD,NA
3379.743164,P1Y,0,NA,A,PU,_Z,2,NA,NA,FALSE,WB_WDI,WB_WDI_NY_GDP_PCAP_CD,MAR,_T,_T,_T,_Z,_Z,_Z,2013,A,USD,NA
686.505673,P1Y,0,NA,A,PU,_Z,2,NA,NA,FALSE,WB_WDI,WB_WDI_NY_GDP_PCAP_CD,MOZ,_T,_T,_T,_Z,_Z,_Z,2013,A,USD,NA
1199.095616,P1Y,0,NA,A,PU,_Z,2,NA,NA,FALSE,WB_WDI,WB_WDI_NY_GDP_PCAP_CD,MMR,_T,_T,_T,_Z,_Z,_Z,2013,A,USD,NA
5346.621311,P1Y,0,NA,A,PU,_Z,2,NA,NA,FALSE,WB_WDI,WB_WDI_NY_GDP_PCAP_CD,NAM,_T,_T,_T,_Z,_Z,_Z,2013,A,USD,NA
3566.602845,P1Y,0,NA,A,PU,_Z,2,NA,NA,FALSE,WB_WDI,WB_WDI_NY_GDP_PCAP_CD,IDN,_T,_T,_T,_Z,_Z,_Z,2013,A,USD,NA
6222.741948,P1Y,0,NA,A,PU,_Z,2,NA,NA,FALSE,WB_WDI,WB_WDI_NY_GDP_PCAP_CD,IRN,_T,_T,_T,_Z,_Z,_Z,2013,A,USD,NA
6650.352822,P1Y,0,NA,A,PU,_Z,2,NA,NA,FALSE,WB_WDI,WB_WDI_NY_GDP_PCAP_CD,IRQ,_T,_T,_T,_Z,_Z,_Z,2013,A,USD,NA
52537.610865,P1Y,0,NA,A,PU,_Z,2,NA,NA,FALSE,WB_WDI,WB_WDI_NY_GDP_PCAP_CD,IRL,_T,_T,_T,_Z,_Z,_Z,2013,A,USD,NA
83207.658843,P1Y,0,NA,A,PU,_Z,2,NA,NA,FALSE,WB_WDI,WB_WDI_NY_GDP_PCAP_CD,IMN,_T,_T,_T,_Z,_Z,_Z,2013,A,USD,NA
36980.622214,P1Y,0,NA,A,PU,_Z,2,NA,NA,FALSE,WB_WDI,WB_WDI_NY_GDP_PCAP_CD,ISR,_T,_T,_T,_Z,_Z,_Z,2013,A,USD,NA
35701.6746,P1Y,0,NA,A,PU,_Z,2,NA,NA,FALSE,WB_WDI,WB_WDI_NY_GDP_PCAP_CD,ITA,_T,_T,_T,_Z,_Z,_Z,2013,A,USD,NA
5124.213014,P1Y,0,NA,A,PU,_Z,2,NA,NA,FALSE,WB_WDI,WB_WDI_NY_GDP_PCAP_CD,JAM,_T,_T,_T,_Z,_Z,_Z,2013,A,USD,NA
41369.194848,P1Y,0,NA,A,PU,_Z,2,NA,NA,FALSE,WB_WDI,WB_WDI_NY_GDP_PCAP_CD,JPN,_T,_T,_T,_Z,_Z,_Z,2013,A,USD,NA
4739.022536,P1Y,0,NA,A,PU,_Z,2,NA,NA,FALSE,WB_WDI,WB_WDI_NY_GDP_PCAP_CD,JOR,_T,_T,_T,_Z,_Z,_Z,2013,A,USD,NA
13478.459628,P1Y,0,NA,A,PU,_Z,2,NA,NA,FALSE,WB_WDI,WB_WDI_NY_GDP_PCAP_CD,KAZ,_T,_T,_T,_Z,_Z,_Z,2013,A,USD,NA
1370.878852,P1Y,0,NA,A,PU,_Z,2,NA,NA,FALSE,WB_WDI,WB_WDI_NY_GDP_PCAP_CD,KEN,_T,_T,_T,_Z,_Z,_Z,2013,A,USD,NA
1381.445251,P1Y,0,NA,A,PU,_Z,2,NA,NA,FALSE,WB_WDI,WB_WDI_NY_GDP_PCAP_CD,AFE,_T,_T,_T,_Z,_Z,_Z,2007,A,USD,NA
1407.728817,P1Y,0,NA,A,PU,_Z,2,NA,NA,FALSE,WB_WDI,WB_WDI_NY_GDP_PCAP_CD,AFW,_T,_T,_T,_Z,_Z,_Z,2007,A,USD,NA
4940.701537,P1Y,0,NA,A,PU,_Z,2,NA,NA,FALSE,WB_WDI,WB_WDI_NY_GDP_PCAP_CD,ARB,_T,_T,_T,_Z,_Z,_Z,2007,A,USD,NA
12134.906698,P1Y,0,NA,A,PU,_Z,2,NA,NA,FALSE,WB_WDI,WB_WDI_NY_GDP_PCAP_CD,CSS,_T,_T,_T,_Z,_Z,_Z,2007,A,USD,NA
11906.495965,P1Y,0,NA,A,PU,_Z,2,NA,NA,FALSE,WB_WDI,WB_WDI_NY_GDP_PCAP_CD,CEB,_T,_T,_T,_Z,_Z,_Z,2007,A,USD,NA
2342.587821,P1Y,0,NA,A,PU,_Z,2,NA,NA,FALSE,WB_WDI,WB_WDI_NY_GDP_PCAP_CD,EAR,_T,_T,_T,_Z,_Z,_Z,2007,A,USD,NA
5760.129388,P1Y,0,NA,A,PU,_Z,2,NA,NA,FALSE,WB_WDI,WB_WDI_NY_GDP_PCAP_CD,EAS,_T,_T,_T,_Z,_Z,_Z,2007,A,USD,NA
2481.387558,P1Y,0,NA,A,PU,_Z,2,NA,NA,FALSE,WB_WDI,WB_WDI_NY_GDP_PCAP_CD,EAP,_T,_T,_T,_Z,_Z,_Z,2007,A,USD,NA
2510.420631,P1Y,0,NA,A,PU,_Z,2,NA,NA,FALSE,WB_WDI,WB_WDI_NY_GDP_PCAP_CD,TEA,_T,_T,_T,_Z,_Z,_Z,2007,A,USD,NA
37801.931607,P1Y,0,NA,A,PU,_Z,2,NA,NA,FALSE,WB_WDI,WB_WDI_NY_GDP_PCAP_CD,EMU,_T,_T,_T,_Z,_Z,_Z,2007,A,USD,NA
24200.332479,P1Y,0,NA,A,PU,_Z,2,NA,NA,FALSE,WB_WDI,WB_WDI_NY_GDP_PCAP_CD,ECS,_T,_T,_T,_Z,_Z,_Z,2007,A,USD,NA
5206.581567,P1Y,0,NA,A,PU,_Z,2,NA,NA,FALSE,WB_WDI,WB_WDI_NY_GDP_PCAP_CD,ECA,_T,_T,_T,_Z,_Z,_Z,2007,A,USD,NA
7247.081889,P1Y,0,NA,A,PU,_Z,2,NA,NA,FALSE,WB_WDI,WB_WDI_NY_GDP_PCAP_CD,TEC,_T,_T,_T,_Z,_Z,_Z,2007,A,USD,NA
33682.862817,P1Y,0,NA,A,PU,_Z,2,NA,NA,FALSE,WB_WDI,WB_WDI_NY_GDP_PCAP_CD,EUU,_T,_T,_T,_Z,_Z,_Z,2007,A,USD,NA
22742.473986,P1Y,0,NA,A,PU,_Z,2,NA,NA,FALSE,WB_WDI,WB_WDI_NY_GDP_PCAP_CD,ECS,_T,_T,_T,_Z,_Z,_Z,2015,A,USD,NA
6338.80741,P1Y,0,NA,A,PU,_Z,2,NA,NA,FALSE,WB_WDI,WB_WDI_NY_GDP_PCAP_CD,ECA,_T,_T,_T,_Z,_Z,_Z,2015,A,USD,NA
8034.68426,P1Y,0,NA,A,PU,_Z,2,NA,NA,FALSE,WB_WDI,WB_WDI_NY_GDP_PCAP_CD,TEC,_T,_T,_T,_Z,_Z,_Z,2015,A,USD,NA
30771.663522,P1Y,0,NA,A,PU,_Z,2,NA,NA,FALSE,WB_WDI,WB_WDI_NY_GDP_PCAP_CD,EUU,_T,_T,_T,_Z,_Z,_Z,2015,A,USD,NA
917.924141,P1Y,0,NA,A,PU,_Z,2,NA,NA,FALSE,WB_WDI,WB_WDI_NY_GDP_PCAP_CD,HPC,_T,_T,_T,_Z,_Z,_Z,2015,A,USD,NA
36734.631023,P1Y,0,NA,A,PU,_Z,2,NA,NA,FALSE,WB_WDI,WB_WDI_NY_GDP_PCAP_CD,HIC,_T,_T,_T,_Z,_Z,_Z,2015,A,USD,NA
5546.819341,P1Y,0,NA,A,PU,_Z,2,NA,NA,FALSE,WB_WDI,WB_WDI_NY_GDP_PCAP_CD,IBD,_T,_T,_T,_Z,_Z,_Z,2015,A,USD,NA
4477.244097,P1Y,0,NA,A,PU,_Z,2,NA,NA,FALSE,WB_WDI,WB_WDI_NY_GDP_PCAP_CD,IBT,_T,_T,_T,_Z,_Z,_Z,2015,A,USD,NA
1967.894115,P1Y,0,NA,A,PU,_Z,2,NA,NA,FALSE,WB_WDI,WB_WDI_NY_GDP_PCAP_CD,IDB,_T,_T,_T,_Z,_Z,_Z,2015,A,USD,NA
1024.038925,P1Y,0,NA,A,PU,_Z,2,NA,NA,FALSE,WB_WDI,WB_WDI_NY_GDP_PCAP_CD,IDX,_T,_T,_T,_Z,_Z,_Z,2015,A,USD,NA
1357.905193,P1Y,0,NA,A,PU,_Z,2,NA,NA,FALSE,WB_WDI,WB_WDI_NY_GDP_PCAP_CD,IDA,_T,_T,_T,_Z,_Z,_Z,2015,A,USD,NA
8331.63289,P1Y,0,NA,A,PU,_Z,2,NA,NA,FALSE,WB_WDI,WB_WDI_NY_GDP_PCAP_CD,LTE,_T,_T,_T,_Z,_Z,_Z,2015,A,USD,NA
1022.748413,P1Y,0,NA,A,PU,_Z,2,NA,NA,FALSE,WB_WDI,WB_WDI_NY_GDP_PCAP_CD,TZA,_T,_T,_T,_Z,_Z,_Z,2014,A,USD,NA
5801.197892,P1Y,0,NA,A,PU,_Z,2,NA,NA,FALSE,WB_WDI,WB_WDI_NY_GDP_PCAP_CD,THA,_T,_T,_T,_Z,_Z,_Z,2014,A,USD,NA
1224.749578,P1Y,0,NA,A,PU,_Z,2,NA,NA,FALSE,WB_WDI,WB_WDI_NY_GDP_PCAP_CD,TLS,_T,_T,_T,_Z,_Z,_Z,2014,A,USD,NA
921.539749,P1Y,0,NA,A,PU,_Z,2,NA,NA,FALSE,WB_WDI,WB_WDI_NY_GDP_PCAP_CD,TGO,_T,_T,_T,_Z,_Z,_Z,2014,A,USD,NA
4136.590109,P1Y,0,NA,A,PU,_Z,2,NA,NA,FALSE,WB_WDI,WB_WDI_NY_GDP_PCAP_CD,TON,_T,_T,_T,_Z,_Z,_Z,2014,A,USD,NA
21908.301456,P1Y,0,NA,A,PU,_Z,2,NA,NA,FALSE,WB_WDI,WB_WDI_NY_GDP_PCAP_CD,TTO,_T,_T,_T,_Z,_Z,_Z,2014,A,USD,NA
4458.978955,P1Y,0,NA,A,PU,_Z,2,NA,NA,FALSE,WB_WDI,WB_WDI_NY_GDP_PCAP_CD,TUN,_T,_T,_T,_Z,_Z,_Z,2014,A,USD,NA
12209.386233,P1Y,0,NA,A,PU,_Z,2,NA,NA,FALSE,WB_WDI,WB_WDI_NY_GDP_PCAP_CD,TUR,_T,_T,_T,_Z,_Z,_Z,2014,A,USD,NA
7164.145362,P1Y,0,NA,A,PU,_Z,2,NA,NA,FALSE,WB_WDI,WB_WDI_NY_GDP_PCAP_CD,TKM,_T,_T,_T,_Z,_Z,_Z,2014,A,USD,NA
27292.582026,P1Y,0,NA,A,PU,_Z,2,NA,NA,FALSE,WB_WDI,WB_WDI_NY_GDP_PCAP_CD,TCA,_T,_T,_T,_Z,_Z,_Z,2014,A,USD,NA
3528.858581,P1Y,0,NA,A,PU,_Z,2,NA,NA,FALSE,WB_WDI,WB_WDI_NY_GDP_PCAP_CD,TUV,_T,_T,_T,_Z,_Z,_Z,2014,A,USD,NA
896.054796,P1Y,0,NA,A,PU,_Z,2,NA,NA,FALSE,WB_WDI,WB_WDI_NY_GDP_PCAP_CD,UGA,_T,_T,_T,_Z,_Z,_Z,2014,A,USD,NA
50765.749467,P1Y,0,NA,A,PU,_Z,2,NA,NA,FALSE,WB_WDI,WB_WDI_NY_GDP_PCAP_CD,GRL,_T,_T,_T,_Z,_Z,_Z,2017,A,USD,NA
9751.426612,P1Y,0,NA,A,PU,_Z,2,NA,NA,FALSE,WB_WDI,WB_WDI_NY_GDP_PCAP_CD,GRD,_T,_T,_T,_Z,_Z,_Z,2017,A,USD,NA
36779.00789,P1Y,0,NA,A,PU,_Z,2,NA,NA,FALSE,WB_WDI,WB_WDI_NY_GDP_PCAP_CD,GUM,_T,_T,_T,_Z,_Z,_Z,2017,A,USD,NA
4324.997689,P1Y,0,NA,A,PU,_Z,2,NA,NA,FALSE,WB_WDI,WB_WDI_NY_GDP_PCAP_CD,GTM,_T,_T,_T,_Z,_Z,_Z,2017,A,USD,NA
833.598622,P1Y,0,NA,A,PU,_Z,2,NA,NA,FALSE,WB_WDI,WB_WDI_NY_GDP_PCAP_CD,GIN,_T,_T,_T,_Z,_Z,_Z,2017,A,USD,NA
783.123187,P1Y,0,NA,A,PU,_Z,2,NA,NA,FALSE,WB_WDI,WB_WDI_NY_GDP_PCAP_CD,GNB,_T,_T,_T,_Z,_Z,_Z,2017,A,USD,NA
6178.665044,P1Y,0,NA,A,PU,_Z,2,NA,NA,FALSE,WB_WDI,WB_WDI_NY_GDP_PCAP_CD,GUY,_T,_T,_T,_Z,_Z,_Z,2017,A,USD,NA
1395.239452,P1Y,0,NA,A,PU,_Z,2,NA,NA,FALSE,WB_WDI,WB_WDI_NY_GDP_PCAP_CD,HTI,_T,_T,_T,_Z,_Z,_Z,2017,A,USD,NA
2413.007656,P1Y,0,NA,A,PU,_Z,2,NA,NA,FALSE,WB_WDI,WB_WDI_NY_GDP_PCAP_CD,HND,_T,_T,_T,_Z,_Z,_Z,2017,A,USD,NA
46160.429791,P1Y,0,NA,A,PU,_Z,2,NA,NA,FALSE,WB_WDI,WB_WDI_NY_GDP_PCAP_CD,HKG,_T,_T,_T,_Z,_Z,_Z,2017,A,USD,NA
14736.166816,P1Y,0,NA,A,PU,_Z,2,NA,NA,FALSE,WB_WDI,WB_WDI_NY_GDP_PCAP_CD,HUN,_T,_T,_T,_Z,_Z,_Z,2017,A,USD,NA
72976.372999,P1Y,0,NA,A,PU,_Z,2,NA,NA,FALSE,WB_WDI,WB_WDI_NY_GDP_PCAP_CD,ISL,_T,_T,_T,_Z,_Z,_Z,2017,A,USD,NA
21304.97775,P1Y,0,NA,A,PU,_Z,2,NA,NA,FALSE,WB_WDI,WB_WDI_NY_GDP_PCAP_CD,TTO,_T,_T,_T,_Z,_Z,_Z,2013,A,USD,NA
4369.793458,P1Y,0,NA,A,PU,_Z,2,NA,NA,FALSE,WB_WDI,WB_WDI_NY_GDP_PCAP_CD,TUN,_T,_T,_T,_Z,_Z,_Z,2013,A,USD,NA
12635.557002,P1Y,0,NA,A,PU,_Z,2,NA,NA,FALSE,WB_WDI,WB_WDI_NY_GDP_PCAP_CD,TUR,_T,_T,_T,_Z,_Z,_Z,2013,A,USD,NA
6599.645291,P1Y,0,NA,A,PU,_Z,2,NA,NA,FALSE,WB_WDI,WB_WDI_NY_GDP_PCAP_CD,TKM,_T,_T,_T,_Z,_Z,_Z,2013,A,USD,NA
25653.819867,P1Y,0,NA,A,PU,_Z,2,NA,NA,FALSE,WB_WDI,WB_WDI_NY_GDP_PCAP_CD,TCA,_T,_T,_T,_Z,_Z,_Z,2013,A,USD,NA
3510.216401,P1Y,0,NA,A,PU,_Z,2,NA,NA,FALSE,WB_WDI,WB_WDI_NY_GDP_PCAP_CD,TUV,_T,_T,_T,_Z,_Z,_Z,2013,A,USD,NA
818.285427,P1Y,0,NA,A,PU,_Z,2,NA,NA,FALSE,WB_WDI,WB_WDI_NY_GDP_PCAP_CD,UGA,_T,_T,_T,_Z,_Z,_Z,2013,A,USD,NA
4129.896973,P1Y,0,NA,A,PU,_Z,2,NA,NA,FALSE,WB_WDI,WB_WDI_NY_GDP_PCAP_CD,UKR,_T,_T,_T,_Z,_Z,_Z,2013,A,USD,NA
53247.227875,P1Y,0,NA,A,PU,_Z,2,NA,NA,FALSE,WB_WDI,WB_WDI_NY_GDP_PCAP_CD,ARE,_T,_T,_T,_Z,_Z,_Z,2013,A,USD,NA
43607.663683,P1Y,0,NA,A,PU,_Z,2,NA,NA,FALSE,WB_WDI,WB_WDI_NY_GDP_PCAP_CD,GBR,_T,_T,_T,_Z,_Z,_Z,2013,A,USD,NA
53297.38629,P1Y,0,NA,A,PU,_Z,2,NA,NA,FALSE,WB_WDI,WB_WDI_NY_GDP_PCAP_CD,USA,_T,_T,_T,_Z,_Z,_Z,2013,A,USD,NA
18335.259477,P1Y,0,NA,A,PU,_Z,2,NA,NA,FALSE,WB_WDI,WB_WDI_NY_GDP_PCAP_CD,URY,_T,_T,_T,_Z,_Z,_Z,2013,A,USD,NA
565.56973,P1Y,0,NA,A,PU,_Z,2,NA,NA,FALSE,WB_WDI,WB_WDI_NY_GDP_PCAP_CD,AFG,_T,_T,_T,_Z,_Z,_Z,2015,A,USD,NA
4199.539129,P1Y,0,NA,A,PU,_Z,2,NA,NA,FALSE,WB_WDI,WB_WDI_NY_GDP_PCAP_CD,ALB,_T,_T,_T,_Z,_Z,_Z,2015,A,USD,NA
4685.059027,P1Y,0,NA,A,PU,_Z,2,NA,NA,FALSE,WB_WDI,WB_WDI_NY_GDP_PCAP_CD,DZA,_T,_T,_T,_Z,_Z,_Z,2015,A,USD,NA
12727.410265,P1Y,0,NA,A,PU,_Z,2,NA,NA,FALSE,WB_WDI,WB_WDI_NY_GDP_PCAP_CD,ASM,_T,_T,_T,_Z,_Z,_Z,2015,A,USD,NA
38654.934722,P1Y,0,NA,A,PU,_Z,2,NA,NA,FALSE,WB_WDI,WB_WDI_NY_GDP_PCAP_CD,AND,_T,_T,_T,_Z,_Z,_Z,2015,A,USD,NA
3641.728939,P1Y,0,NA,A,PU,_Z,2,NA,NA,FALSE,WB_WDI,WB_WDI_NY_GDP_PCAP_CD,AGO,_T,_T,_T,_Z,_Z,_Z,2015,A,USD,NA
16077.634077,P1Y,0,NA,A,PU,_Z,2,NA,NA,FALSE,WB_WDI,WB_WDI_NY_GDP_PCAP_CD,ATG,_T,_T,_T,_Z,_Z,_Z,2015,A,USD,NA
13679.626498,P1Y,0,NA,A,PU,_Z,2,NA,NA,FALSE,WB_WDI,WB_WDI_NY_GDP_PCAP_CD,ARG,_T,_T,_T,_Z,_Z,_Z,2015,A,USD,NA
3512.393503,P1Y,0,NA,A,PU,_Z,2,NA,NA,FALSE,WB_WDI,WB_WDI_NY_GDP_PCAP_CD,ARM,_T,_T,_T,_Z,_Z,_Z,2015,A,USD,NA
27458.220154,P1Y,0,NA,A,PU,_Z,2,NA,NA,FALSE,WB_WDI,WB_WDI_NY_GDP_PCAP_CD,ABW,_T,_T,_T,_Z,_Z,_Z,2015,A,USD,NA
56970.361303,P1Y,0,NA,A,PU,_Z,2,NA,NA,FALSE,WB_WDI,WB_WDI_NY_GDP_PCAP_CD,AUS,_T,_T,_T,_Z,_Z,_Z,2015,A,USD,NA
43915.228021,P1Y,0,NA,A,PU,_Z,2,NA,NA,FALSE,WB_WDI,WB_WDI_NY_GDP_PCAP_CD,AUT,_T,_T,_T,_Z,_Z,_Z,2015,A,USD,NA
7705.407172,P1Y,0,NA,A,PU,_Z,2,NA,NA,FALSE,WB_WDI,WB_WDI_NY_GDP_PCAP_CD,DMA,_T,_T,_T,_Z,_Z,_Z,2011,A,USD,NA
5826.510141,P1Y,0,NA,A,PU,_Z,2,NA,NA,FALSE,WB_WDI,WB_WDI_NY_GDP_PCAP_CD,DOM,_T,_T,_T,_Z,_Z,_Z,2011,A,USD,NA
5153.691642,P1Y,0,NA,A,PU,_Z,2,NA,NA,FALSE,WB_WDI,WB_WDI_NY_GDP_PCAP_CD,ECU,_T,_T,_T,_Z,_Z,_Z,2011,A,USD,NA
2590.643849,P1Y,0,NA,A,PU,_Z,2,NA,NA,FALSE,WB_WDI,WB_WDI_NY_GDP_PCAP_CD,EGY,_T,_T,_T,_Z,_Z,_Z,2011,A,USD,NA
3330.600495,P1Y,0,NA,A,PU,_Z,2,NA,NA,FALSE,WB_WDI,WB_WDI_NY_GDP_PCAP_CD,SLV,_T,_T,_T,_Z,_Z,_Z,2011,A,USD,NA
17198.213667,P1Y,0,NA,A,PU,_Z,2,NA,NA,FALSE,WB_WDI,WB_WDI_NY_GDP_PCAP_CD,GNQ,_T,_T,_T,_Z,_Z,_Z,2011,A,USD,NA
688.68166,P1Y,0,NA,A,PU,_Z,2,NA,NA,TRUE,WB_WDI,WB_WDI_NY_GDP_PCAP_CD,ERI,_T,_T,_T,_Z,_Z,_Z,2011,A,USD,NA
17555.545524,P1Y,0,NA,A,PU,_Z,2,NA,NA,FALSE,WB_WDI,WB_WDI_NY_GDP_PCAP_CD,EST,_T,_T,_T,_Z,_Z,_Z,2011,A,USD,NA
4225.060494,P1Y,0,NA,A,PU,_Z,2,NA,NA,FALSE,WB_WDI,WB_WDI_NY_GDP_PCAP_CD,SWZ,_T,_T,_T,_Z,_Z,_Z,2011,A,USD,NA
343.024942,P1Y,0,NA,A,PU,_Z,2,NA,NA,FALSE,WB_WDI,WB_WDI_NY_GDP_PCAP_CD,ETH,_T,_T,_T,_Z,_Z,_Z,2011,A,USD,NA
51620.054165,P1Y,0,NA,A,PU,_Z,2,NA,NA,FALSE,WB_WDI,WB_WDI_NY_GDP_PCAP_CD,FRO,_T,_T,_T,_Z,_Z,_Z,2011,A,USD,NA
4139.602886,P1Y,0,NA,A,PU,_Z,2,NA,NA,FALSE,WB_WDI,WB_WDI_NY_GDP_PCAP_CD,FJI,_T,_T,_T,_Z,_Z,_Z,2011,A,USD,NA
8025.687434,P1Y,0,NA,A,PU,_Z,2,NA,NA,FALSE,WB_WDI,WB_WDI_NY_GDP_PCAP_CD,IRN,_T,_T,_T,_Z,_Z,_Z,2011,A,USD,NA
5775.542291,P1Y,0,NA,A,PU,_Z,2,NA,NA,FALSE,WB_WDI,WB_WDI_NY_GDP_PCAP_CD,IRQ,_T,_T,_T,_Z,_Z,_Z,2011,A,USD,NA
52613.854036,P1Y,0,NA,A,PU,_Z,2,NA,NA,FALSE,WB_WDI,WB_WDI_NY_GDP_PCAP_CD,IRL,_T,_T,_T,_Z,_Z,_Z,2011,A,USD,NA
77808.857965,P1Y,0,NA,A,PU,_Z,2,NA,NA,FALSE,WB_WDI,WB_WDI_NY_GDP_PCAP_CD,IMN,_T,_T,_T,_Z,_Z,_Z,2011,A,USD,NA
34476.725207,P1Y,0,NA,A,PU,_Z,2,NA,NA,FALSE,WB_WDI,WB_WDI_NY_GDP_PCAP_CD,ISR,_T,_T,_T,_Z,_Z,_Z,2011,A,USD,NA
38432.374282,P1Y,0,NA,A,PU,_Z,2,NA,NA,FALSE,WB_WDI,WB_WDI_NY_GDP_PCAP_CD,ITA,_T,_T,_T,_Z,_Z,_Z,2011,A,USD,NA
5232.636449,P1Y,0,NA,A,PU,_Z,2,NA,NA,FALSE,WB_WDI,WB_WDI_NY_GDP_PCAP_CD,JAM,_T,_T,_T,_Z,_Z,_Z,2011,A,USD,NA
49122.077634,P1Y,0,NA,A,PU,_Z,2,NA,NA,FALSE,WB_WDI,WB_WDI_NY_GDP_PCAP_CD,JPN,_T,_T,_T,_Z,_Z,_Z,2011,A,USD,NA
4363.428002,P1Y,0,NA,A,PU,_Z,2,NA,NA,FALSE,WB_WDI,WB_WDI_NY_GDP_PCAP_CD,JOR,_T,_T,_T,_Z,_Z,_Z,2011,A,USD,NA
11287.146493,P1Y,0,NA,A,PU,_Z,2,NA,NA,FALSE,WB_WDI,WB_WDI_NY_GDP_PCAP_CD,KAZ,_T,_T,_T,_Z,_Z,_Z,2011,A,USD,NA
1096.144998,P1Y,0,NA,A,PU,_Z,2,NA,NA,FALSE,WB_WDI,WB_WDI_NY_GDP_PCAP_CD,KEN,_T,_T,_T,_Z,_Z,_Z,2011,A,USD,NA
1771.129268,P1Y,0,NA,A,PU,_Z,2,NA,NA,FALSE,WB_WDI,WB_WDI_NY_GDP_PCAP_CD,KIR,_T,_T,_T,_Z,_Z,_Z,2011,A,USD,NA
682.919305,P1Y,0,NA,A,PU,_Z,2,NA,NA,FALSE,WB_WDI,WB_WDI_NY_GDP_PCAP_CD,LIC,_T,_T,_T,_Z,_Z,_Z,2009,A,USD,NA
1349.050818,P1Y,0,NA,A,PU,_Z,2,NA,NA,FALSE,WB_WDI,WB_WDI_NY_GDP_PCAP_CD,LMC,_T,_T,_T,_Z,_Z,_Z,2009,A,USD,NA
4261.001047,P1Y,0,NA,A,PU,_Z,2,NA,NA,FALSE,WB_WDI,WB_WDI_NY_GDP_PCAP_CD,MEA,_T,_T,_T,_Z,_Z,_Z,2009,A,USD,NA
2515.923569,P1Y,0,NA,A,PU,_Z,2,NA,NA,FALSE,WB_WDI,WB_WDI_NY_GDP_PCAP_CD,MNA,_T,_T,_T,_Z,_Z,_Z,2009,A,USD,NA
2518.053778,P1Y,0,NA,A,PU,_Z,2,NA,NA,FALSE,WB_WDI,WB_WDI_NY_GDP_PCAP_CD,TMN,_T,_T,_T,_Z,_Z,_Z,2009,A,USD,NA
3047.407892,P1Y,0,NA,A,PU,_Z,2,NA,NA,FALSE,WB_WDI,WB_WDI_NY_GDP_PCAP_CD,MIC,_T,_T,_T,_Z,_Z,_Z,2009,A,USD,NA
46581.42004,P1Y,0,NA,A,PU,_Z,2,NA,NA,FALSE,WB_WDI,WB_WDI_NY_GDP_PCAP_CD,NAC,_T,_T,_T,_Z,_Z,_Z,2009,A,USD,NA
33797.327,P1Y,0,NA,A,PU,_Z,2,NA,NA,FALSE,WB_WDI,WB_WDI_NY_GDP_PCAP_CD,OED,_T,_T,_T,_Z,_Z,_Z,2009,A,USD,NA
9814.080087,P1Y,0,NA,A,PU,_Z,2,NA,NA,FALSE,WB_WDI,WB_WDI_NY_GDP_PCAP_CD,OSS,_T,_T,_T,_Z,_Z,_Z,2009,A,USD,NA
2666.871952,P1Y,0,NA,A,PU,_Z,2,NA,NA,FALSE,WB_WDI,WB_WDI_NY_GDP_PCAP_CD,PSS,_T,_T,_T,_Z,_Z,_Z,2009,A,USD,NA
38399.576643,P1Y,0,NA,A,PU,_Z,2,NA,NA,FALSE,WB_WDI,WB_WDI_NY_GDP_PCAP_CD,PST,_T,_T,_T,_Z,_Z,_Z,2009,A,USD,NA
1253.051475,P1Y,0,NA,A,PU,_Z,2,NA,NA,FALSE,WB_WDI,WB_WDI_NY_GDP_PCAP_CD,PRE,_T,_T,_T,_Z,_Z,_Z,2009,A,USD,NA
9299.408693,P1Y,0,NA,A,PU,_Z,2,NA,NA,FALSE,WB_WDI,WB_WDI_NY_GDP_PCAP_CD,SST,_T,_T,_T,_Z,_Z,_Z,2009,A,USD,NA
1054.435559,P1Y,0,NA,A,PU,_Z,2,NA,NA,FALSE,WB_WDI,WB_WDI_NY_GDP_PCAP_CD,SAS,_T,_T,_T,_Z,_Z,_Z,2009,A,USD,NA
1168.926993,P1Y,0,NA,A,PU,_Z,2,NA,NA,FALSE,WB_WDI,WB_WDI_NY_GDP_PCAP_CD,BEN,_T,_T,_T,_Z,_Z,_Z,2013,A,USD,NA
101704.407462,P1Y,0,NA,A,PU,_Z,2,NA,NA,FALSE,WB_WDI,WB_WDI_NY_GDP_PCAP_CD,BMU,_T,_T,_T,_Z,_Z,_Z,2013,A,USD,NA
2679.952172,P1Y,0,NA,A,PU,_Z,2,NA,NA,FALSE,WB_WDI,WB_WDI_NY_GDP_PCAP_CD,BTN,_T,_T,_T,_Z,_Z,_Z,2013,A,USD,NA
2870.02377,P1Y,0,NA,A,PU,_Z,2,NA,NA,FALSE,WB_WDI,WB_WDI_NY_GDP_PCAP_CD,BOL,_T,_T,_T,_Z,_Z,_Z,2013,A,USD,NA
5034.566348,P1Y,0,NA,A,PU,_Z,2,NA,NA,FALSE,WB_WDI,WB_WDI_NY_GDP_PCAP_CD,BIH,_T,_T,_T,_Z,_Z,_Z,2013,A,USD,NA
6666.912196,P1Y,0,NA,A,PU,_Z,2,NA,NA,FALSE,WB_WDI,WB_WDI_NY_GDP_PCAP_CD,BWA,_T,_T,_T,_Z,_Z,_Z,2013,A,USD,NA
12458.891214,P1Y,0,NA,A,PU,_Z,2,NA,NA,FALSE,WB_WDI,WB_WDI_NY_GDP_PCAP_CD,BRA,_T,_T,_T,_Z,_Z,_Z,2013,A,USD,NA
44003.064427,P1Y,0,NA,A,PU,_Z,2,NA,NA,FALSE,WB_WDI,WB_WDI_NY_GDP_PCAP_CD,BRN,_T,_T,_T,_Z,_Z,_Z,2013,A,USD,NA
7796.379452,P1Y,0,NA,A,PU,_Z,2,NA,NA,FALSE,WB_WDI,WB_WDI_NY_GDP_PCAP_CD,BGR,_T,_T,_T,_Z,_Z,_Z,2013,A,USD,NA
759.762065,P1Y,0,NA,A,PU,_Z,2,NA,NA,FALSE,WB_WDI,WB_WDI_NY_GDP_PCAP_CD,BFA,_T,_T,_T,_Z,_Z,_Z,2013,A,USD,NA
9324.242323,P1Y,0,NA,A,PU,_Z,2,NA,NA,FALSE,WB_WDI,WB_WDI_NY_GDP_PCAP_CD,MUS,_T,_T,_T,_Z,_Z,_Z,2011,A,USD,NA
10664.494403,P1Y,0,NA,A,PU,_Z,2,NA,NA,FALSE,WB_WDI,WB_WDI_NY_GDP_PCAP_CD,MEX,_T,_T,_T,_Z,_Z,_Z,2011,A,USD,NA
2859.848837,P1Y,0,NA,A,PU,_Z,2,NA,NA,FALSE,WB_WDI,WB_WDI_NY_GDP_PCAP_CD,FSM,_T,_T,_T,_Z,_Z,_Z,2011,A,USD,NA
2941.362241,P1Y,0,NA,A,PU,_Z,2,NA,NA,FALSE,WB_WDI,WB_WDI_NY_GDP_PCAP_CD,MDA,_T,_T,_T,_Z,_Z,_Z,2011,A,USD,NA
179364.009524,P1Y,0,NA,A,PU,_Z,2,NA,NA,FALSE,WB_WDI,WB_WDI_NY_GDP_PCAP_CD,MCO,_T,_T,_T,_Z,_Z,_Z,2011,A,USD,NA
3736.042015,P1Y,0,NA,A,PU,_Z,2,NA,NA,FALSE,WB_WDI,WB_WDI_NY_GDP_PCAP_CD,MNG,_T,_T,_T,_Z,_Z,_Z,2011,A,USD,NA
7265.517712,P1Y,0,NA,A,PU,_Z,2,NA,NA,FALSE,WB_WDI,WB_WDI_NY_GDP_PCAP_CD,MNE,_T,_T,_T,_Z,_Z,_Z,2011,A,USD,NA
3301.98877,P1Y,0,NA,A,PU,_Z,2,NA,NA,FALSE,WB_WDI,WB_WDI_NY_GDP_PCAP_CD,MAR,_T,_T,_T,_Z,_Z,_Z,2011,A,USD,NA
618.176493,P1Y,0,NA,A,PU,_Z,2,NA,NA,FALSE,WB_WDI,WB_WDI_NY_GDP_PCAP_CD,MOZ,_T,_T,_T,_Z,_Z,_Z,2011,A,USD,NA
1213.628987,P1Y,0,NA,A,PU,_Z,2,NA,NA,FALSE,WB_WDI,WB_WDI_NY_GDP_PCAP_CD,MMR,_T,_T,_T,_Z,_Z,_Z,2011,A,USD,NA
5834.791768,P1Y,0,NA,A,PU,_Z,2,NA,NA,FALSE,WB_WDI,WB_WDI_NY_GDP_PCAP_CD,NAM,_T,_T,_T,_Z,_Z,_Z,2011,A,USD,NA
6444.036421,P1Y,0,NA,A,PU,_Z,2,NA,NA,FALSE,WB_WDI,WB_WDI_NY_GDP_PCAP_CD,NRU,_T,_T,_T,_Z,_Z,_Z,2011,A,USD,NA
14262.284191,P1Y,0,NA,A,PU,_Z,2,NA,NA,FALSE,WB_WDI,WB_WDI_NY_GDP_PCAP_CD,POL,_T,_T,_T,_Z,_Z,_Z,2014,A,USD,NA
22120.685013,P1Y,0,NA,A,PU,_Z,2,NA,NA,FALSE,WB_WDI,WB_WDI_NY_GDP_PCAP_CD,PRT,_T,_T,_T,_Z,_Z,_Z,2014,A,USD,NA
28576.098802,P1Y,0,NA,A,PU,_Z,2,NA,NA,FALSE,WB_WDI,WB_WDI_NY_GDP_PCAP_CD,PRI,_T,_T,_T,_Z,_Z,_Z,2014,A,USD,NA
95840.631009,P1Y,0,NA,A,PU,_Z,2,NA,NA,FALSE,WB_WDI,WB_WDI_NY_GDP_PCAP_CD,QAT,_T,_T,_T,_Z,_Z,_Z,2014,A,USD,NA
10031.771076,P1Y,0,NA,A,PU,_Z,2,NA,NA,FALSE,WB_WDI,WB_WDI_NY_GDP_PCAP_CD,ROU,_T,_T,_T,_Z,_Z,_Z,2014,A,USD,NA
14055.472656,P1Y,0,NA,A,PU,_Z,2,NA,NA,FALSE,WB_WDI,WB_WDI_NY_GDP_PCAP_CD,RUS,_T,_T,_T,_Z,_Z,_Z,2014,A,USD,NA
715.368088,P1Y,0,NA,A,PU,_Z,2,NA,NA,FALSE,WB_WDI,WB_WDI_NY_GDP_PCAP_CD,RWA,_T,_T,_T,_Z,_Z,_Z,2014,A,USD,NA
3982.680802,P1Y,0,NA,A,PU,_Z,2,NA,NA,FALSE,WB_WDI,WB_WDI_NY_GDP_PCAP_CD,WSM,_T,_T,_T,_Z,_Z,_Z,2014,A,USD,NA
51260.480424,P1Y,0,NA,A,PU,_Z,2,NA,NA,FALSE,WB_WDI,WB_WDI_NY_GDP_PCAP_CD,SMR,_T,_T,_T,_Z,_Z,_Z,2014,A,USD,NA
1489.676334,P1Y,0,NA,A,PU,_Z,2,NA,NA,FALSE,WB_WDI,WB_WDI_NY_GDP_PCAP_CD,STP,_T,_T,_T,_Z,_Z,_Z,2014,A,USD,NA
27805.485032,P1Y,0,NA,A,PU,_Z,2,NA,NA,FALSE,WB_WDI,WB_WDI_NY_GDP_PCAP_CD,SAU,_T,_T,_T,_Z,_Z,_Z,2014,A,USD,NA
5762.210233,P1Y,0,NA,A,PU,_Z,2,NA,NA,FALSE,WB_WDI,WB_WDI_NY_GDP_PCAP_CD,BLZ,_T,_T,_T,_Z,_Z,_Z,2007,A,USD,NA
912.338247,P1Y,0,NA,A,PU,_Z,2,NA,NA,FALSE,WB_WDI,WB_WDI_NY_GDP_PCAP_CD,BEN,_T,_T,_T,_Z,_Z,_Z,2007,A,USD,NA
107395.651484,P1Y,0,NA,A,PU,_Z,2,NA,NA,FALSE,WB_WDI,WB_WDI_NY_GDP_PCAP_CD,BMU,_T,_T,_T,_Z,_Z,_Z,2007,A,USD,NA
1850.415704,P1Y,0,NA,A,PU,_Z,2,NA,NA,FALSE,WB_WDI,WB_WDI_NY_GDP_PCAP_CD,BTN,_T,_T,_T,_Z,_Z,_Z,2007,A,USD,NA
1354.549059,P1Y,0,NA,A,PU,_Z,2,NA,NA,FALSE,WB_WDI,WB_WDI_NY_GDP_PCAP_CD,BOL,_T,_T,_T,_Z,_Z,_Z,2007,A,USD,NA
3931.489487,P1Y,0,NA,A,PU,_Z,2,NA,NA,FALSE,WB_WDI,WB_WDI_NY_GDP_PCAP_CD,BIH,_T,_T,_T,_Z,_Z,_Z,2007,A,USD,NA
5529.125746,P1Y,0,NA,A,PU,_Z,2,NA,NA,FALSE,WB_WDI,WB_WDI_NY_GDP_PCAP_CD,BWA,_T,_T,_T,_Z,_Z,_Z,2007,A,USD,NA
7409.691307,P1Y,0,NA,A,PU,_Z,2,NA,NA,FALSE,WB_WDI,WB_WDI_NY_GDP_PCAP_CD,BRA,_T,_T,_T,_Z,_Z,_Z,2007,A,USD,NA
36217.329071,P1Y,0,NA,A,PU,_Z,2,NA,NA,FALSE,WB_WDI,WB_WDI_NY_GDP_PCAP_CD,BRN,_T,_T,_T,_Z,_Z,_Z,2007,A,USD,NA
5888.870946,P1Y,0,NA,A,PU,_Z,2,NA,NA,FALSE,WB_WDI,WB_WDI_NY_GDP_PCAP_CD,BGR,_T,_T,_T,_Z,_Z,_Z,2007,A,USD,NA
514.684451,P1Y,0,NA,A,PU,_Z,2,NA,NA,FALSE,WB_WDI,WB_WDI_NY_GDP_PCAP_CD,BFA,_T,_T,_T,_Z,_Z,_Z,2007,A,USD,NA
23800.001441,P1Y,0,NA,A,PU,_Z,2,NA,NA,FALSE,WB_WDI,WB_WDI_NY_GDP_PCAP_CD,BHR,_T,_T,_T,_Z,_Z,_Z,2016,A,USD,NA
1649.283809,P1Y,0,NA,A,PU,_Z,2,NA,NA,FALSE,WB_WDI,WB_WDI_NY_GDP_PCAP_CD,BGD,_T,_T,_T,_Z,_Z,_Z,2016,A,USD,NA
20311.409416,P1Y,0,NA,A,PU,_Z,2,NA,NA,FALSE,WB_WDI,WB_WDI_NY_GDP_PCAP_CD,BRB,_T,_T,_T,_Z,_Z,_Z,2016,A,USD,NA
5039.775609,P1Y,0,NA,A,PU,_Z,2,NA,NA,FALSE,WB_WDI,WB_WDI_NY_GDP_PCAP_CD,BLR,_T,_T,_T,_Z,_Z,_Z,2016,A,USD,NA
41854.54983,P1Y,0,NA,A,PU,_Z,2,NA,NA,FALSE,WB_WDI,WB_WDI_NY_GDP_PCAP_CD,BEL,_T,_T,_T,_Z,_Z,_Z,2016,A,USD,NA
6140.867139,P1Y,0,NA,A,PU,_Z,2,NA,NA,FALSE,WB_WDI,WB_WDI_NY_GDP_PCAP_CD,BLZ,_T,_T,_T,_Z,_Z,_Z,2016,A,USD,NA
1010.533896,P1Y,0,NA,A,PU,_Z,2,NA,NA,FALSE,WB_WDI,WB_WDI_NY_GDP_PCAP_CD,BEN,_T,_T,_T,_Z,_Z,_Z,2016,A,USD,NA
108747.356144,P1Y,0,NA,A,PU,_Z,2,NA,NA,FALSE,WB_WDI,WB_WDI_NY_GDP_PCAP_CD,BMU,_T,_T,_T,_Z,_Z,_Z,2016,A,USD,NA
3152.309051,P1Y,0,NA,A,PU,_Z,2,NA,NA,FALSE,WB_WDI,WB_WDI_NY_GDP_PCAP_CD,BTN,_T,_T,_T,_Z,_Z,_Z,2016,A,USD,NA
3035.873477,P1Y,0,NA,A,PU,_Z,2,NA,NA,FALSE,WB_WDI,WB_WDI_NY_GDP_PCAP_CD,BOL,_T,_T,_T,_Z,_Z,_Z,2016,A,USD,NA
53769.472624,P1Y,0,NA,A,PU,_Z,2,NA,NA,FALSE,WB_WDI,WB_WDI_NY_GDP_PCAP_CD,FIN,_T,_T,_T,_Z,_Z,_Z,2008,A,USD,NA
45464.818139,P1Y,0,NA,A,PU,_Z,2,NA,NA,FALSE,WB_WDI,WB_WDI_NY_GDP_PCAP_CD,FRA,_T,_T,_T,_Z,_Z,_Z,2008,A,USD,NA
26592.026284,P1Y,0,NA,A,PU,_Z,2,NA,NA,FALSE,WB_WDI,WB_WDI_NY_GDP_PCAP_CD,PYF,_T,_T,_T,_Z,_Z,_Z,2008,A,USD,NA
9688.645197,P1Y,0,NA,A,PU,_Z,2,NA,NA,FALSE,WB_WDI,WB_WDI_NY_GDP_PCAP_CD,GAB,_T,_T,_T,_Z,_Z,_Z,2008,A,USD,NA
859.127671,P1Y,0,NA,A,PU,_Z,2,NA,NA,FALSE,WB_WDI,WB_WDI_NY_GDP_PCAP_CD,GMB,_T,_T,_T,_Z,_Z,_Z,2008,A,USD,NA
3324.753721,P1Y,0,NA,A,PU,_Z,2,NA,NA,FALSE,WB_WDI,WB_WDI_NY_GDP_PCAP_CD,GEO,_T,_T,_T,_Z,_Z,_Z,2008,A,USD,NA
46379.164795,P1Y,0,NA,A,PU,_Z,2,NA,NA,FALSE,WB_WDI,WB_WDI_NY_GDP_PCAP_CD,DEU,_T,_T,_T,_Z,_Z,_Z,2008,A,USD,NA
1182.657613,P1Y,0,NA,A,PU,_Z,2,NA,NA,FALSE,WB_WDI,WB_WDI_NY_GDP_PCAP_CD,GHA,_T,_T,_T,_Z,_Z,_Z,2008,A,USD,NA
31695.833109,P1Y,0,NA,A,PU,_Z,2,NA,NA,FALSE,WB_WDI,WB_WDI_NY_GDP_PCAP_CD,GRC,_T,_T,_T,_Z,_Z,_Z,2008,A,USD,NA
44366.785869,P1Y,0,NA,A,PU,_Z,2,NA,NA,FALSE,WB_WDI,WB_WDI_NY_GDP_PCAP_CD,GRL,_T,_T,_T,_Z,_Z,_Z,2008,A,USD,NA
7448.204056,P1Y,0,NA,A,PU,_Z,2,NA,NA,FALSE,WB_WDI,WB_WDI_NY_GDP_PCAP_CD,GRD,_T,_T,_T,_Z,_Z,_Z,2008,A,USD,NA
28112.231657,P1Y,0,NA,A,PU,_Z,2,NA,NA,FALSE,WB_WDI,WB_WDI_NY_GDP_PCAP_CD,GUM,_T,_T,_T,_Z,_Z,_Z,2008,A,USD,NA
2763.059882,P1Y,0,NA,A,PU,_Z,2,NA,NA,FALSE,WB_WDI,WB_WDI_NY_GDP_PCAP_CD,GTM,_T,_T,_T,_Z,_Z,_Z,2008,A,USD,NA
7528.51002,P1Y,0,NA,A,PU,_Z,2,NA,NA,FALSE,WB_WDI,WB_WDI_NY_GDP_PCAP_CD,DMA,_T,_T,_T,_Z,_Z,_Z,2012,A,USD,NA
6013.81965,P1Y,0,NA,A,PU,_Z,2,NA,NA,FALSE,WB_WDI,WB_WDI_NY_GDP_PCAP_CD,DOM,_T,_T,_T,_Z,_Z,_Z,2012,A,USD,NA
5634.083932,P1Y,0,NA,A,PU,_Z,2,NA,NA,FALSE,WB_WDI,WB_WDI_NY_GDP_PCAP_CD,ECU,_T,_T,_T,_Z,_Z,_Z,2012,A,USD,NA
2996.067707,P1Y,0,NA,A,PU,_Z,2,NA,NA,FALSE,WB_WDI,WB_WDI_NY_GDP_PCAP_CD,EGY,_T,_T,_T,_Z,_Z,_Z,2012,A,USD,NA
3497.912569,P1Y,0,NA,A,PU,_Z,2,NA,NA,FALSE,WB_WDI,WB_WDI_NY_GDP_PCAP_CD,SLV,_T,_T,_T,_Z,_Z,_Z,2012,A,USD,NA
17308.572392,P1Y,0,NA,A,PU,_Z,2,NA,NA,FALSE,WB_WDI,WB_WDI_NY_GDP_PCAP_CD,GNQ,_T,_T,_T,_Z,_Z,_Z,2012,A,USD,NA
17568.213797,P1Y,0,NA,A,PU,_Z,2,NA,NA,FALSE,WB_WDI,WB_WDI_NY_GDP_PCAP_CD,EST,_T,_T,_T,_Z,_Z,_Z,2012,A,USD,NA
4224.547892,P1Y,0,NA,A,PU,_Z,2,NA,NA,FALSE,WB_WDI,WB_WDI_NY_GDP_PCAP_CD,SWZ,_T,_T,_T,_Z,_Z,_Z,2012,A,USD,NA
452.101032,P1Y,0,NA,A,PU,_Z,2,NA,NA,FALSE,WB_WDI,WB_WDI_NY_GDP_PCAP_CD,ETH,_T,_T,_T,_Z,_Z,_Z,2012,A,USD,NA
50263.002463,P1Y,0,NA,A,PU,_Z,2,NA,NA,FALSE,WB_WDI,WB_WDI_NY_GDP_PCAP_CD,FRO,_T,_T,_T,_Z,_Z,_Z,2012,A,USD,NA
4341.403387,P1Y,0,NA,A,PU,_Z,2,NA,NA,FALSE,WB_WDI,WB_WDI_NY_GDP_PCAP_CD,FJI,_T,_T,_T,_Z,_Z,_Z,2012,A,USD,NA
4398.888288,P1Y,0,NA,A,PU,_Z,2,NA,NA,FALSE,WB_WDI,WB_WDI_NY_GDP_PCAP_CD,LKA,_T,_T,_T,_Z,_Z,_Z,2017,A,USD,NA
22464.989963,P1Y,0,NA,A,PU,_Z,2,NA,NA,FALSE,WB_WDI,WB_WDI_NY_GDP_PCAP_CD,KNA,_T,_T,_T,_Z,_Z,_Z,2017,A,USD,NA
11333.112382,P1Y,0,NA,A,PU,_Z,2,NA,NA,FALSE,WB_WDI,WB_WDI_NY_GDP_PCAP_CD,LCA,_T,_T,_T,_Z,_Z,_Z,2017,A,USD,NA
7988.04445,P1Y,0,NA,A,PU,_Z,2,NA,NA,FALSE,WB_WDI,WB_WDI_NY_GDP_PCAP_CD,VCT,_T,_T,_T,_Z,_Z,_Z,2017,A,USD,NA
966.505676,P1Y,0,NA,A,PU,_Z,2,NA,NA,FALSE,WB_WDI,WB_WDI_NY_GDP_PCAP_CD,SDN,_T,_T,_T,_Z,_Z,_Z,2017,A,USD,NA
6049.521286,P1Y,0,NA,A,PU,_Z,2,NA,NA,FALSE,WB_WDI,WB_WDI_NY_GDP_PCAP_CD,SUR,_T,_T,_T,_Z,_Z,_Z,2017,A,USD,NA
53210.223332,P1Y,0,NA,A,PU,_Z,2,NA,NA,FALSE,WB_WDI,WB_WDI_NY_GDP_PCAP_CD,SWE,_T,_T,_T,_Z,_Z,_Z,2017,A,USD,NA
83610.248611,P1Y,0,NA,A,PU,_Z,2,NA,NA,FALSE,WB_WDI,WB_WDI_NY_GDP_PCAP_CD,CHE,_T,_T,_T,_Z,_Z,_Z,2017,A,USD,NA
851.501973,P1Y,0,NA,A,PU,_Z,2,NA,NA,FALSE,WB_WDI,WB_WDI_NY_GDP_PCAP_CD,SYR,_T,_T,_T,_Z,_Z,_Z,2017,A,USD,NA
829.457148,P1Y,0,NA,A,PU,_Z,2,NA,NA,FALSE,WB_WDI,WB_WDI_NY_GDP_PCAP_CD,TJK,_T,_T,_T,_Z,_Z,_Z,2017,A,USD,NA
986.674011,P1Y,0,NA,A,PU,_Z,2,NA,NA,FALSE,WB_WDI,WB_WDI_NY_GDP_PCAP_CD,TZA,_T,_T,_T,_Z,_Z,_Z,2017,A,USD,NA
3632.27254,P1Y,0,NA,A,PU,_Z,2,NA,NA,FALSE,WB_WDI,WB_WDI_NY_GDP_PCAP_CD,IDN,_T,_T,_T,_Z,_Z,_Z,2012,A,USD,NA
8114.080998,P1Y,0,NA,A,PU,_Z,2,NA,NA,FALSE,WB_WDI,WB_WDI_NY_GDP_PCAP_CD,IRN,_T,_T,_T,_Z,_Z,_Z,2012,A,USD,NA
6477.596185,P1Y,0,NA,A,PU,_Z,2,NA,NA,FALSE,WB_WDI,WB_WDI_NY_GDP_PCAP_CD,IRQ,_T,_T,_T,_Z,_Z,_Z,2012,A,USD,NA
49335.84081,P1Y,0,NA,A,PU,_Z,2,NA,NA,FALSE,WB_WDI,WB_WDI_NY_GDP_PCAP_CD,IRL,_T,_T,_T,_Z,_Z,_Z,2012,A,USD,NA
79329.203435,P1Y,0,NA,A,PU,_Z,2,NA,NA,FALSE,WB_WDI,WB_WDI_NY_GDP_PCAP_CD,IMN,_T,_T,_T,_Z,_Z,_Z,2012,A,USD,NA
33268.706667,P1Y,0,NA,A,PU,_Z,2,NA,NA,FALSE,WB_WDI,WB_WDI_NY_GDP_PCAP_CD,ISR,_T,_T,_T,_Z,_Z,_Z,2012,A,USD,NA
34854.394944,P1Y,0,NA,A,PU,_Z,2,NA,NA,FALSE,WB_WDI,WB_WDI_NY_GDP_PCAP_CD,ITA,_T,_T,_T,_Z,_Z,_Z,2012,A,USD,NA
5340.833332,P1Y,0,NA,A,PU,_Z,2,NA,NA,FALSE,WB_WDI,WB_WDI_NY_GDP_PCAP_CD,JAM,_T,_T,_T,_Z,_Z,_Z,2012,A,USD,NA
49626.683033,P1Y,0,NA,A,PU,_Z,2,NA,NA,FALSE,WB_WDI,WB_WDI_NY_GDP_PCAP_CD,JPN,_T,_T,_T,_Z,_Z,_Z,2012,A,USD,NA
4593.836097,P1Y,0,NA,A,PU,_Z,2,NA,NA,FALSE,WB_WDI,WB_WDI_NY_GDP_PCAP_CD,JOR,_T,_T,_T,_Z,_Z,_Z,2012,A,USD,NA
12018.796653,P1Y,0,NA,A,PU,_Z,2,NA,NA,FALSE,WB_WDI,WB_WDI_NY_GDP_PCAP_CD,KAZ,_T,_T,_T,_Z,_Z,_Z,2012,A,USD,NA
1285.005362,P1Y,0,NA,A,PU,_Z,2,NA,NA,FALSE,WB_WDI,WB_WDI_NY_GDP_PCAP_CD,KEN,_T,_T,_T,_Z,_Z,_Z,2012,A,USD,NA
1862.595971,P1Y,0,NA,A,PU,_Z,2,NA,NA,FALSE,WB_WDI,WB_WDI_NY_GDP_PCAP_CD,CIV,_T,_T,_T,_Z,_Z,_Z,2016,A,USD,NA
12820.187275,P1Y,0,NA,A,PU,_Z,2,NA,NA,FALSE,WB_WDI,WB_WDI_NY_GDP_PCAP_CD,HRV,_T,_T,_T,_Z,_Z,_Z,2016,A,USD,NA
8110.558743,P1Y,0,NA,A,PU,_Z,2,NA,NA,FALSE,WB_WDI,WB_WDI_NY_GDP_PCAP_CD,CUB,_T,_T,_T,_Z,_Z,_Z,2016,A,USD,NA
18944.096149,P1Y,0,NA,A,PU,_Z,2,NA,NA,FALSE,WB_WDI,WB_WDI_NY_GDP_PCAP_CD,CUW,_T,_T,_T,_Z,_Z,_Z,2016,A,USD,NA
24280.044922,P1Y,0,NA,A,PU,_Z,2,NA,NA,FALSE,WB_WDI,WB_WDI_NY_GDP_PCAP_CD,CYP,_T,_T,_T,_Z,_Z,_Z,2016,A,USD,NA
18753.968672,P1Y,0,NA,A,PU,_Z,2,NA,NA,FALSE,WB_WDI,WB_WDI_NY_GDP_PCAP_CD,CZE,_T,_T,_T,_Z,_Z,_Z,2016,A,USD,NA
54500.926041,P1Y,0,NA,A,PU,_Z,2,NA,NA,FALSE,WB_WDI,WB_WDI_NY_GDP_PCAP_CD,DNK,_T,_T,_T,_Z,_Z,_Z,2016,A,USD,NA
2510.430008,P1Y,0,NA,A,PU,_Z,2,NA,NA,FALSE,WB_WDI,WB_WDI_NY_GDP_PCAP_CD,DJI,_T,_T,_T,_Z,_Z,_Z,2016,A,USD,NA
8802.56172,P1Y,0,NA,A,PU,_Z,2,NA,NA,FALSE,WB_WDI,WB_WDI_NY_GDP_PCAP_CD,DMA,_T,_T,_T,_Z,_Z,_Z,2016,A,USD,NA
7160.44201,P1Y,0,NA,A,PU,_Z,2,NA,NA,FALSE,WB_WDI,WB_WDI_NY_GDP_PCAP_CD,DOM,_T,_T,_T,_Z,_Z,_Z,2016,A,USD,NA
5917.637713,P1Y,0,NA,A,PU,_Z,2,NA,NA,FALSE,WB_WDI,WB_WDI_NY_GDP_PCAP_CD,ECU,_T,_T,_T,_Z,_Z,_Z,2016,A,USD,NA
3266.19695,P1Y,0,NA,A,PU,_Z,2,NA,NA,FALSE,WB_WDI,WB_WDI_NY_GDP_PCAP_CD,EAR,_T,_T,_T,_Z,_Z,_Z,2011,A,USD,NA
8976.494847,P1Y,0,NA,A,PU,_Z,2,NA,NA,FALSE,WB_WDI,WB_WDI_NY_GDP_PCAP_CD,EAS,_T,_T,_T,_Z,_Z,_Z,2011,A,USD,NA
4913.894554,P1Y,0,NA,A,PU,_Z,2,NA,NA,FALSE,WB_WDI,WB_WDI_NY_GDP_PCAP_CD,EAP,_T,_T,_T,_Z,_Z,_Z,2011,A,USD,NA
4970.504144,P1Y,0,NA,A,PU,_Z,2,NA,NA,FALSE,WB_WDI,WB_WDI_NY_GDP_PCAP_CD,TEA,_T,_T,_T,_Z,_Z,_Z,2011,A,USD,NA
39878.118404,P1Y,0,NA,A,PU,_Z,2,NA,NA,FALSE,WB_WDI,WB_WDI_NY_GDP_PCAP_CD,EMU,_T,_T,_T,_Z,_Z,_Z,2011,A,USD,NA
26273.044334,P1Y,0,NA,A,PU,_Z,2,NA,NA,FALSE,WB_WDI,WB_WDI_NY_GDP_PCAP_CD,ECS,_T,_T,_T,_Z,_Z,_Z,2011,A,USD,NA
6817.023661,P1Y,0,NA,A,PU,_Z,2,NA,NA,FALSE,WB_WDI,WB_WDI_NY_GDP_PCAP_CD,ECA,_T,_T,_T,_Z,_Z,_Z,2011,A,USD,NA
10044.904672,P1Y,0,NA,A,PU,_Z,2,NA,NA,FALSE,WB_WDI,WB_WDI_NY_GDP_PCAP_CD,TEC,_T,_T,_T,_Z,_Z,_Z,2011,A,USD,NA
35963.321807,P1Y,0,NA,A,PU,_Z,2,NA,NA,FALSE,WB_WDI,WB_WDI_NY_GDP_PCAP_CD,EUU,_T,_T,_T,_Z,_Z,_Z,2011,A,USD,NA
873.6501,P1Y,0,NA,A,PU,_Z,2,NA,NA,FALSE,WB_WDI,WB_WDI_NY_GDP_PCAP_CD,HPC,_T,_T,_T,_Z,_Z,_Z,2011,A,USD,NA
38837.327835,P1Y,0,NA,A,PU,_Z,2,NA,NA,FALSE,WB_WDI,WB_WDI_NY_GDP_PCAP_CD,HIC,_T,_T,_T,_Z,_Z,_Z,2011,A,USD,NA
5343.533974,P1Y,0,NA,A,PU,_Z,2,NA,NA,FALSE,WB_WDI,WB_WDI_NY_GDP_PCAP_CD,IBD,_T,_T,_T,_Z,_Z,_Z,2011,A,USD,NA
4326.075951,P1Y,0,NA,A,PU,_Z,2,NA,NA,FALSE,WB_WDI,WB_WDI_NY_GDP_PCAP_CD,IBT,_T,_T,_T,_Z,_Z,_Z,2011,A,USD,NA
68301.440251,P1Y,0,NA,A,PU,_Z,2,NA,NA,FALSE,WB_WDI,WB_WDI_NY_GDP_PCAP_CD,AUS,_T,_T,_T,_Z,_Z,_Z,2012,A,USD,NA
48250.405914,P1Y,0,NA,A,PU,_Z,2,NA,NA,FALSE,WB_WDI,WB_WDI_NY_GDP_PCAP_CD,AUT,_T,_T,_T,_Z,_Z,_Z,2012,A,USD,NA
7495.865277,P1Y,0,NA,A,PU,_Z,2,NA,NA,FALSE,WB_WDI,WB_WDI_NY_GDP_PCAP_CD,AZE,_T,_T,_T,_Z,_Z,_Z,2012,A,USD,NA
28552.024268,P1Y,0,NA,A,PU,_Z,2,NA,NA,FALSE,WB_WDI,WB_WDI_NY_GDP_PCAP_CD,BHS,_T,_T,_T,_Z,_Z,_Z,2012,A,USD,NA
26438.673323,P1Y,0,NA,A,PU,_Z,2,NA,NA,FALSE,WB_WDI,WB_WDI_NY_GDP_PCAP_CD,BHR,_T,_T,_T,_Z,_Z,_Z,2012,A,USD,NA
859.680536,P1Y,0,NA,A,PU,_Z,2,NA,NA,FALSE,WB_WDI,WB_WDI_NY_GDP_PCAP_CD,BGD,_T,_T,_T,_Z,_Z,_Z,2012,A,USD,NA
19811.295308,P1Y,0,NA,A,PU,_Z,2,NA,NA,FALSE,WB_WDI,WB_WDI_NY_GDP_PCAP_CD,BRB,_T,_T,_T,_Z,_Z,_Z,2012,A,USD,NA
6953.215917,P1Y,0,NA,A,PU,_Z,2,NA,NA,FALSE,WB_WDI,WB_WDI_NY_GDP_PCAP_CD,BLR,_T,_T,_T,_Z,_Z,_Z,2012,A,USD,NA
44874.170918,P1Y,0,NA,A,PU,_Z,2,NA,NA,FALSE,WB_WDI,WB_WDI_NY_GDP_PCAP_CD,BEL,_T,_T,_T,_Z,_Z,_Z,2012,A,USD,NA
5732.665199,P1Y,0,NA,A,PU,_Z,2,NA,NA,FALSE,WB_WDI,WB_WDI_NY_GDP_PCAP_CD,BLZ,_T,_T,_T,_Z,_Z,_Z,2012,A,USD,NA
1071.525837,P1Y,0,NA,A,PU,_Z,2,NA,NA,FALSE,WB_WDI,WB_WDI_NY_GDP_PCAP_CD,BEN,_T,_T,_T,_Z,_Z,_Z,2012,A,USD,NA
22320.488896,P1Y,0,NA,A,PU,_Z,2,NA,NA,FALSE,WB_WDI,WB_WDI_NY_GDP_PCAP_CD,SAU,_T,_T,_T,_Z,_Z,_Z,2008,A,USD,NA
1398.79218,P1Y,0,NA,A,PU,_Z,2,NA,NA,FALSE,WB_WDI,WB_WDI_NY_GDP_PCAP_CD,SEN,_T,_T,_T,_Z,_Z,_Z,2008,A,USD,NA
7376.735179,P1Y,0,NA,A,PU,_Z,2,NA,NA,FALSE,WB_WDI,WB_WDI_NY_GDP_PCAP_CD,SRB,_T,_T,_T,_Z,_Z,_Z,2008,A,USD,NA
11265.437627,P1Y,0,NA,A,PU,_Z,2,NA,NA,FALSE,WB_WDI,WB_WDI_NY_GDP_PCAP_CD,SYC,_T,_T,_T,_Z,_Z,_Z,2008,A,USD,NA
705.359014,P1Y,0,NA,A,PU,_Z,2,NA,NA,FALSE,WB_WDI,WB_WDI_NY_GDP_PCAP_CD,SLE,_T,_T,_T,_Z,_Z,_Z,2008,A,USD,NA
40008.572049,P1Y,0,NA,A,PU,_Z,2,NA,NA,FALSE,WB_WDI,WB_WDI_NY_GDP_PCAP_CD,SGP,_T,_T,_T,_Z,_Z,_Z,2008,A,USD,NA
17973.843644,P1Y,0,NA,A,PU,_Z,2,NA,NA,FALSE,WB_WDI,WB_WDI_NY_GDP_PCAP_CD,SVK,_T,_T,_T,_Z,_Z,_Z,2008,A,USD,NA
27461.976417,P1Y,0,NA,A,PU,_Z,2,NA,NA,FALSE,WB_WDI,WB_WDI_NY_GDP_PCAP_CD,SVN,_T,_T,_T,_Z,_Z,_Z,2008,A,USD,NA
1525.846663,P1Y,0,NA,A,PU,_Z,2,NA,NA,FALSE,WB_WDI,WB_WDI_NY_GDP_PCAP_CD,SLB,_T,_T,_T,_Z,_Z,_Z,2008,A,USD,NA
507.037443,P1Y,0,NA,A,PU,_Z,2,NA,NA,FALSE,WB_WDI,WB_WDI_NY_GDP_PCAP_CD,SOM,_T,_T,_T,_Z,_Z,_Z,2008,A,USD,NA
6184.754743,P1Y,0,NA,A,PU,_Z,2,NA,NA,FALSE,WB_WDI,WB_WDI_NY_GDP_PCAP_CD,ZAF,_T,_T,_T,_Z,_Z,_Z,2008,A,USD,NA
1654.211535,P1Y,0,NA,A,PU,_Z,2,NA,NA,FALSE,WB_WDI,WB_WDI_NY_GDP_PCAP_CD,SSD,_T,_T,_T,_Z,_Z,_Z,2008,A,USD,NA
30317.261177,P1Y,0,NA,A,PU,_Z,2,NA,NA,FALSE,WB_WDI,WB_WDI_NY_GDP_PCAP_CD,MLT,_T,_T,_T,_Z,_Z,_Z,2017,A,USD,NA
4592.834576,P1Y,0,NA,A,PU,_Z,2,NA,NA,FALSE,WB_WDI,WB_WDI_NY_GDP_PCAP_CD,MHL,_T,_T,_T,_Z,_Z,_Z,2017,A,USD,NA
1617.934015,P1Y,0,NA,A,PU,_Z,2,NA,NA,FALSE,WB_WDI,WB_WDI_NY_GDP_PCAP_CD,MRT,_T,_T,_T,_Z,_Z,_Z,2017,A,USD,NA
10986.703409,P1Y,0,NA,A,PU,_Z,2,NA,NA,FALSE,WB_WDI,WB_WDI_NY_GDP_PCAP_CD,MUS,_T,_T,_T,_Z,_Z,_Z,2017,A,USD,NA
9649.278167,P1Y,0,NA,A,PU,_Z,2,NA,NA,FALSE,WB_WDI,WB_WDI_NY_GDP_PCAP_CD,MEX,_T,_T,_T,_Z,_Z,_Z,2017,A,USD,NA
3297.3758,P1Y,0,NA,A,PU,_Z,2,NA,NA,FALSE,WB_WDI,WB_WDI_NY_GDP_PCAP_CD,FSM,_T,_T,_T,_Z,_Z,_Z,2017,A,USD,NA
3453.267277,P1Y,0,NA,A,PU,_Z,2,NA,NA,FALSE,WB_WDI,WB_WDI_NY_GDP_PCAP_CD,MDA,_T,_T,_T,_Z,_Z,_Z,2017,A,USD,NA
170663.470051,P1Y,0,NA,A,PU,_Z,2,NA,NA,FALSE,WB_WDI,WB_WDI_NY_GDP_PCAP_CD,MCO,_T,_T,_T,_Z,_Z,_Z,2017,A,USD,NA
3645.967087,P1Y,0,NA,A,PU,_Z,2,NA,NA,FALSE,WB_WDI,WB_WDI_NY_GDP_PCAP_CD,MNG,_T,_T,_T,_Z,_Z,_Z,2017,A,USD,NA
7674.285657,P1Y,0,NA,A,PU,_Z,2,NA,NA,FALSE,WB_WDI,WB_WDI_NY_GDP_PCAP_CD,MNE,_T,_T,_T,_Z,_Z,_Z,2017,A,USD,NA
3296.526611,P1Y,0,NA,A,PU,_Z,2,NA,NA,FALSE,WB_WDI,WB_WDI_NY_GDP_PCAP_CD,MAR,_T,_T,_T,_Z,_Z,_Z,2017,A,USD,NA
31653.750654,P1Y,0,NA,A,PU,_Z,2,NA,NA,FALSE,WB_WDI,WB_WDI_NY_GDP_PCAP_CD,GUM,_T,_T,_T,_Z,_Z,_Z,2012,A,USD,NA
3286.619593,P1Y,0,NA,A,PU,_Z,2,NA,NA,FALSE,WB_WDI,WB_WDI_NY_GDP_PCAP_CD,GTM,_T,_T,_T,_Z,_Z,_Z,2012,A,USD,NA
699.353377,P1Y,0,NA,A,PU,_Z,2,NA,NA,FALSE,WB_WDI,WB_WDI_NY_GDP_PCAP_CD,GIN,_T,_T,_T,_Z,_Z,_Z,2012,A,USD,NA
635.461653,P1Y,0,NA,A,PU,_Z,2,NA,NA,FALSE,WB_WDI,WB_WDI_NY_GDP_PCAP_CD,GNB,_T,_T,_T,_Z,_Z,_Z,2012,A,USD,NA
5444.397519,P1Y,0,NA,A,PU,_Z,2,NA,NA,FALSE,WB_WDI,WB_WDI_NY_GDP_PCAP_CD,GUY,_T,_T,_T,_Z,_Z,_Z,2012,A,USD,NA
1361.393966,P1Y,0,NA,A,PU,_Z,2,NA,NA,FALSE,WB_WDI,WB_WDI_NY_GDP_PCAP_CD,HTI,_T,_T,_T,_Z,_Z,_Z,2012,A,USD,NA
2126.034747,P1Y,0,NA,A,PU,_Z,2,NA,NA,FALSE,WB_WDI,WB_WDI_NY_GDP_PCAP_CD,HND,_T,_T,_T,_Z,_Z,_Z,2012,A,USD,NA
36730.796196,P1Y,0,NA,A,PU,_Z,2,NA,NA,FALSE,WB_WDI,WB_WDI_NY_GDP_PCAP_CD,HKG,_T,_T,_T,_Z,_Z,_Z,2012,A,USD,NA
12950.159449,P1Y,0,NA,A,PU,_Z,2,NA,NA,FALSE,WB_WDI,WB_WDI_NY_GDP_PCAP_CD,HUN,_T,_T,_T,_Z,_Z,_Z,2012,A,USD,NA
46594.986915,P1Y,0,NA,A,PU,_Z,2,NA,NA,FALSE,WB_WDI,WB_WDI_NY_GDP_PCAP_CD,ISL,_T,_T,_T,_Z,_Z,_Z,2012,A,USD,NA
1429.321995,P1Y,0,NA,A,PU,_Z,2,NA,NA,FALSE,WB_WDI,WB_WDI_NY_GDP_PCAP_CD,IND,_T,_T,_T,_Z,_Z,_Z,2012,A,USD,NA
48473.024009,P1Y,0,NA,A,PU,_Z,2,NA,NA,FALSE,WB_WDI,WB_WDI_NY_GDP_PCAP_CD,FIN,_T,_T,_T,_Z,_Z,_Z,2007,A,USD,NA
41486.190783,P1Y,0,NA,A,PU,_Z,2,NA,NA,FALSE,WB_WDI,WB_WDI_NY_GDP_PCAP_CD,FRA,_T,_T,_T,_Z,_Z,_Z,2007,A,USD,NA
24888.178134,P1Y,0,NA,A,PU,_Z,2,NA,NA,FALSE,WB_WDI,WB_WDI_NY_GDP_PCAP_CD,PYF,_T,_T,_T,_Z,_Z,_Z,2007,A,USD,NA
8003.542897,P1Y,0,NA,A,PU,_Z,2,NA,NA,FALSE,WB_WDI,WB_WDI_NY_GDP_PCAP_CD,GAB,_T,_T,_T,_Z,_Z,_Z,2007,A,USD,NA
724.726407,P1Y,0,NA,A,PU,_Z,2,NA,NA,FALSE,WB_WDI,WB_WDI_NY_GDP_PCAP_CD,GMB,_T,_T,_T,_Z,_Z,_Z,2007,A,USD,NA
2635.366503,P1Y,0,NA,A,PU,_Z,2,NA,NA,FALSE,WB_WDI,WB_WDI_NY_GDP_PCAP_CD,GEO,_T,_T,_T,_Z,_Z,_Z,2007,A,USD,NA
42350.921721,P1Y,0,NA,A,PU,_Z,2,NA,NA,FALSE,WB_WDI,WB_WDI_NY_GDP_PCAP_CD,DEU,_T,_T,_T,_Z,_Z,_Z,2007,A,USD,NA
1050.124615,P1Y,0,NA,A,PU,_Z,2,NA,NA,FALSE,WB_WDI,WB_WDI_NY_GDP_PCAP_CD,GHA,_T,_T,_T,_Z,_Z,_Z,2007,A,USD,NA
28440.762533,P1Y,0,NA,A,PU,_Z,2,NA,NA,FALSE,WB_WDI,WB_WDI_NY_GDP_PCAP_CD,GRC,_T,_T,_T,_Z,_Z,_Z,2007,A,USD,NA
39780.944137,P1Y,0,NA,A,PU,_Z,2,NA,NA,FALSE,WB_WDI,WB_WDI_NY_GDP_PCAP_CD,GRL,_T,_T,_T,_Z,_Z,_Z,2007,A,USD,NA
6864.548168,P1Y,0,NA,A,PU,_Z,2,NA,NA,FALSE,WB_WDI,WB_WDI_NY_GDP_PCAP_CD,GRD,_T,_T,_T,_Z,_Z,_Z,2007,A,USD,NA
26605.432421,P1Y,0,NA,A,PU,_Z,2,NA,NA,FALSE,WB_WDI,WB_WDI_NY_GDP_PCAP_CD,GUM,_T,_T,_T,_Z,_Z,_Z,2007,A,USD,NA
2458.815739,P1Y,0,NA,A,PU,_Z,2,NA,NA,FALSE,WB_WDI,WB_WDI_NY_GDP_PCAP_CD,GTM,_T,_T,_T,_Z,_Z,_Z,2007,A,USD,NA
3362.322079,P1Y,0,NA,A,PU,_Z,2,NA,NA,FALSE,WB_WDI,WB_WDI_NY_GDP_PCAP_CD,EAR,_T,_T,_T,_Z,_Z,_Z,2012,A,USD,NA
9534.444915,P1Y,0,NA,A,PU,_Z,2,NA,NA,FALSE,WB_WDI,WB_WDI_NY_GDP_PCAP_CD,EAS,_T,_T,_T,_Z,_Z,_Z,2012,A,USD,NA
5434.825851,P1Y,0,NA,A,PU,_Z,2,NA,NA,FALSE,WB_WDI,WB_WDI_NY_GDP_PCAP_CD,EAP,_T,_T,_T,_Z,_Z,_Z,2012,A,USD,NA
5497.155412,P1Y,0,NA,A,PU,_Z,2,NA,NA,FALSE,WB_WDI,WB_WDI_NY_GDP_PCAP_CD,TEA,_T,_T,_T,_Z,_Z,_Z,2012,A,USD,NA
36851.335574,P1Y,0,NA,A,PU,_Z,2,NA,NA,FALSE,WB_WDI,WB_WDI_NY_GDP_PCAP_CD,EMU,_T,_T,_T,_Z,_Z,_Z,2012,A,USD,NA
25199.978566,P1Y,0,NA,A,PU,_Z,2,NA,NA,FALSE,WB_WDI,WB_WDI_NY_GDP_PCAP_CD,ECS,_T,_T,_T,_Z,_Z,_Z,2012,A,USD,NA
7126.813595,P1Y,0,NA,A,PU,_Z,2,NA,NA,FALSE,WB_WDI,WB_WDI_NY_GDP_PCAP_CD,ECA,_T,_T,_T,_Z,_Z,_Z,2012,A,USD,NA
10435.808623,P1Y,0,NA,A,PU,_Z,2,NA,NA,FALSE,WB_WDI,WB_WDI_NY_GDP_PCAP_CD,TEC,_T,_T,_T,_Z,_Z,_Z,2012,A,USD,NA
33324.775849,P1Y,0,NA,A,PU,_Z,2,NA,NA,FALSE,WB_WDI,WB_WDI_NY_GDP_PCAP_CD,EUU,_T,_T,_T,_Z,_Z,_Z,2012,A,USD,NA
881.636176,P1Y,0,NA,A,PU,_Z,2,NA,NA,FALSE,WB_WDI,WB_WDI_NY_GDP_PCAP_CD,HPC,_T,_T,_T,_Z,_Z,_Z,2012,A,USD,NA
38756.759286,P1Y,0,NA,A,PU,_Z,2,NA,NA,FALSE,WB_WDI,WB_WDI_NY_GDP_PCAP_CD,HIC,_T,_T,_T,_Z,_Z,_Z,2012,A,USD,NA
5618.138118,P1Y,0,NA,A,PU,_Z,2,NA,NA,FALSE,WB_WDI,WB_WDI_NY_GDP_PCAP_CD,IBD,_T,_T,_T,_Z,_Z,_Z,2012,A,USD,NA
4533.146347,P1Y,0,NA,A,PU,_Z,2,NA,NA,FALSE,WB_WDI,WB_WDI_NY_GDP_PCAP_CD,IBT,_T,_T,_T,_Z,_Z,_Z,2012,A,USD,NA
50054.170069,P1Y,0,NA,A,PU,_Z,2,NA,NA,FALSE,WB_WDI,WB_WDI_NY_GDP_PCAP_CD,ARE,_T,_T,_T,_Z,_Z,_Z,2008,A,USD,NA
47652.403069,P1Y,0,NA,A,PU,_Z,2,NA,NA,FALSE,WB_WDI,WB_WDI_NY_GDP_PCAP_CD,GBR,_T,_T,_T,_Z,_Z,_Z,2008,A,USD,NA
48570.059427,P1Y,0,NA,A,PU,_Z,2,NA,NA,FALSE,WB_WDI,WB_WDI_NY_GDP_PCAP_CD,USA,_T,_T,_T,_Z,_Z,_Z,2008,A,USD,NA
9423.965626,P1Y,0,NA,A,PU,_Z,2,NA,NA,FALSE,WB_WDI,WB_WDI_NY_GDP_PCAP_CD,URY,_T,_T,_T,_Z,_Z,_Z,2008,A,USD,NA
1074.729288,P1Y,0,NA,A,PU,_Z,2,NA,NA,FALSE,WB_WDI,WB_WDI_NY_GDP_PCAP_CD,UZB,_T,_T,_T,_Z,_Z,_Z,2008,A,USD,NA
2603.608831,P1Y,0,NA,A,PU,_Z,2,NA,NA,FALSE,WB_WDI,WB_WDI_NY_GDP_PCAP_CD,VUT,_T,_T,_T,_Z,_Z,_Z,2008,A,USD,NA
11262.451426,P1Y,0,NA,A,PU,_Z,2,NA,NA,FALSE,WB_WDI,WB_WDI_NY_GDP_PCAP_CD,VEN,_T,_T,_T,_Z,_Z,_Z,2008,A,USD,NA
1163.831958,P1Y,0,NA,A,PU,_Z,2,NA,NA,FALSE,WB_WDI,WB_WDI_NY_GDP_PCAP_CD,VNM,_T,_T,_T,_Z,_Z,_Z,2008,A,USD,NA
39152.375066,P1Y,0,NA,A,PU,_Z,2,NA,NA,FALSE,WB_WDI,WB_WDI_NY_GDP_PCAP_CD,VIR,_T,_T,_T,_Z,_Z,_Z,2008,A,USD,NA
2035.202341,P1Y,0,NA,A,PU,_Z,2,NA,NA,FALSE,WB_WDI,WB_WDI_NY_GDP_PCAP_CD,PSE,_T,_T,_T,_Z,_Z,_Z,2008,A,USD,NA
1071.635833,P1Y,0,NA,A,PU,_Z,2,NA,NA,FALSE,WB_WDI,WB_WDI_NY_GDP_PCAP_CD,YEM,_T,_T,_T,_Z,_Z,_Z,2008,A,USD,NA
1375.50211,P1Y,0,NA,A,PU,_Z,2,NA,NA,FALSE,WB_WDI,WB_WDI_NY_GDP_PCAP_CD,ZMB,_T,_T,_T,_Z,_Z,_Z,2008,A,USD,NA
340.917448,P1Y,0,NA,A,PU,_Z,2,NA,NA,FALSE,WB_WDI,WB_WDI_NY_GDP_PCAP_CD,ZWE,_T,_T,_T,_Z,_Z,_Z,2008,A,USD,NA
10698.969941,P1Y,0,NA,A,PU,_Z,2,NA,NA,FALSE,WB_WDI,WB_WDI_NY_GDP_PCAP_CD,TUR,_T,_T,_T,_Z,_Z,_Z,2010,A,USD,NA
4058.53937,P1Y,0,NA,A,PU,_Z,2,NA,NA,FALSE,WB_WDI,WB_WDI_NY_GDP_PCAP_CD,TKM,_T,_T,_T,_Z,_Z,_Z,2010,A,USD,NA
23093.849827,P1Y,0,NA,A,PU,_Z,2,NA,NA,FALSE,WB_WDI,WB_WDI_NY_GDP_PCAP_CD,TCA,_T,_T,_T,_Z,_Z,_Z,2010,A,USD,NA
3024.817079,P1Y,0,NA,A,PU,_Z,2,NA,NA,FALSE,WB_WDI,WB_WDI_NY_GDP_PCAP_CD,TUV,_T,_T,_T,_Z,_Z,_Z,2010,A,USD,NA
823.488144,P1Y,0,NA,A,PU,_Z,2,NA,NA,FALSE,WB_WDI,WB_WDI_NY_GDP_PCAP_CD,UGA,_T,_T,_T,_Z,_Z,_Z,2010,A,USD,NA
3039.632324,P1Y,0,NA,A,PU,_Z,2,NA,NA,FALSE,WB_WDI,WB_WDI_NY_GDP_PCAP_CD,UKR,_T,_T,_T,_Z,_Z,_Z,2010,A,USD,NA
44795.284623,P1Y,0,NA,A,PU,_Z,2,NA,NA,FALSE,WB_WDI,WB_WDI_NY_GDP_PCAP_CD,ARE,_T,_T,_T,_Z,_Z,_Z,2010,A,USD,NA
39778.322053,P1Y,0,NA,A,PU,_Z,2,NA,NA,FALSE,WB_WDI,WB_WDI_NY_GDP_PCAP_CD,GBR,_T,_T,_T,_Z,_Z,_Z,2010,A,USD,NA
48642.631209,P1Y,0,NA,A,PU,_Z,2,NA,NA,FALSE,WB_WDI,WB_WDI_NY_GDP_PCAP_CD,USA,_T,_T,_T,_Z,_Z,_Z,2010,A,USD,NA
12641.057685,P1Y,0,NA,A,PU,_Z,2,NA,NA,FALSE,WB_WDI,WB_WDI_NY_GDP_PCAP_CD,URY,_T,_T,_T,_Z,_Z,_Z,2010,A,USD,NA
1956.781273,P1Y,0,NA,A,PU,_Z,2,NA,NA,FALSE,WB_WDI,WB_WDI_NY_GDP_PCAP_CD,UZB,_T,_T,_T,_Z,_Z,_Z,2010,A,USD,NA
1289.736311,P1Y,0,NA,A,PU,_Z,2,NA,NA,FALSE,WB_WDI,WB_WDI_NY_GDP_PCAP_CD,COM,_T,_T,_T,_Z,_Z,_Z,2007,A,USD,NA
294.101615,P1Y,0,NA,A,PU,_Z,2,NA,NA,FALSE,WB_WDI,WB_WDI_NY_GDP_PCAP_CD,COD,_T,_T,_T,_Z,_Z,_Z,2007,A,USD,NA
2206.471019,P1Y,0,NA,A,PU,_Z,2,NA,NA,FALSE,WB_WDI,WB_WDI_NY_GDP_PCAP_CD,COG,_T,_T,_T,_Z,_Z,_Z,2007,A,USD,NA
6137.711994,P1Y,0,NA,A,PU,_Z,2,NA,NA,FALSE,WB_WDI,WB_WDI_NY_GDP_PCAP_CD,CRI,_T,_T,_T,_Z,_Z,_Z,2007,A,USD,NA
1367.538177,P1Y,0,NA,A,PU,_Z,2,NA,NA,FALSE,WB_WDI,WB_WDI_NY_GDP_PCAP_CD,CIV,_T,_T,_T,_Z,_Z,_Z,2007,A,USD,NA
13755.814905,P1Y,0,NA,A,PU,_Z,2,NA,NA,FALSE,WB_WDI,WB_WDI_NY_GDP_PCAP_CD,HRV,_T,_T,_T,_Z,_Z,_Z,2007,A,USD,NA
4807.43889,P1Y,0,NA,A,PU,_Z,2,NA,NA,FALSE,WB_WDI,WB_WDI_NY_GDP_PCAP_CD,CUB,_T,_T,_T,_Z,_Z,_Z,2007,A,USD,NA
18005.716585,P1Y,0,NA,A,PU,_Z,2,NA,NA,FALSE,WB_WDI,WB_WDI_NY_GDP_PCAP_CD,CUW,_T,_T,_T,_Z,_Z,_Z,2007,A,USD,NA
31244.878906,P1Y,0,NA,A,PU,_Z,2,NA,NA,FALSE,WB_WDI,WB_WDI_NY_GDP_PCAP_CD,CYP,_T,_T,_T,_Z,_Z,_Z,2007,A,USD,NA
18452.653281,P1Y,0,NA,A,PU,_Z,2,NA,NA,FALSE,WB_WDI,WB_WDI_NY_GDP_PCAP_CD,CZE,_T,_T,_T,_Z,_Z,_Z,2007,A,USD,NA
58631.656643,P1Y,0,NA,A,PU,_Z,2,NA,NA,FALSE,WB_WDI,WB_WDI_NY_GDP_PCAP_CD,DNK,_T,_T,_T,_Z,_Z,_Z,2007,A,USD,NA
969.57322,P1Y,0,NA,A,PU,_Z,2,NA,NA,FALSE,WB_WDI,WB_WDI_NY_GDP_PCAP_CD,DJI,_T,_T,_T,_Z,_Z,_Z,2007,A,USD,NA
1350.381458,P1Y,0,NA,A,PU,_Z,2,NA,NA,FALSE,WB_WDI,WB_WDI_NY_GDP_PCAP_CD,NIC,_T,_T,_T,_Z,_Z,_Z,2007,A,USD,NA
387.168066,P1Y,0,NA,A,PU,_Z,2,NA,NA,FALSE,WB_WDI,WB_WDI_NY_GDP_PCAP_CD,NER,_T,_T,_T,_Z,_Z,_Z,2007,A,USD,NA
1815.526975,P1Y,0,NA,A,PU,_Z,2,NA,NA,FALSE,WB_WDI,WB_WDI_NY_GDP_PCAP_CD,NGA,_T,_T,_T,_Z,_Z,_Z,2007,A,USD,NA
4204.113288,P1Y,0,NA,A,PU,_Z,2,NA,NA,FALSE,WB_WDI,WB_WDI_NY_GDP_PCAP_CD,MKD,_T,_T,_T,_Z,_Z,_Z,2007,A,USD,NA
15914.219304,P1Y,0,NA,A,PU,_Z,2,NA,NA,FALSE,WB_WDI,WB_WDI_NY_GDP_PCAP_CD,MNP,_T,_T,_T,_Z,_Z,_Z,2007,A,USD,NA
86600.238761,P1Y,0,NA,A,PU,_Z,2,NA,NA,FALSE,WB_WDI,WB_WDI_NY_GDP_PCAP_CD,NOR,_T,_T,_T,_Z,_Z,_Z,2007,A,USD,NA
18792.653772,P1Y,0,NA,A,PU,_Z,2,NA,NA,FALSE,WB_WDI,WB_WDI_NY_GDP_PCAP_CD,OMN,_T,_T,_T,_Z,_Z,_Z,2007,A,USD,NA
998.090114,P1Y,0,NA,A,PU,_Z,2,NA,NA,FALSE,WB_WDI,WB_WDI_NY_GDP_PCAP_CD,PAK,_T,_T,_T,_Z,_Z,_Z,2007,A,USD,NA
10155.047081,P1Y,0,NA,A,PU,_Z,2,NA,NA,FALSE,WB_WDI,WB_WDI_NY_GDP_PCAP_CD,PLW,_T,_T,_T,_Z,_Z,_Z,2007,A,USD,NA
6317.817303,P1Y,0,NA,A,PU,_Z,2,NA,NA,FALSE,WB_WDI,WB_WDI_NY_GDP_PCAP_CD,PAN,_T,_T,_T,_Z,_Z,_Z,2007,A,USD,NA
1370.753416,P1Y,0,NA,A,PU,_Z,2,NA,NA,FALSE,WB_WDI,WB_WDI_NY_GDP_PCAP_CD,PNG,_T,_T,_T,_Z,_Z,_Z,2007,A,USD,NA
3211.936217,P1Y,0,NA,A,PU,_Z,2,NA,NA,FALSE,WB_WDI,WB_WDI_NY_GDP_PCAP_CD,PRY,_T,_T,_T,_Z,_Z,_Z,2007,A,USD,NA
8331.464214,P1Y,0,NA,A,PU,_Z,2,NA,NA,FALSE,WB_WDI,WB_WDI_NY_GDP_PCAP_CD,PAN,_T,_T,_T,_Z,_Z,_Z,2010,A,USD,NA
1866.868899,P1Y,0,NA,A,PU,_Z,2,NA,NA,FALSE,WB_WDI,WB_WDI_NY_GDP_PCAP_CD,PNG,_T,_T,_T,_Z,_Z,_Z,2010,A,USD,NA
4750.962737,P1Y,0,NA,A,PU,_Z,2,NA,NA,FALSE,WB_WDI,WB_WDI_NY_GDP_PCAP_CD,PRY,_T,_T,_T,_Z,_Z,_Z,2010,A,USD,NA
5072.11494,P1Y,0,NA,A,PU,_Z,2,NA,NA,FALSE,WB_WDI,WB_WDI_NY_GDP_PCAP_CD,PER,_T,_T,_T,_Z,_Z,_Z,2010,A,USD,NA
2162.913759,P1Y,0,NA,A,PU,_Z,2,NA,NA,FALSE,WB_WDI,WB_WDI_NY_GDP_PCAP_CD,PHL,_T,_T,_T,_Z,_Z,_Z,2010,A,USD,NA
12567.731768,P1Y,0,NA,A,PU,_Z,2,NA,NA,FALSE,WB_WDI,WB_WDI_NY_GDP_PCAP_CD,POL,_T,_T,_T,_Z,_Z,_Z,2010,A,USD,NA
22551.935099,P1Y,0,NA,A,PU,_Z,2,NA,NA,FALSE,WB_WDI,WB_WDI_NY_GDP_PCAP_CD,PRT,_T,_T,_T,_Z,_Z,_Z,2010,A,USD,NA
26414.881063,P1Y,0,NA,A,PU,_Z,2,NA,NA,FALSE,WB_WDI,WB_WDI_NY_GDP_PCAP_CD,PRI,_T,_T,_T,_Z,_Z,_Z,2010,A,USD,NA
77387.293638,P1Y,0,NA,A,PU,_Z,2,NA,NA,FALSE,WB_WDI,WB_WDI_NY_GDP_PCAP_CD,QAT,_T,_T,_T,_Z,_Z,_Z,2010,A,USD,NA
8399.537423,P1Y,0,NA,A,PU,_Z,2,NA,NA,FALSE,WB_WDI,WB_WDI_NY_GDP_PCAP_CD,ROU,_T,_T,_T,_Z,_Z,_Z,2010,A,USD,NA
10674.990234,P1Y,0,NA,A,PU,_Z,2,NA,NA,FALSE,WB_WDI,WB_WDI_NY_GDP_PCAP_CD,RUS,_T,_T,_T,_Z,_Z,_Z,2010,A,USD,NA
2996.012898,P1Y,0,NA,A,PU,_Z,2,NA,NA,FALSE,WB_WDI,WB_WDI_NY_GDP_PCAP_CD,BOL,_T,_T,_T,_Z,_Z,_Z,2015,A,USD,NA
4662.258692,P1Y,0,NA,A,PU,_Z,2,NA,NA,FALSE,WB_WDI,WB_WDI_NY_GDP_PCAP_CD,BIH,_T,_T,_T,_Z,_Z,_Z,2015,A,USD,NA
6141.203947,P1Y,0,NA,A,PU,_Z,2,NA,NA,FALSE,WB_WDI,WB_WDI_NY_GDP_PCAP_CD,BWA,_T,_T,_T,_Z,_Z,_Z,2015,A,USD,NA
8936.196617,P1Y,0,NA,A,PU,_Z,2,NA,NA,FALSE,WB_WDI,WB_WDI_NY_GDP_PCAP_CD,BRA,_T,_T,_T,_Z,_Z,_Z,2015,A,USD,NA
30625.128774,P1Y,0,NA,A,PU,_Z,2,NA,NA,FALSE,WB_WDI,WB_WDI_NY_GDP_PCAP_CD,BRN,_T,_T,_T,_Z,_Z,_Z,2015,A,USD,NA
7269.025865,P1Y,0,NA,A,PU,_Z,2,NA,NA,FALSE,WB_WDI,WB_WDI_NY_GDP_PCAP_CD,BGR,_T,_T,_T,_Z,_Z,_Z,2015,A,USD,NA
630.124751,P1Y,0,NA,A,PU,_Z,2,NA,NA,FALSE,WB_WDI,WB_WDI_NY_GDP_PCAP_CD,BFA,_T,_T,_T,_Z,_Z,_Z,2015,A,USD,NA
254.402585,P1Y,0,NA,A,PU,_Z,2,NA,NA,FALSE,WB_WDI,WB_WDI_NY_GDP_PCAP_CD,BDI,_T,_T,_T,_Z,_Z,_Z,2015,A,USD,NA
3415.062667,P1Y,0,NA,A,PU,_Z,2,NA,NA,FALSE,WB_WDI,WB_WDI_NY_GDP_PCAP_CD,CPV,_T,_T,_T,_Z,_Z,_Z,2015,A,USD,NA
7458.489178,P1Y,0,NA,A,PU,_Z,2,NA,NA,FALSE,WB_WDI,WB_WDI_NY_GDP_PCAP_CD,LBY,_T,_T,_T,_Z,_Z,_Z,2015,A,USD,NA
167187.15731,P1Y,0,NA,A,PU,_Z,2,NA,NA,FALSE,WB_WDI,WB_WDI_NY_GDP_PCAP_CD,LIE,_T,_T,_T,_Z,_Z,_Z,2015,A,USD,NA
14269.803988,P1Y,0,NA,A,PU,_Z,2,NA,NA,FALSE,WB_WDI,WB_WDI_NY_GDP_PCAP_CD,LTU,_T,_T,_T,_Z,_Z,_Z,2015,A,USD,NA
105462.012584,P1Y,0,NA,A,PU,_Z,2,NA,NA,FALSE,WB_WDI,WB_WDI_NY_GDP_PCAP_CD,LUX,_T,_T,_T,_Z,_Z,_Z,2015,A,USD,NA
69902.960574,P1Y,0,NA,A,PU,_Z,2,NA,NA,FALSE,WB_WDI,WB_WDI_NY_GDP_PCAP_CD,MAC,_T,_T,_T,_Z,_Z,_Z,2015,A,USD,NA
445.320069,P1Y,0,NA,A,PU,_Z,2,NA,NA,FALSE,WB_WDI,WB_WDI_NY_GDP_PCAP_CD,MDG,_T,_T,_T,_Z,_Z,_Z,2015,A,USD,NA
539.605363,P1Y,0,NA,A,PU,_Z,2,NA,NA,FALSE,WB_WDI,WB_WDI_NY_GDP_PCAP_CD,MWI,_T,_T,_T,_Z,_Z,_Z,2015,A,USD,NA
9648.679794,P1Y,0,NA,A,PU,_Z,2,NA,NA,FALSE,WB_WDI,WB_WDI_NY_GDP_PCAP_CD,MYS,_T,_T,_T,_Z,_Z,_Z,2015,A,USD,NA
9644.90655,P1Y,0,NA,A,PU,_Z,2,NA,NA,FALSE,WB_WDI,WB_WDI_NY_GDP_PCAP_CD,MDV,_T,_T,_T,_Z,_Z,_Z,2015,A,USD,NA
838.119869,P1Y,0,NA,A,PU,_Z,2,NA,NA,FALSE,WB_WDI,WB_WDI_NY_GDP_PCAP_CD,MLI,_T,_T,_T,_Z,_Z,_Z,2015,A,USD,NA
25529.669321,P1Y,0,NA,A,PU,_Z,2,NA,NA,FALSE,WB_WDI,WB_WDI_NY_GDP_PCAP_CD,MLT,_T,_T,_T,_Z,_Z,_Z,2015,A,USD,NA
35400.233466,P1Y,0,NA,A,PU,_Z,2,NA,NA,FALSE,WB_WDI,WB_WDI_NY_GDP_PCAP_CD,MAC,_T,_T,_T,_Z,_Z,_Z,2007,A,USD,NA
419.548001,P1Y,0,NA,A,PU,_Z,2,NA,NA,FALSE,WB_WDI,WB_WDI_NY_GDP_PCAP_CD,MDG,_T,_T,_T,_Z,_Z,_Z,2007,A,USD,NA
475.180262,P1Y,0,NA,A,PU,_Z,2,NA,NA,FALSE,WB_WDI,WB_WDI_NY_GDP_PCAP_CD,MWI,_T,_T,_T,_Z,_Z,_Z,2007,A,USD,NA
7168.930319,P1Y,0,NA,A,PU,_Z,2,NA,NA,FALSE,WB_WDI,WB_WDI_NY_GDP_PCAP_CD,MYS,_T,_T,_T,_Z,_Z,_Z,2007,A,USD,NA
5758.102869,P1Y,0,NA,A,PU,_Z,2,NA,NA,FALSE,WB_WDI,WB_WDI_NY_GDP_PCAP_CD,MDV,_T,_T,_T,_Z,_Z,_Z,2007,A,USD,NA
670.853395,P1Y,0,NA,A,PU,_Z,2,NA,NA,FALSE,WB_WDI,WB_WDI_NY_GDP_PCAP_CD,MLI,_T,_T,_T,_Z,_Z,_Z,2007,A,USD,NA
19444.174364,P1Y,0,NA,A,PU,_Z,2,NA,NA,FALSE,WB_WDI,WB_WDI_NY_GDP_PCAP_CD,MLT,_T,_T,_T,_Z,_Z,_Z,2007,A,USD,NA
2892.28404,P1Y,0,NA,A,PU,_Z,2,NA,NA,FALSE,WB_WDI,WB_WDI_NY_GDP_PCAP_CD,MHL,_T,_T,_T,_Z,_Z,_Z,2007,A,USD,NA
1405.150162,P1Y,0,NA,A,PU,_Z,2,NA,NA,FALSE,WB_WDI,WB_WDI_NY_GDP_PCAP_CD,MRT,_T,_T,_T,_Z,_Z,_Z,2007,A,USD,NA
6677.375386,P1Y,0,NA,A,PU,_Z,2,NA,NA,FALSE,WB_WDI,WB_WDI_NY_GDP_PCAP_CD,MUS,_T,_T,_T,_Z,_Z,_Z,2007,A,USD,NA
10134.332713,P1Y,0,NA,A,PU,_Z,2,NA,NA,FALSE,WB_WDI,WB_WDI_NY_GDP_PCAP_CD,MEX,_T,_T,_T,_Z,_Z,_Z,2007,A,USD,NA
2302.511831,P1Y,0,NA,A,PU,_Z,2,NA,NA,FALSE,WB_WDI,WB_WDI_NY_GDP_PCAP_CD,FSM,_T,_T,_T,_Z,_Z,_Z,2007,A,USD,NA
1907.732109,P1Y,0,NA,A,PU,_Z,2,NA,NA,FALSE,WB_WDI,WB_WDI_NY_GDP_PCAP_CD,SSF,_T,_T,_T,_Z,_Z,_Z,2014,A,USD,NA
1906.515577,P1Y,0,NA,A,PU,_Z,2,NA,NA,FALSE,WB_WDI,WB_WDI_NY_GDP_PCAP_CD,SSA,_T,_T,_T,_Z,_Z,_Z,2014,A,USD,NA
1907.732109,P1Y,0,NA,A,PU,_Z,2,NA,NA,FALSE,WB_WDI,WB_WDI_NY_GDP_PCAP_CD,TSS,_T,_T,_T,_Z,_Z,_Z,2014,A,USD,NA
7399.155064,P1Y,0,NA,A,PU,_Z,2,NA,NA,FALSE,WB_WDI,WB_WDI_NY_GDP_PCAP_CD,UMC,_T,_T,_T,_Z,_Z,_Z,2014,A,USD,NA
10912.244778,P1Y,0,NA,A,PU,_Z,2,NA,NA,FALSE,WB_WDI,WB_WDI_NY_GDP_PCAP_CD,WLD,_T,_T,_T,_Z,_Z,_Z,2014,A,USD,NA
625.054942,P1Y,0,NA,A,PU,_Z,2,NA,NA,FALSE,WB_WDI,WB_WDI_NY_GDP_PCAP_CD,AFG,_T,_T,_T,_Z,_Z,_Z,2014,A,USD,NA
4793.597511,P1Y,0,NA,A,PU,_Z,2,NA,NA,FALSE,WB_WDI,WB_WDI_NY_GDP_PCAP_CD,ALB,_T,_T,_T,_Z,_Z,_Z,2014,A,USD,NA
6094.693923,P1Y,0,NA,A,PU,_Z,2,NA,NA,FALSE,WB_WDI,WB_WDI_NY_GDP_PCAP_CD,DZA,_T,_T,_T,_Z,_Z,_Z,2014,A,USD,NA
12026.334493,P1Y,0,NA,A,PU,_Z,2,NA,NA,FALSE,WB_WDI,WB_WDI_NY_GDP_PCAP_CD,ASM,_T,_T,_T,_Z,_Z,_Z,2014,A,USD,NA
44369.659689,P1Y,0,NA,A,PU,_Z,2,NA,NA,FALSE,WB_WDI,WB_WDI_NY_GDP_PCAP_CD,AND,_T,_T,_T,_Z,_Z,_Z,2014,A,USD,NA
5649.687625,P1Y,0,NA,A,PU,_Z,2,NA,NA,FALSE,WB_WDI,WB_WDI_NY_GDP_PCAP_CD,AGO,_T,_T,_T,_Z,_Z,_Z,2014,A,USD,NA
15532.106206,P1Y,0,NA,A,PU,_Z,2,NA,NA,FALSE,WB_WDI,WB_WDI_NY_GDP_PCAP_CD,ATG,_T,_T,_T,_Z,_Z,_Z,2014,A,USD,NA
12233.144412,P1Y,0,NA,A,PU,_Z,2,NA,NA,FALSE,WB_WDI,WB_WDI_NY_GDP_PCAP_CD,ARG,_T,_T,_T,_Z,_Z,_Z,2014,A,USD,NA
32652.015595,P1Y,0,NA,A,PU,_Z,2,NA,NA,FALSE,WB_WDI,WB_WDI_NY_GDP_PCAP_CD,ESP,_T,_T,_T,_Z,_Z,_Z,2007,A,USD,NA
1578.634511,P1Y,0,NA,A,PU,_Z,2,NA,NA,FALSE,WB_WDI,WB_WDI_NY_GDP_PCAP_CD,LKA,_T,_T,_T,_Z,_Z,_Z,2007,A,USD,NA
14757.957975,P1Y,0,NA,A,PU,_Z,2,NA,NA,FALSE,WB_WDI,WB_WDI_NY_GDP_PCAP_CD,KNA,_T,_T,_T,_Z,_Z,_Z,2007,A,USD,NA
7964.382115,P1Y,0,NA,A,PU,_Z,2,NA,NA,FALSE,WB_WDI,WB_WDI_NY_GDP_PCAP_CD,LCA,_T,_T,_T,_Z,_Z,_Z,2007,A,USD,NA
6398.191235,P1Y,0,NA,A,PU,_Z,2,NA,NA,FALSE,WB_WDI,WB_WDI_NY_GDP_PCAP_CD,VCT,_T,_T,_T,_Z,_Z,_Z,2007,A,USD,NA
1444.372192,P1Y,0,NA,A,PU,_Z,2,NA,NA,FALSE,WB_WDI,WB_WDI_NY_GDP_PCAP_CD,SDN,_T,_T,_T,_Z,_Z,_Z,2007,A,USD,NA
5530.176156,P1Y,0,NA,A,PU,_Z,2,NA,NA,FALSE,WB_WDI,WB_WDI_NY_GDP_PCAP_CD,SUR,_T,_T,_T,_Z,_Z,_Z,2007,A,USD,NA
53568.305779,P1Y,0,NA,A,PU,_Z,2,NA,NA,FALSE,WB_WDI,WB_WDI_NY_GDP_PCAP_CD,SWE,_T,_T,_T,_Z,_Z,_Z,2007,A,USD,NA
66082.123398,P1Y,0,NA,A,PU,_Z,2,NA,NA,FALSE,WB_WDI,WB_WDI_NY_GDP_PCAP_CD,CHE,_T,_T,_T,_Z,_Z,_Z,2007,A,USD,NA
1937.611991,P1Y,0,NA,A,PU,_Z,2,NA,NA,FALSE,WB_WDI,WB_WDI_NY_GDP_PCAP_CD,SYR,_T,_T,_T,_Z,_Z,_Z,2007,A,USD,NA
516.997211,P1Y,0,NA,A,PU,_Z,2,NA,NA,FALSE,WB_WDI,WB_WDI_NY_GDP_PCAP_CD,TJK,_T,_T,_T,_Z,_Z,_Z,2007,A,USD,NA
543.198303,P1Y,0,NA,A,PU,_Z,2,NA,NA,FALSE,WB_WDI,WB_WDI_NY_GDP_PCAP_CD,TZA,_T,_T,_T,_Z,_Z,_Z,2007,A,USD,NA
3764.344262,P1Y,0,NA,A,PU,_Z,2,NA,NA,FALSE,WB_WDI,WB_WDI_NY_GDP_PCAP_CD,MHL,_T,_T,_T,_Z,_Z,_Z,2015,A,USD,NA
1558.842055,P1Y,0,NA,A,PU,_Z,2,NA,NA,FALSE,WB_WDI,WB_WDI_NY_GDP_PCAP_CD,MRT,_T,_T,_T,_Z,_Z,_Z,2015,A,USD,NA
9630.543784,P1Y,0,NA,A,PU,_Z,2,NA,NA,FALSE,WB_WDI,WB_WDI_NY_GDP_PCAP_CD,MUS,_T,_T,_T,_Z,_Z,_Z,2015,A,USD,NA
10021.238611,P1Y,0,NA,A,PU,_Z,2,NA,NA,FALSE,WB_WDI,WB_WDI_NY_GDP_PCAP_CD,MEX,_T,_T,_T,_Z,_Z,_Z,2015,A,USD,NA
2869.862762,P1Y,0,NA,A,PU,_Z,2,NA,NA,FALSE,WB_WDI,WB_WDI_NY_GDP_PCAP_CD,FSM,_T,_T,_T,_Z,_Z,_Z,2015,A,USD,NA
2749.551371,P1Y,0,NA,A,PU,_Z,2,NA,NA,FALSE,WB_WDI,WB_WDI_NY_GDP_PCAP_CD,MDA,_T,_T,_T,_Z,_Z,_Z,2015,A,USD,NA
170437.021129,P1Y,0,NA,A,PU,_Z,2,NA,NA,FALSE,WB_WDI,WB_WDI_NY_GDP_PCAP_CD,MCO,_T,_T,_T,_Z,_Z,_Z,2015,A,USD,NA
3838.92127,P1Y,0,NA,A,PU,_Z,2,NA,NA,FALSE,WB_WDI,WB_WDI_NY_GDP_PCAP_CD,MNG,_T,_T,_T,_Z,_Z,_Z,2015,A,USD,NA
6421.000057,P1Y,0,NA,A,PU,_Z,2,NA,NA,FALSE,WB_WDI,WB_WDI_NY_GDP_PCAP_CD,MNE,_T,_T,_T,_Z,_Z,_Z,2015,A,USD,NA
3146.247803,P1Y,0,NA,A,PU,_Z,2,NA,NA,FALSE,WB_WDI,WB_WDI_NY_GDP_PCAP_CD,MAR,_T,_T,_T,_Z,_Z,_Z,2015,A,USD,NA
610.563775,P1Y,0,NA,A,PU,_Z,2,NA,NA,FALSE,WB_WDI,WB_WDI_NY_GDP_PCAP_CD,MOZ,_T,_T,_T,_Z,_Z,_Z,2015,A,USD,NA
3240.202408,P1Y,0,NA,A,PU,_Z,2,NA,NA,FALSE,WB_WDI,WB_WDI_NY_GDP_PCAP_CD,TMN,_T,_T,_T,_Z,_Z,_Z,2011,A,USD,NA
4240.03549,P1Y,0,NA,A,PU,_Z,2,NA,NA,FALSE,WB_WDI,WB_WDI_NY_GDP_PCAP_CD,MIC,_T,_T,_T,_Z,_Z,_Z,2011,A,USD,NA
50252.019005,P1Y,0,NA,A,PU,_Z,2,NA,NA,FALSE,WB_WDI,WB_WDI_NY_GDP_PCAP_CD,NAC,_T,_T,_T,_Z,_Z,_Z,2011,A,USD,NA
37684.316544,P1Y,0,NA,A,PU,_Z,2,NA,NA,FALSE,WB_WDI,WB_WDI_NY_GDP_PCAP_CD,OED,_T,_T,_T,_Z,_Z,_Z,2011,A,USD,NA
11469.95255,P1Y,0,NA,A,PU,_Z,2,NA,NA,FALSE,WB_WDI,WB_WDI_NY_GDP_PCAP_CD,OSS,_T,_T,_T,_Z,_Z,_Z,2011,A,USD,NA
3338.307937,P1Y,0,NA,A,PU,_Z,2,NA,NA,FALSE,WB_WDI,WB_WDI_NY_GDP_PCAP_CD,PSS,_T,_T,_T,_Z,_Z,_Z,2011,A,USD,NA
42699.758191,P1Y,0,NA,A,PU,_Z,2,NA,NA,FALSE,WB_WDI,WB_WDI_NY_GDP_PCAP_CD,PST,_T,_T,_T,_Z,_Z,_Z,2011,A,USD,NA
1597.767042,P1Y,0,NA,A,PU,_Z,2,NA,NA,FALSE,WB_WDI,WB_WDI_NY_GDP_PCAP_CD,PRE,_T,_T,_T,_Z,_Z,_Z,2011,A,USD,NA
10887.865386,P1Y,0,NA,A,PU,_Z,2,NA,NA,FALSE,WB_WDI,WB_WDI_NY_GDP_PCAP_CD,SST,_T,_T,_T,_Z,_Z,_Z,2011,A,USD,NA
1397.006826,P1Y,0,NA,A,PU,_Z,2,NA,NA,FALSE,WB_WDI,WB_WDI_NY_GDP_PCAP_CD,SAS,_T,_T,_T,_Z,_Z,_Z,2011,A,USD,NA
1397.006826,P1Y,0,NA,A,PU,_Z,2,NA,NA,FALSE,WB_WDI,WB_WDI_NY_GDP_PCAP_CD,TSA,_T,_T,_T,_Z,_Z,_Z,2011,A,USD,NA
1796.161098,P1Y,0,NA,A,PU,_Z,2,NA,NA,FALSE,WB_WDI,WB_WDI_NY_GDP_PCAP_CD,SSF,_T,_T,_T,_Z,_Z,_Z,2011,A,USD,NA
1795.179775,P1Y,0,NA,A,PU,_Z,2,NA,NA,FALSE,WB_WDI,WB_WDI_NY_GDP_PCAP_CD,SSA,_T,_T,_T,_Z,_Z,_Z,2011,A,USD,NA
3420.259086,P1Y,0,NA,A,PU,_Z,2,NA,NA,FALSE,WB_WDI,WB_WDI_NY_GDP_PCAP_CD,TMN,_T,_T,_T,_Z,_Z,_Z,2012,A,USD,NA
4467.325496,P1Y,0,NA,A,PU,_Z,2,NA,NA,FALSE,WB_WDI,WB_WDI_NY_GDP_PCAP_CD,MIC,_T,_T,_T,_Z,_Z,_Z,2012,A,USD,NA
51812.86567,P1Y,0,NA,A,PU,_Z,2,NA,NA,FALSE,WB_WDI,WB_WDI_NY_GDP_PCAP_CD,NAC,_T,_T,_T,_Z,_Z,_Z,2012,A,USD,NA
37418.288933,P1Y,0,NA,A,PU,_Z,2,NA,NA,FALSE,WB_WDI,WB_WDI_NY_GDP_PCAP_CD,OED,_T,_T,_T,_Z,_Z,_Z,2012,A,USD,NA
11084.414889,P1Y,0,NA,A,PU,_Z,2,NA,NA,FALSE,WB_WDI,WB_WDI_NY_GDP_PCAP_CD,OSS,_T,_T,_T,_Z,_Z,_Z,2012,A,USD,NA
3493.288312,P1Y,0,NA,A,PU,_Z,2,NA,NA,FALSE,WB_WDI,WB_WDI_NY_GDP_PCAP_CD,PSS,_T,_T,_T,_Z,_Z,_Z,2012,A,USD,NA
42453.105625,P1Y,0,NA,A,PU,_Z,2,NA,NA,FALSE,WB_WDI,WB_WDI_NY_GDP_PCAP_CD,PST,_T,_T,_T,_Z,_Z,_Z,2012,A,USD,NA
1687.905594,P1Y,0,NA,A,PU,_Z,2,NA,NA,FALSE,WB_WDI,WB_WDI_NY_GDP_PCAP_CD,PRE,_T,_T,_T,_Z,_Z,_Z,2012,A,USD,NA
10829.407516,P1Y,0,NA,A,PU,_Z,2,NA,NA,FALSE,WB_WDI,WB_WDI_NY_GDP_PCAP_CD,SST,_T,_T,_T,_Z,_Z,_Z,2012,A,USD,NA
1387.182059,P1Y,0,NA,A,PU,_Z,2,NA,NA,FALSE,WB_WDI,WB_WDI_NY_GDP_PCAP_CD,SAS,_T,_T,_T,_Z,_Z,_Z,2012,A,USD,NA
1387.182059,P1Y,0,NA,A,PU,_Z,2,NA,NA,FALSE,WB_WDI,WB_WDI_NY_GDP_PCAP_CD,TSA,_T,_T,_T,_Z,_Z,_Z,2012,A,USD,NA
1818.061254,P1Y,0,NA,A,PU,_Z,2,NA,NA,FALSE,WB_WDI,WB_WDI_NY_GDP_PCAP_CD,SSF,_T,_T,_T,_Z,_Z,_Z,2012,A,USD,NA
1817.077738,P1Y,0,NA,A,PU,_Z,2,NA,NA,FALSE,WB_WDI,WB_WDI_NY_GDP_PCAP_CD,SSA,_T,_T,_T,_Z,_Z,_Z,2012,A,USD,NA
1430.16421,P1Y,0,NA,A,PU,_Z,2,NA,NA,FALSE,WB_WDI,WB_WDI_NY_GDP_PCAP_CD,YEM,_T,_T,_T,_Z,_Z,_Z,2014,A,USD,NA
1707.485731,P1Y,0,NA,A,PU,_Z,2,NA,NA,FALSE,WB_WDI,WB_WDI_NY_GDP_PCAP_CD,ZMB,_T,_T,_T,_Z,_Z,_Z,2014,A,USD,NA
1372.915262,P1Y,0,NA,A,PU,_Z,2,NA,NA,FALSE,WB_WDI,WB_WDI_NY_GDP_PCAP_CD,ZWE,_T,_T,_T,_Z,_Z,_Z,2014,A,USD,NA
1498.715971,P1Y,0,NA,A,PU,_Z,2,NA,NA,FALSE,WB_WDI,WB_WDI_NY_GDP_PCAP_CD,AFE,_T,_T,_T,_Z,_Z,_Z,2015,A,USD,NA
1863.401513,P1Y,0,NA,A,PU,_Z,2,NA,NA,FALSE,WB_WDI,WB_WDI_NY_GDP_PCAP_CD,AFW,_T,_T,_T,_Z,_Z,_Z,2015,A,USD,NA
6299.878077,P1Y,0,NA,A,PU,_Z,2,NA,NA,FALSE,WB_WDI,WB_WDI_NY_GDP_PCAP_CD,ARB,_T,_T,_T,_Z,_Z,_Z,2015,A,USD,NA
14497.879863,P1Y,0,NA,A,PU,_Z,2,NA,NA,FALSE,WB_WDI,WB_WDI_NY_GDP_PCAP_CD,CSS,_T,_T,_T,_Z,_Z,_Z,2015,A,USD,NA
12596.915114,P1Y,0,NA,A,PU,_Z,2,NA,NA,FALSE,WB_WDI,WB_WDI_NY_GDP_PCAP_CD,CEB,_T,_T,_T,_Z,_Z,_Z,2015,A,USD,NA
3178.867161,P1Y,0,NA,A,PU,_Z,2,NA,NA,FALSE,WB_WDI,WB_WDI_NY_GDP_PCAP_CD,EAR,_T,_T,_T,_Z,_Z,_Z,2015,A,USD,NA
9730.644055,P1Y,0,NA,A,PU,_Z,2,NA,NA,FALSE,WB_WDI,WB_WDI_NY_GDP_PCAP_CD,EAS,_T,_T,_T,_Z,_Z,_Z,2015,A,USD,NA
6589.818242,P1Y,0,NA,A,PU,_Z,2,NA,NA,FALSE,WB_WDI,WB_WDI_NY_GDP_PCAP_CD,EAP,_T,_T,_T,_Z,_Z,_Z,2015,A,USD,NA
6664.534473,P1Y,0,NA,A,PU,_Z,2,NA,NA,FALSE,WB_WDI,WB_WDI_NY_GDP_PCAP_CD,TEA,_T,_T,_T,_Z,_Z,_Z,2015,A,USD,NA
33928.614138,P1Y,0,NA,A,PU,_Z,2,NA,NA,FALSE,WB_WDI,WB_WDI_NY_GDP_PCAP_CD,EMU,_T,_T,_T,_Z,_Z,_Z,2015,A,USD,NA
1796.161098,P1Y,0,NA,A,PU,_Z,2,NA,NA,FALSE,WB_WDI,WB_WDI_NY_GDP_PCAP_CD,TSS,_T,_T,_T,_Z,_Z,_Z,2011,A,USD,NA
6434.654485,P1Y,0,NA,A,PU,_Z,2,NA,NA,FALSE,WB_WDI,WB_WDI_NY_GDP_PCAP_CD,UMC,_T,_T,_T,_Z,_Z,_Z,2011,A,USD,NA
10496.931003,P1Y,0,NA,A,PU,_Z,2,NA,NA,FALSE,WB_WDI,WB_WDI_NY_GDP_PCAP_CD,WLD,_T,_T,_T,_Z,_Z,_Z,2011,A,USD,NA
606.694676,P1Y,0,NA,A,PU,_Z,2,NA,NA,FALSE,WB_WDI,WB_WDI_NY_GDP_PCAP_CD,AFG,_T,_T,_T,_Z,_Z,_Z,2011,A,USD,NA
4465.709143,P1Y,0,NA,A,PU,_Z,2,NA,NA,FALSE,WB_WDI,WB_WDI_NY_GDP_PCAP_CD,ALB,_T,_T,_T,_Z,_Z,_Z,2011,A,USD,NA
5916.313644,P1Y,0,NA,A,PU,_Z,2,NA,NA,FALSE,WB_WDI,WB_WDI_NY_GDP_PCAP_CD,DZA,_T,_T,_T,_Z,_Z,_Z,2011,A,USD,NA
10383.459331,P1Y,0,NA,A,PU,_Z,2,NA,NA,FALSE,WB_WDI,WB_WDI_NY_GDP_PCAP_CD,ASM,_T,_T,_T,_Z,_Z,_Z,2011,A,USD,NA
46657.15612,P1Y,0,NA,A,PU,_Z,2,NA,NA,FALSE,WB_WDI,WB_WDI_NY_GDP_PCAP_CD,AND,_T,_T,_T,_Z,_Z,_Z,2011,A,USD,NA
5184.152692,P1Y,0,NA,A,PU,_Z,2,NA,NA,FALSE,WB_WDI,WB_WDI_NY_GDP_PCAP_CD,AGO,_T,_T,_T,_Z,_Z,_Z,2011,A,USD,NA
14911.727508,P1Y,0,NA,A,PU,_Z,2,NA,NA,FALSE,WB_WDI,WB_WDI_NY_GDP_PCAP_CD,ATG,_T,_T,_T,_Z,_Z,_Z,2011,A,USD,NA
12704.283182,P1Y,0,NA,A,PU,_Z,2,NA,NA,FALSE,WB_WDI,WB_WDI_NY_GDP_PCAP_CD,ARG,_T,_T,_T,_Z,_Z,_Z,2011,A,USD,NA
3349.553098,P1Y,0,NA,A,PU,_Z,2,NA,NA,FALSE,WB_WDI,WB_WDI_NY_GDP_PCAP_CD,ARM,_T,_T,_T,_Z,_Z,_Z,2011,A,USD,NA
25712.384302,P1Y,0,NA,A,PU,_Z,2,NA,NA,FALSE,WB_WDI,WB_WDI_NY_GDP_PCAP_CD,ABW,_T,_T,_T,_Z,_Z,_Z,2011,A,USD,NA
3163.186165,P1Y,0,NA,A,PU,_Z,2,NA,NA,FALSE,WB_WDI,WB_WDI_NY_GDP_PCAP_CD,VUT,_T,_T,_T,_Z,_Z,_Z,2011,A,USD,NA
10843.92297,P1Y,0,NA,A,PU,_Z,2,NA,NA,FALSE,WB_WDI,WB_WDI_NY_GDP_PCAP_CD,VEN,_T,_T,_T,_Z,_Z,_Z,2011,A,USD,NA
1950.925042,P1Y,0,NA,A,PU,_Z,2,NA,NA,FALSE,WB_WDI,WB_WDI_NY_GDP_PCAP_CD,VNM,_T,_T,_T,_Z,_Z,_Z,2011,A,USD,NA
38997.137316,P1Y,0,NA,A,PU,_Z,2,NA,NA,FALSE,WB_WDI,WB_WDI_NY_GDP_PCAP_CD,VIR,_T,_T,_T,_Z,_Z,_Z,2011,A,USD,NA
2880.798437,P1Y,0,NA,A,PU,_Z,2,NA,NA,FALSE,WB_WDI,WB_WDI_NY_GDP_PCAP_CD,PSE,_T,_T,_T,_Z,_Z,_Z,2011,A,USD,NA
1186.475006,P1Y,0,NA,A,PU,_Z,2,NA,NA,FALSE,WB_WDI,WB_WDI_NY_GDP_PCAP_CD,YEM,_T,_T,_T,_Z,_Z,_Z,2011,A,USD,NA
1624.868178,P1Y,0,NA,A,PU,_Z,2,NA,NA,FALSE,WB_WDI,WB_WDI_NY_GDP_PCAP_CD,ZMB,_T,_T,_T,_Z,_Z,_Z,2011,A,USD,NA
1037.775652,P1Y,0,NA,A,PU,_Z,2,NA,NA,FALSE,WB_WDI,WB_WDI_NY_GDP_PCAP_CD,ZWE,_T,_T,_T,_Z,_Z,_Z,2011,A,USD,NA
1731.869096,P1Y,0,NA,A,PU,_Z,2,NA,NA,FALSE,WB_WDI,WB_WDI_NY_GDP_PCAP_CD,AFE,_T,_T,_T,_Z,_Z,_Z,2012,A,USD,NA
1943.372555,P1Y,0,NA,A,PU,_Z,2,NA,NA,FALSE,WB_WDI,WB_WDI_NY_GDP_PCAP_CD,AFW,_T,_T,_T,_Z,_Z,_Z,2012,A,USD,NA
7392.556384,P1Y,0,NA,A,PU,_Z,2,NA,NA,FALSE,WB_WDI,WB_WDI_NY_GDP_PCAP_CD,ARB,_T,_T,_T,_Z,_Z,_Z,2012,A,USD,NA
14225.611147,P1Y,0,NA,A,PU,_Z,2,NA,NA,FALSE,WB_WDI,WB_WDI_NY_GDP_PCAP_CD,CSS,_T,_T,_T,_Z,_Z,_Z,2012,A,USD,NA
13104.08731,P1Y,0,NA,A,PU,_Z,2,NA,NA,FALSE,WB_WDI,WB_WDI_NY_GDP_PCAP_CD,CEB,_T,_T,_T,_Z,_Z,_Z,2012,A,USD,NA
42314.103362,P1Y,0,NA,A,PU,_Z,2,NA,NA,FALSE,WB_WDI,WB_WDI_NY_GDP_PCAP_CD,CAN,_T,_T,_T,_Z,_Z,_Z,2016,A,USD,NA
77802.254157,P1Y,0,NA,A,PU,_Z,2,NA,NA,FALSE,WB_WDI,WB_WDI_NY_GDP_PCAP_CD,CYM,_T,_T,_T,_Z,_Z,_Z,2016,A,USD,NA
387.176203,P1Y,0,NA,A,PU,_Z,2,NA,NA,FALSE,WB_WDI,WB_WDI_NY_GDP_PCAP_CD,CAF,_T,_T,_T,_Z,_Z,_Z,2016,A,USD,NA
861.831768,P1Y,0,NA,A,PU,_Z,2,NA,NA,FALSE,WB_WDI,WB_WDI_NY_GDP_PCAP_CD,TCD,_T,_T,_T,_Z,_Z,_Z,2016,A,USD,NA
55947.579812,P1Y,0,NA,A,PU,_Z,2,NA,NA,FALSE,WB_WDI,WB_WDI_NY_GDP_PCAP_CD,CHI,_T,_T,_T,_Z,_Z,_Z,2016,A,USD,NA
13649.852045,P1Y,0,NA,A,PU,_Z,2,NA,NA,FALSE,WB_WDI,WB_WDI_NY_GDP_PCAP_CD,CHL,_T,_T,_T,_Z,_Z,_Z,2016,A,USD,NA
8254.868593,P1Y,0,NA,A,PU,_Z,2,NA,NA,FALSE,WB_WDI,WB_WDI_NY_GDP_PCAP_CD,CHN,_T,_T,_T,_Z,_Z,_Z,2016,A,USD,NA
5959.842504,P1Y,0,NA,A,PU,_Z,2,NA,NA,FALSE,WB_WDI,WB_WDI_NY_GDP_PCAP_CD,COL,_T,_T,_T,_Z,_Z,_Z,2016,A,USD,NA
1365.484034,P1Y,0,NA,A,PU,_Z,2,NA,NA,FALSE,WB_WDI,WB_WDI_NY_GDP_PCAP_CD,COM,_T,_T,_T,_Z,_Z,_Z,2016,A,USD,NA
459.765037,P1Y,0,NA,A,PU,_Z,2,NA,NA,FALSE,WB_WDI,WB_WDI_NY_GDP_PCAP_CD,COD,_T,_T,_T,_Z,_Z,_Z,2016,A,USD,NA
2093.107286,P1Y,0,NA,A,PU,_Z,2,NA,NA,FALSE,WB_WDI,WB_WDI_NY_GDP_PCAP_CD,COG,_T,_T,_T,_Z,_Z,_Z,2016,A,USD,NA
12091.030156,P1Y,0,NA,A,PU,_Z,2,NA,NA,FALSE,WB_WDI,WB_WDI_NY_GDP_PCAP_CD,CRI,_T,_T,_T,_Z,_Z,_Z,2016,A,USD,NA
8974.518869,P1Y,0,NA,A,PU,_Z,2,NA,NA,FALSE,WB_WDI,WB_WDI_NY_GDP_PCAP_CD,NRU,_T,_T,_T,_Z,_Z,_Z,2013,A,USD,NA
803.269595,P1Y,0,NA,A,PU,_Z,2,NA,NA,FALSE,WB_WDI,WB_WDI_NY_GDP_PCAP_CD,NPL,_T,_T,_T,_Z,_Z,_Z,2013,A,USD,NA
52602.286052,P1Y,0,NA,A,PU,_Z,2,NA,NA,FALSE,WB_WDI,WB_WDI_NY_GDP_PCAP_CD,NLD,_T,_T,_T,_Z,_Z,_Z,2013,A,USD,NA
36671.156675,P1Y,0,NA,A,PU,_Z,2,NA,NA,FALSE,WB_WDI,WB_WDI_NY_GDP_PCAP_CD,NCL,_T,_T,_T,_Z,_Z,_Z,2013,A,USD,NA
42984.95718,P1Y,0,NA,A,PU,_Z,2,NA,NA,FALSE,WB_WDI,WB_WDI_NY_GDP_PCAP_CD,NZL,_T,_T,_T,_Z,_Z,_Z,2013,A,USD,NA
1835.439964,P1Y,0,NA,A,PU,_Z,2,NA,NA,FALSE,WB_WDI,WB_WDI_NY_GDP_PCAP_CD,NIC,_T,_T,_T,_Z,_Z,_Z,2013,A,USD,NA
552.103334,P1Y,0,NA,A,PU,_Z,2,NA,NA,FALSE,WB_WDI,WB_WDI_NY_GDP_PCAP_CD,NER,_T,_T,_T,_Z,_Z,_Z,2013,A,USD,NA
2872.790834,P1Y,0,NA,A,PU,_Z,2,NA,NA,FALSE,WB_WDI,WB_WDI_NY_GDP_PCAP_CD,NGA,_T,_T,_T,_Z,_Z,_Z,2013,A,USD,NA
5626.261157,P1Y,0,NA,A,PU,_Z,2,NA,NA,FALSE,WB_WDI,WB_WDI_NY_GDP_PCAP_CD,MKD,_T,_T,_T,_Z,_Z,_Z,2013,A,USD,NA
14632.85189,P1Y,0,NA,A,PU,_Z,2,NA,NA,FALSE,WB_WDI,WB_WDI_NY_GDP_PCAP_CD,MNP,_T,_T,_T,_Z,_Z,_Z,2013,A,USD,NA
106333.138369,P1Y,0,NA,A,PU,_Z,2,NA,NA,FALSE,WB_WDI,WB_WDI_NY_GDP_PCAP_CD,NOR,_T,_T,_T,_Z,_Z,_Z,2013,A,USD,NA
23458.023384,P1Y,0,NA,A,PU,_Z,2,NA,NA,FALSE,WB_WDI,WB_WDI_NY_GDP_PCAP_CD,OMN,_T,_T,_T,_Z,_Z,_Z,2013,A,USD,NA
709.091536,P1Y,0,NA,A,PU,_Z,2,NA,NA,FALSE,WB_WDI,WB_WDI_NY_GDP_PCAP_CD,BFA,_T,_T,_T,_Z,_Z,_Z,2017,A,USD,NA
246.060726,P1Y,0,NA,A,PU,_Z,2,NA,NA,FALSE,WB_WDI,WB_WDI_NY_GDP_PCAP_CD,BDI,_T,_T,_T,_Z,_Z,_Z,2017,A,USD,NA
3893.095714,P1Y,0,NA,A,PU,_Z,2,NA,NA,FALSE,WB_WDI,WB_WDI_NY_GDP_PCAP_CD,CPV,_T,_T,_T,_Z,_Z,_Z,2017,A,USD,NA
1826.353917,P1Y,0,NA,A,PU,_Z,2,NA,NA,FALSE,WB_WDI,WB_WDI_NY_GDP_PCAP_CD,KHM,_T,_T,_T,_Z,_Z,_Z,2017,A,USD,NA
1496.089518,P1Y,0,NA,A,PU,_Z,2,NA,NA,FALSE,WB_WDI,WB_WDI_NY_GDP_PCAP_CD,CMR,_T,_T,_T,_Z,_Z,_Z,2017,A,USD,NA
45129.733528,P1Y,0,NA,A,PU,_Z,2,NA,NA,FALSE,WB_WDI,WB_WDI_NY_GDP_PCAP_CD,CAN,_T,_T,_T,_Z,_Z,_Z,2017,A,USD,NA
80053.944451,P1Y,0,NA,A,PU,_Z,2,NA,NA,FALSE,WB_WDI,WB_WDI_NY_GDP_PCAP_CD,CYM,_T,_T,_T,_Z,_Z,_Z,2017,A,USD,NA
432.324026,P1Y,0,NA,A,PU,_Z,2,NA,NA,FALSE,WB_WDI,WB_WDI_NY_GDP_PCAP_CD,CAF,_T,_T,_T,_Z,_Z,_Z,2017,A,USD,NA
854.4612,P1Y,0,NA,A,PU,_Z,2,NA,NA,FALSE,WB_WDI,WB_WDI_NY_GDP_PCAP_CD,TCD,_T,_T,_T,_Z,_Z,_Z,2017,A,USD,NA
55806.355426,P1Y,0,NA,A,PU,_Z,2,NA,NA,FALSE,WB_WDI,WB_WDI_NY_GDP_PCAP_CD,CHI,_T,_T,_T,_Z,_Z,_Z,2017,A,USD,NA
14879.908623,P1Y,0,NA,A,PU,_Z,2,NA,NA,FALSE,WB_WDI,WB_WDI_NY_GDP_PCAP_CD,CHL,_T,_T,_T,_Z,_Z,_Z,2017,A,USD,NA
8979.676527,P1Y,0,NA,A,PU,_Z,2,NA,NA,FALSE,WB_WDI,WB_WDI_NY_GDP_PCAP_CD,CHN,_T,_T,_T,_Z,_Z,_Z,2017,A,USD,NA
764.861675,P1Y,0,NA,A,PU,_Z,2,NA,NA,FALSE,WB_WDI,WB_WDI_NY_GDP_PCAP_CD,BFA,_T,_T,_T,_Z,_Z,_Z,2014,A,USD,NA
250.544492,P1Y,0,NA,A,PU,_Z,2,NA,NA,FALSE,WB_WDI,WB_WDI_NY_GDP_PCAP_CD,BDI,_T,_T,_T,_Z,_Z,_Z,2014,A,USD,NA
3985.607065,P1Y,0,NA,A,PU,_Z,2,NA,NA,FALSE,WB_WDI,WB_WDI_NY_GDP_PCAP_CD,CPV,_T,_T,_T,_Z,_Z,_Z,2014,A,USD,NA
1431.563965,P1Y,0,NA,A,PU,_Z,2,NA,NA,FALSE,WB_WDI,WB_WDI_NY_GDP_PCAP_CD,KHM,_T,_T,_T,_Z,_Z,_Z,2014,A,USD,NA
1649.443391,P1Y,0,NA,A,PU,_Z,2,NA,NA,FALSE,WB_WDI,WB_WDI_NY_GDP_PCAP_CD,CMR,_T,_T,_T,_Z,_Z,_Z,2014,A,USD,NA
50960.894209,P1Y,0,NA,A,PU,_Z,2,NA,NA,FALSE,WB_WDI,WB_WDI_NY_GDP_PCAP_CD,CAN,_T,_T,_T,_Z,_Z,_Z,2014,A,USD,NA
75845.306041,P1Y,0,NA,A,PU,_Z,2,NA,NA,FALSE,WB_WDI,WB_WDI_NY_GDP_PCAP_CD,CYM,_T,_T,_T,_Z,_Z,_Z,2014,A,USD,NA
409.850486,P1Y,0,NA,A,PU,_Z,2,NA,NA,FALSE,WB_WDI,WB_WDI_NY_GDP_PCAP_CD,CAF,_T,_T,_T,_Z,_Z,_Z,2014,A,USD,NA
1278.789814,P1Y,0,NA,A,PU,_Z,2,NA,NA,FALSE,WB_WDI,WB_WDI_NY_GDP_PCAP_CD,TCD,_T,_T,_T,_Z,_Z,_Z,2014,A,USD,NA
64697.548502,P1Y,0,NA,A,PU,_Z,2,NA,NA,FALSE,WB_WDI,WB_WDI_NY_GDP_PCAP_CD,CHI,_T,_T,_T,_Z,_Z,_Z,2014,A,USD,NA
14529.676721,P1Y,0,NA,A,PU,_Z,2,NA,NA,FALSE,WB_WDI,WB_WDI_NY_GDP_PCAP_CD,CHL,_T,_T,_T,_Z,_Z,_Z,2014,A,USD,NA
7781.065975,P1Y,0,NA,A,PU,_Z,2,NA,NA,FALSE,WB_WDI,WB_WDI_NY_GDP_PCAP_CD,CHN,_T,_T,_T,_Z,_Z,_Z,2014,A,USD,NA
3088.721313,P1Y,0,NA,A,PU,_Z,2,NA,NA,FALSE,WB_WDI,WB_WDI_NY_GDP_PCAP_CD,NGA,_T,_T,_T,_Z,_Z,_Z,2014,A,USD,NA
5925.385922,P1Y,0,NA,A,PU,_Z,2,NA,NA,FALSE,WB_WDI,WB_WDI_NY_GDP_PCAP_CD,MKD,_T,_T,_T,_Z,_Z,_Z,2014,A,USD,NA
15945.417609,P1Y,0,NA,A,PU,_Z,2,NA,NA,FALSE,WB_WDI,WB_WDI_NY_GDP_PCAP_CD,MNP,_T,_T,_T,_Z,_Z,_Z,2014,A,USD,NA
100410.020201,P1Y,0,NA,A,PU,_Z,2,NA,NA,FALSE,WB_WDI,WB_WDI_NY_GDP_PCAP_CD,NOR,_T,_T,_T,_Z,_Z,_Z,2014,A,USD,NA
23160.650225,P1Y,0,NA,A,PU,_Z,2,NA,NA,FALSE,WB_WDI,WB_WDI_NY_GDP_PCAP_CD,OMN,_T,_T,_T,_Z,_Z,_Z,2014,A,USD,NA
1266.613408,P1Y,0,NA,A,PU,_Z,2,NA,NA,FALSE,WB_WDI,WB_WDI_NY_GDP_PCAP_CD,PAK,_T,_T,_T,_Z,_Z,_Z,2014,A,USD,NA
13854.730278,P1Y,0,NA,A,PU,_Z,2,NA,NA,FALSE,WB_WDI,WB_WDI_NY_GDP_PCAP_CD,PLW,_T,_T,_T,_Z,_Z,_Z,2014,A,USD,NA
13213.198964,P1Y,0,NA,A,PU,_Z,2,NA,NA,FALSE,WB_WDI,WB_WDI_NY_GDP_PCAP_CD,PAN,_T,_T,_T,_Z,_Z,_Z,2014,A,USD,NA
2723.175298,P1Y,0,NA,A,PU,_Z,2,NA,NA,FALSE,WB_WDI,WB_WDI_NY_GDP_PCAP_CD,PNG,_T,_T,_T,_Z,_Z,_Z,2014,A,USD,NA
6652.254789,P1Y,0,NA,A,PU,_Z,2,NA,NA,FALSE,WB_WDI,WB_WDI_NY_GDP_PCAP_CD,PRY,_T,_T,_T,_Z,_Z,_Z,2014,A,USD,NA
6667.134104,P1Y,0,NA,A,PU,_Z,2,NA,NA,FALSE,WB_WDI,WB_WDI_NY_GDP_PCAP_CD,PER,_T,_T,_T,_Z,_Z,_Z,2014,A,USD,NA
2866.838038,P1Y,0,NA,A,PU,_Z,2,NA,NA,FALSE,WB_WDI,WB_WDI_NY_GDP_PCAP_CD,PHL,_T,_T,_T,_Z,_Z,_Z,2014,A,USD,NA
765.227759,P1Y,0,NA,A,PU,_Z,2,NA,NA,FALSE,WB_WDI,WB_WDI_NY_GDP_PCAP_CD,HPC,_T,_T,_T,_Z,_Z,_Z,2009,A,USD,NA
34160.344337,P1Y,0,NA,A,PU,_Z,2,NA,NA,FALSE,WB_WDI,WB_WDI_NY_GDP_PCAP_CD,HIC,_T,_T,_T,_Z,_Z,_Z,2009,A,USD,NA
3790.752497,P1Y,0,NA,A,PU,_Z,2,NA,NA,FALSE,WB_WDI,WB_WDI_NY_GDP_PCAP_CD,IBD,_T,_T,_T,_Z,_Z,_Z,2009,A,USD,NA
3109.975187,P1Y,0,NA,A,PU,_Z,2,NA,NA,FALSE,WB_WDI,WB_WDI_NY_GDP_PCAP_CD,IBT,_T,_T,_T,_Z,_Z,_Z,2009,A,USD,NA
1350.168109,P1Y,0,NA,A,PU,_Z,2,NA,NA,FALSE,WB_WDI,WB_WDI_NY_GDP_PCAP_CD,IDB,_T,_T,_T,_Z,_Z,_Z,2009,A,USD,NA
784.649862,P1Y,0,NA,A,PU,_Z,2,NA,NA,FALSE,WB_WDI,WB_WDI_NY_GDP_PCAP_CD,IDX,_T,_T,_T,_Z,_Z,_Z,2009,A,USD,NA
983.967184,P1Y,0,NA,A,PU,_Z,2,NA,NA,FALSE,WB_WDI,WB_WDI_NY_GDP_PCAP_CD,IDA,_T,_T,_T,_Z,_Z,_Z,2009,A,USD,NA
5245.342889,P1Y,0,NA,A,PU,_Z,2,NA,NA,FALSE,WB_WDI,WB_WDI_NY_GDP_PCAP_CD,LTE,_T,_T,_T,_Z,_Z,_Z,2009,A,USD,NA
7495.059656,P1Y,0,NA,A,PU,_Z,2,NA,NA,FALSE,WB_WDI,WB_WDI_NY_GDP_PCAP_CD,LCN,_T,_T,_T,_Z,_Z,_Z,2009,A,USD,NA
7221.643575,P1Y,0,NA,A,PU,_Z,2,NA,NA,FALSE,WB_WDI,WB_WDI_NY_GDP_PCAP_CD,LAC,_T,_T,_T,_Z,_Z,_Z,2009,A,USD,NA
7386.600445,P1Y,0,NA,A,PU,_Z,2,NA,NA,FALSE,WB_WDI,WB_WDI_NY_GDP_PCAP_CD,TLA,_T,_T,_T,_Z,_Z,_Z,2009,A,USD,NA
751.96508,P1Y,0,NA,A,PU,_Z,2,NA,NA,FALSE,WB_WDI,WB_WDI_NY_GDP_PCAP_CD,LDC,_T,_T,_T,_Z,_Z,_Z,2009,A,USD,NA
2835.653261,P1Y,0,NA,A,PU,_Z,2,NA,NA,FALSE,WB_WDI,WB_WDI_NY_GDP_PCAP_CD,LMY,_T,_T,_T,_Z,_Z,_Z,2009,A,USD,NA
1398.891376,P1Y,0,NA,A,PU,_Z,2,NA,NA,FALSE,WB_WDI,WB_WDI_NY_GDP_PCAP_CD,SEN,_T,_T,_T,_Z,_Z,_Z,2014,A,USD,NA
6886.678091,P1Y,0,NA,A,PU,_Z,2,NA,NA,FALSE,WB_WDI,WB_WDI_NY_GDP_PCAP_CD,SRB,_T,_T,_T,_Z,_Z,_Z,2014,A,USD,NA
15188.190218,P1Y,0,NA,A,PU,_Z,2,NA,NA,FALSE,WB_WDI,WB_WDI_NY_GDP_PCAP_CD,SYC,_T,_T,_T,_Z,_Z,_Z,2014,A,USD,NA
1117.758647,P1Y,0,NA,A,PU,_Z,2,NA,NA,FALSE,WB_WDI,WB_WDI_NY_GDP_PCAP_CD,SLE,_T,_T,_T,_Z,_Z,_Z,2014,A,USD,NA
57564.802311,P1Y,0,NA,A,PU,_Z,2,NA,NA,FALSE,WB_WDI,WB_WDI_NY_GDP_PCAP_CD,SGP,_T,_T,_T,_Z,_Z,_Z,2014,A,USD,NA
37134.912423,P1Y,0,NA,A,PU,_Z,2,NA,NA,FALSE,WB_WDI,WB_WDI_NY_GDP_PCAP_CD,SXM,_T,_T,_T,_Z,_Z,_Z,2014,A,USD,NA
18770.92899,P1Y,0,NA,A,PU,_Z,2,NA,NA,FALSE,WB_WDI,WB_WDI_NY_GDP_PCAP_CD,SVK,_T,_T,_T,_Z,_Z,_Z,2014,A,USD,NA
24013.068206,P1Y,0,NA,A,PU,_Z,2,NA,NA,FALSE,WB_WDI,WB_WDI_NY_GDP_PCAP_CD,SVN,_T,_T,_T,_Z,_Z,_Z,2014,A,USD,NA
2164.952899,P1Y,0,NA,A,PU,_Z,2,NA,NA,FALSE,WB_WDI,WB_WDI_NY_GDP_PCAP_CD,SLB,_T,_T,_T,_Z,_Z,_Z,2014,A,USD,NA
429.431657,P1Y,0,NA,A,PU,_Z,2,NA,NA,FALSE,WB_WDI,WB_WDI_NY_GDP_PCAP_CD,SOM,_T,_T,_T,_Z,_Z,_Z,2014,A,USD,NA
6856.731371,P1Y,0,NA,A,PU,_Z,2,NA,NA,FALSE,WB_WDI,WB_WDI_NY_GDP_PCAP_CD,ZAF,_T,_T,_T,_Z,_Z,_Z,2014,A,USD,NA
31225.604996,P1Y,0,NA,A,PU,_Z,2,NA,NA,FALSE,WB_WDI,WB_WDI_NY_GDP_PCAP_CD,MNP,_T,_T,_T,_Z,_Z,_Z,2017,A,USD,NA
78771.215126,P1Y,0,NA,A,PU,_Z,2,NA,NA,FALSE,WB_WDI,WB_WDI_NY_GDP_PCAP_CD,NOR,_T,_T,_T,_Z,_Z,_Z,2017,A,USD,NA
17820.066181,P1Y,0,NA,A,PU,_Z,2,NA,NA,FALSE,WB_WDI,WB_WDI_NY_GDP_PCAP_CD,OMN,_T,_T,_T,_Z,_Z,_Z,2017,A,USD,NA
1519.234595,P1Y,0,NA,A,PU,_Z,2,NA,NA,FALSE,WB_WDI,WB_WDI_NY_GDP_PCAP_CD,PAK,_T,_T,_T,_Z,_Z,_Z,2017,A,USD,NA
16280.2412,P1Y,0,NA,A,PU,_Z,2,NA,NA,FALSE,WB_WDI,WB_WDI_NY_GDP_PCAP_CD,PLW,_T,_T,_T,_Z,_Z,_Z,2017,A,USD,NA
15694.629745,P1Y,0,NA,A,PU,_Z,2,NA,NA,FALSE,WB_WDI,WB_WDI_NY_GDP_PCAP_CD,PAN,_T,_T,_T,_Z,_Z,_Z,2017,A,USD,NA
2477.76531,P1Y,0,NA,A,PU,_Z,2,NA,NA,FALSE,WB_WDI,WB_WDI_NY_GDP_PCAP_CD,PNG,_T,_T,_T,_Z,_Z,_Z,2017,A,USD,NA
6152.267115,P1Y,0,NA,A,PU,_Z,2,NA,NA,FALSE,WB_WDI,WB_WDI_NY_GDP_PCAP_CD,PRY,_T,_T,_T,_Z,_Z,_Z,2017,A,USD,NA
6736.166937,P1Y,0,NA,A,PU,_Z,2,NA,NA,FALSE,WB_WDI,WB_WDI_NY_GDP_PCAP_CD,PER,_T,_T,_T,_Z,_Z,_Z,2017,A,USD,NA
3038.12125,P1Y,0,NA,A,PU,_Z,2,NA,NA,FALSE,WB_WDI,WB_WDI_NY_GDP_PCAP_CD,PHL,_T,_T,_T,_Z,_Z,_Z,2017,A,USD,NA
13913.341519,P1Y,0,NA,A,PU,_Z,2,NA,NA,FALSE,WB_WDI,WB_WDI_NY_GDP_PCAP_CD,POL,_T,_T,_T,_Z,_Z,_Z,2017,A,USD,NA
1858.796194,P1Y,0,NA,A,PU,_Z,2,NA,NA,FALSE,WB_WDI,WB_WDI_NY_GDP_PCAP_CD,IDB,_T,_T,_T,_Z,_Z,_Z,2012,A,USD,NA
945.920268,P1Y,0,NA,A,PU,_Z,2,NA,NA,FALSE,WB_WDI,WB_WDI_NY_GDP_PCAP_CD,IDX,_T,_T,_T,_Z,_Z,_Z,2012,A,USD,NA
1268.903032,P1Y,0,NA,A,PU,_Z,2,NA,NA,FALSE,WB_WDI,WB_WDI_NY_GDP_PCAP_CD,IDA,_T,_T,_T,_Z,_Z,_Z,2012,A,USD,NA
8073.209255,P1Y,0,NA,A,PU,_Z,2,NA,NA,FALSE,WB_WDI,WB_WDI_NY_GDP_PCAP_CD,LTE,_T,_T,_T,_Z,_Z,_Z,2012,A,USD,NA
10328.649566,P1Y,0,NA,A,PU,_Z,2,NA,NA,FALSE,WB_WDI,WB_WDI_NY_GDP_PCAP_CD,LCN,_T,_T,_T,_Z,_Z,_Z,2012,A,USD,NA
9967.793763,P1Y,0,NA,A,PU,_Z,2,NA,NA,FALSE,WB_WDI,WB_WDI_NY_GDP_PCAP_CD,LAC,_T,_T,_T,_Z,_Z,_Z,2012,A,USD,NA
10261.735488,P1Y,0,NA,A,PU,_Z,2,NA,NA,FALSE,WB_WDI,WB_WDI_NY_GDP_PCAP_CD,TLA,_T,_T,_T,_Z,_Z,_Z,2012,A,USD,NA
947.852167,P1Y,0,NA,A,PU,_Z,2,NA,NA,FALSE,WB_WDI,WB_WDI_NY_GDP_PCAP_CD,LDC,_T,_T,_T,_Z,_Z,_Z,2012,A,USD,NA
4118.306124,P1Y,0,NA,A,PU,_Z,2,NA,NA,FALSE,WB_WDI,WB_WDI_NY_GDP_PCAP_CD,LMY,_T,_T,_T,_Z,_Z,_Z,2012,A,USD,NA
715.265721,P1Y,0,NA,A,PU,_Z,2,NA,NA,FALSE,WB_WDI,WB_WDI_NY_GDP_PCAP_CD,LIC,_T,_T,_T,_Z,_Z,_Z,2012,A,USD,NA
1756.270929,P1Y,0,NA,A,PU,_Z,2,NA,NA,FALSE,WB_WDI,WB_WDI_NY_GDP_PCAP_CD,LMC,_T,_T,_T,_Z,_Z,_Z,2012,A,USD,NA
6052.382382,P1Y,0,NA,A,PU,_Z,2,NA,NA,FALSE,WB_WDI,WB_WDI_NY_GDP_PCAP_CD,MEA,_T,_T,_T,_Z,_Z,_Z,2012,A,USD,NA
3417.924808,P1Y,0,NA,A,PU,_Z,2,NA,NA,FALSE,WB_WDI,WB_WDI_NY_GDP_PCAP_CD,MNA,_T,_T,_T,_Z,_Z,_Z,2012,A,USD,NA
699.269096,P1Y,0,NA,A,PU,_Z,2,NA,NA,FALSE,WB_WDI,WB_WDI_NY_GDP_PCAP_CD,LBR,_T,_T,_T,_Z,_Z,_Z,2017,A,USD,NA
9965.832367,P1Y,0,NA,A,PU,_Z,2,NA,NA,FALSE,WB_WDI,WB_WDI_NY_GDP_PCAP_CD,LBY,_T,_T,_T,_Z,_Z,_Z,2017,A,USD,NA
170547.092299,P1Y,0,NA,A,PU,_Z,2,NA,NA,FALSE,WB_WDI,WB_WDI_NY_GDP_PCAP_CD,LIE,_T,_T,_T,_Z,_Z,_Z,2017,A,USD,NA
16800.151025,P1Y,0,NA,A,PU,_Z,2,NA,NA,FALSE,WB_WDI,WB_WDI_NY_GDP_PCAP_CD,LTU,_T,_T,_T,_Z,_Z,_Z,2017,A,USD,NA
110193.213797,P1Y,0,NA,A,PU,_Z,2,NA,NA,FALSE,WB_WDI,WB_WDI_NY_GDP_PCAP_CD,LUX,_T,_T,_T,_Z,_Z,_Z,2017,A,USD,NA
77570.987617,P1Y,0,NA,A,PU,_Z,2,NA,NA,FALSE,WB_WDI,WB_WDI_NY_GDP_PCAP_CD,MAC,_T,_T,_T,_Z,_Z,_Z,2017,A,USD,NA
491.866849,P1Y,0,NA,A,PU,_Z,2,NA,NA,FALSE,WB_WDI,WB_WDI_NY_GDP_PCAP_CD,MDG,_T,_T,_T,_Z,_Z,_Z,2017,A,USD,NA
495.769683,P1Y,0,NA,A,PU,_Z,2,NA,NA,FALSE,WB_WDI,WB_WDI_NY_GDP_PCAP_CD,MWI,_T,_T,_T,_Z,_Z,_Z,2017,A,USD,NA
9862.548066,P1Y,0,NA,A,PU,_Z,2,NA,NA,FALSE,WB_WDI,WB_WDI_NY_GDP_PCAP_CD,MYS,_T,_T,_T,_Z,_Z,_Z,2017,A,USD,NA
10509.628806,P1Y,0,NA,A,PU,_Z,2,NA,NA,FALSE,WB_WDI,WB_WDI_NY_GDP_PCAP_CD,MDV,_T,_T,_T,_Z,_Z,_Z,2017,A,USD,NA
924.057532,P1Y,0,NA,A,PU,_Z,2,NA,NA,FALSE,WB_WDI,WB_WDI_NY_GDP_PCAP_CD,MLI,_T,_T,_T,_Z,_Z,_Z,2017,A,USD,NA
234.84477,P1Y,0,NA,A,PU,_Z,2,NA,NA,FALSE,WB_WDI,WB_WDI_NY_GDP_PCAP_CD,BDI,_T,_T,_T,_Z,_Z,_Z,2013,A,USD,NA
3960.975968,P1Y,0,NA,A,PU,_Z,2,NA,NA,FALSE,WB_WDI,WB_WDI_NY_GDP_PCAP_CD,CPV,_T,_T,_T,_Z,_Z,_Z,2013,A,USD,NA
1305.660097,P1Y,0,NA,A,PU,_Z,2,NA,NA,FALSE,WB_WDI,WB_WDI_NY_GDP_PCAP_CD,KHM,_T,_T,_T,_Z,_Z,_Z,2013,A,USD,NA
1575.928821,P1Y,0,NA,A,PU,_Z,2,NA,NA,FALSE,WB_WDI,WB_WDI_NY_GDP_PCAP_CD,CMR,_T,_T,_T,_Z,_Z,_Z,2013,A,USD,NA
52637.731322,P1Y,0,NA,A,PU,_Z,2,NA,NA,FALSE,WB_WDI,WB_WDI_NY_GDP_PCAP_CD,CAN,_T,_T,_T,_Z,_Z,_Z,2013,A,USD,NA
75113.73324,P1Y,0,NA,A,PU,_Z,2,NA,NA,FALSE,WB_WDI,WB_WDI_NY_GDP_PCAP_CD,CYM,_T,_T,_T,_Z,_Z,_Z,2013,A,USD,NA
364.366963,P1Y,0,NA,A,PU,_Z,2,NA,NA,FALSE,WB_WDI,WB_WDI_NY_GDP_PCAP_CD,CAF,_T,_T,_T,_Z,_Z,_Z,2013,A,USD,NA
1304.88743,P1Y,0,NA,A,PU,_Z,2,NA,NA,FALSE,WB_WDI,WB_WDI_NY_GDP_PCAP_CD,TCD,_T,_T,_T,_Z,_Z,_Z,2013,A,USD,NA
59308.466659,P1Y,0,NA,A,PU,_Z,2,NA,NA,FALSE,WB_WDI,WB_WDI_NY_GDP_PCAP_CD,CHI,_T,_T,_T,_Z,_Z,_Z,2013,A,USD,NA
15683.548637,P1Y,0,NA,A,PU,_Z,2,NA,NA,FALSE,WB_WDI,WB_WDI_NY_GDP_PCAP_CD,CHL,_T,_T,_T,_Z,_Z,_Z,2013,A,USD,NA
7147.035186,P1Y,0,NA,A,PU,_Z,2,NA,NA,FALSE,WB_WDI,WB_WDI_NY_GDP_PCAP_CD,CHN,_T,_T,_T,_Z,_Z,_Z,2013,A,USD,NA
8279.102556,P1Y,0,NA,A,PU,_Z,2,NA,NA,FALSE,WB_WDI,WB_WDI_NY_GDP_PCAP_CD,COL,_T,_T,_T,_Z,_Z,_Z,2013,A,USD,NA
3771.072284,P1Y,0,NA,A,PU,_Z,2,NA,NA,FALSE,WB_WDI,WB_WDI_NY_GDP_PCAP_CD,SWZ,_T,_T,_T,_Z,_Z,_Z,2014,A,USD,NA
549.986577,P1Y,0,NA,A,PU,_Z,2,NA,NA,FALSE,WB_WDI,WB_WDI_NY_GDP_PCAP_CD,ETH,_T,_T,_T,_Z,_Z,_Z,2014,A,USD,NA
60173.305785,P1Y,0,NA,A,PU,_Z,2,NA,NA,FALSE,WB_WDI,WB_WDI_NY_GDP_PCAP_CD,FRO,_T,_T,_T,_Z,_Z,_Z,2014,A,USD,NA
5293.356767,P1Y,0,NA,A,PU,_Z,2,NA,NA,FALSE,WB_WDI,WB_WDI_NY_GDP_PCAP_CD,FJI,_T,_T,_T,_Z,_Z,_Z,2014,A,USD,NA
50073.776082,P1Y,0,NA,A,PU,_Z,2,NA,NA,FALSE,WB_WDI,WB_WDI_NY_GDP_PCAP_CD,FIN,_T,_T,_T,_Z,_Z,_Z,2014,A,USD,NA
43148.045929,P1Y,0,NA,A,PU,_Z,2,NA,NA,FALSE,WB_WDI,WB_WDI_NY_GDP_PCAP_CD,FRA,_T,_T,_T,_Z,_Z,_Z,2014,A,USD,NA
22258.632138,P1Y,0,NA,A,PU,_Z,2,NA,NA,FALSE,WB_WDI,WB_WDI_NY_GDP_PCAP_CD,PYF,_T,_T,_T,_Z,_Z,_Z,2014,A,USD,NA
9201.362766,P1Y,0,NA,A,PU,_Z,2,NA,NA,FALSE,WB_WDI,WB_WDI_NY_GDP_PCAP_CD,GAB,_T,_T,_T,_Z,_Z,_Z,2014,A,USD,NA
568.004536,P1Y,0,NA,A,PU,_Z,2,NA,NA,FALSE,WB_WDI,WB_WDI_NY_GDP_PCAP_CD,GMB,_T,_T,_T,_Z,_Z,_Z,2014,A,USD,NA
4830.334862,P1Y,0,NA,A,PU,_Z,2,NA,NA,FALSE,WB_WDI,WB_WDI_NY_GDP_PCAP_CD,GEO,_T,_T,_T,_Z,_Z,_Z,2014,A,USD,NA
48959.59912,P1Y,0,NA,A,PU,_Z,2,NA,NA,FALSE,WB_WDI,WB_WDI_NY_GDP_PCAP_CD,DEU,_T,_T,_T,_Z,_Z,_Z,2014,A,USD,NA
1949.908329,P1Y,0,NA,A,PU,_Z,2,NA,NA,FALSE,WB_WDI,WB_WDI_NY_GDP_PCAP_CD,GHA,_T,_T,_T,_Z,_Z,_Z,2014,A,USD,NA
46808.529149,P1Y,0,NA,A,PU,_Z,2,NA,NA,FALSE,WB_WDI,WB_WDI_NY_GDP_PCAP_CD,NLD,_T,_T,_T,_Z,_Z,_Z,2016,A,USD,NA
30782.854443,P1Y,0,NA,A,PU,_Z,2,NA,NA,FALSE,WB_WDI,WB_WDI_NY_GDP_PCAP_CD,NCL,_T,_T,_T,_Z,_Z,_Z,2016,A,USD,NA
40088.320547,P1Y,0,NA,A,PU,_Z,2,NA,NA,FALSE,WB_WDI,WB_WDI_NY_GDP_PCAP_CD,NZL,_T,_T,_T,_Z,_Z,_Z,2016,A,USD,NA
2131.687048,P1Y,0,NA,A,PU,_Z,2,NA,NA,FALSE,WB_WDI,WB_WDI_NY_GDP_PCAP_CD,NIC,_T,_T,_T,_Z,_Z,_Z,2016,A,USD,NA
499.91052,P1Y,0,NA,A,PU,_Z,2,NA,NA,FALSE,WB_WDI,WB_WDI_NY_GDP_PCAP_CD,NER,_T,_T,_T,_Z,_Z,_Z,2016,A,USD,NA
2070.412734,P1Y,0,NA,A,PU,_Z,2,NA,NA,FALSE,WB_WDI,WB_WDI_NY_GDP_PCAP_CD,NGA,_T,_T,_T,_Z,_Z,_Z,2016,A,USD,NA
5598.486226,P1Y,0,NA,A,PU,_Z,2,NA,NA,FALSE,WB_WDI,WB_WDI_NY_GDP_PCAP_CD,MKD,_T,_T,_T,_Z,_Z,_Z,2016,A,USD,NA
24225.474169,P1Y,0,NA,A,PU,_Z,2,NA,NA,FALSE,WB_WDI,WB_WDI_NY_GDP_PCAP_CD,MNP,_T,_T,_T,_Z,_Z,_Z,2016,A,USD,NA
73222.400686,P1Y,0,NA,A,PU,_Z,2,NA,NA,FALSE,WB_WDI,WB_WDI_NY_GDP_PCAP_CD,NOR,_T,_T,_T,_Z,_Z,_Z,2016,A,USD,NA
17110.189746,P1Y,0,NA,A,PU,_Z,2,NA,NA,FALSE,WB_WDI,WB_WDI_NY_GDP_PCAP_CD,OMN,_T,_T,_T,_Z,_Z,_Z,2016,A,USD,NA
1424.691612,P1Y,0,NA,A,PU,_Z,2,NA,NA,FALSE,WB_WDI,WB_WDI_NY_GDP_PCAP_CD,PAK,_T,_T,_T,_Z,_Z,_Z,2016,A,USD,NA
17043.666067,P1Y,0,NA,A,PU,_Z,2,NA,NA,FALSE,WB_WDI,WB_WDI_NY_GDP_PCAP_CD,PLW,_T,_T,_T,_Z,_Z,_Z,2016,A,USD,NA
3270.628777,P1Y,0,NA,A,PU,_Z,2,NA,NA,FALSE,WB_WDI,WB_WDI_NY_GDP_PCAP_CD,EGY,_T,_T,_T,_Z,_Z,_Z,2016,A,USD,NA
3901.34015,P1Y,0,NA,A,PU,_Z,2,NA,NA,FALSE,WB_WDI,WB_WDI_NY_GDP_PCAP_CD,SLV,_T,_T,_T,_Z,_Z,_Z,2016,A,USD,NA
7453.197979,P1Y,0,NA,A,PU,_Z,2,NA,NA,FALSE,WB_WDI,WB_WDI_NY_GDP_PCAP_CD,GNQ,_T,_T,_T,_Z,_Z,_Z,2016,A,USD,NA
18666.373652,P1Y,0,NA,A,PU,_Z,2,NA,NA,FALSE,WB_WDI,WB_WDI_NY_GDP_PCAP_CD,EST,_T,_T,_T,_Z,_Z,_Z,2016,A,USD,NA
3238.17612,P1Y,0,NA,A,PU,_Z,2,NA,NA,FALSE,WB_WDI,WB_WDI_NY_GDP_PCAP_CD,SWZ,_T,_T,_T,_Z,_Z,_Z,2016,A,USD,NA
641.651523,P1Y,0,NA,A,PU,_Z,2,NA,NA,FALSE,WB_WDI,WB_WDI_NY_GDP_PCAP_CD,ETH,_T,_T,_T,_Z,_Z,_Z,2016,A,USD,NA
56876.430236,P1Y,0,NA,A,PU,_Z,2,NA,NA,FALSE,WB_WDI,WB_WDI_NY_GDP_PCAP_CD,FRO,_T,_T,_T,_Z,_Z,_Z,2016,A,USD,NA
5363.790267,P1Y,0,NA,A,PU,_Z,2,NA,NA,FALSE,WB_WDI,WB_WDI_NY_GDP_PCAP_CD,FJI,_T,_T,_T,_Z,_Z,_Z,2016,A,USD,NA
43451.256244,P1Y,0,NA,A,PU,_Z,2,NA,NA,FALSE,WB_WDI,WB_WDI_NY_GDP_PCAP_CD,FIN,_T,_T,_T,_Z,_Z,_Z,2016,A,USD,NA
37024.215713,P1Y,0,NA,A,PU,_Z,2,NA,NA,FALSE,WB_WDI,WB_WDI_NY_GDP_PCAP_CD,FRA,_T,_T,_T,_Z,_Z,_Z,2016,A,USD,NA
19690.077573,P1Y,0,NA,A,PU,_Z,2,NA,NA,FALSE,WB_WDI,WB_WDI_NY_GDP_PCAP_CD,PYF,_T,_T,_T,_Z,_Z,_Z,2016,A,USD,NA
721.258516,P1Y,0,NA,A,PU,_Z,2,NA,NA,FALSE,WB_WDI,WB_WDI_NY_GDP_PCAP_CD,RWA,_T,_T,_T,_Z,_Z,_Z,2016,A,USD,NA
4147.070977,P1Y,0,NA,A,PU,_Z,2,NA,NA,FALSE,WB_WDI,WB_WDI_NY_GDP_PCAP_CD,WSM,_T,_T,_T,_Z,_Z,_Z,2016,A,USD,NA
44359.457421,P1Y,0,NA,A,PU,_Z,2,NA,NA,FALSE,WB_WDI,WB_WDI_NY_GDP_PCAP_CD,SMR,_T,_T,_T,_Z,_Z,_Z,2016,A,USD,NA
1434.870181,P1Y,0,NA,A,PU,_Z,2,NA,NA,FALSE,WB_WDI,WB_WDI_NY_GDP_PCAP_CD,STP,_T,_T,_T,_Z,_Z,_Z,2016,A,USD,NA
22267.721705,P1Y,0,NA,A,PU,_Z,2,NA,NA,FALSE,WB_WDI,WB_WDI_NY_GDP_PCAP_CD,SAU,_T,_T,_T,_Z,_Z,_Z,2016,A,USD,NA
1266.439572,P1Y,0,NA,A,PU,_Z,2,NA,NA,FALSE,WB_WDI,WB_WDI_NY_GDP_PCAP_CD,SEN,_T,_T,_T,_Z,_Z,_Z,2016,A,USD,NA
5982.370301,P1Y,0,NA,A,PU,_Z,2,NA,NA,FALSE,WB_WDI,WB_WDI_NY_GDP_PCAP_CD,SRB,_T,_T,_T,_Z,_Z,_Z,2016,A,USD,NA
16566.994604,P1Y,0,NA,A,PU,_Z,2,NA,NA,FALSE,WB_WDI,WB_WDI_NY_GDP_PCAP_CD,SYC,_T,_T,_T,_Z,_Z,_Z,2016,A,USD,NA
844.416411,P1Y,0,NA,A,PU,_Z,2,NA,NA,FALSE,WB_WDI,WB_WDI_NY_GDP_PCAP_CD,SLE,_T,_T,_T,_Z,_Z,_Z,2016,A,USD,NA
57204.034011,P1Y,0,NA,A,PU,_Z,2,NA,NA,FALSE,WB_WDI,WB_WDI_NY_GDP_PCAP_CD,SGP,_T,_T,_T,_Z,_Z,_Z,2016,A,USD,NA
37308.61478,P1Y,0,NA,A,PU,_Z,2,NA,NA,FALSE,WB_WDI,WB_WDI_NY_GDP_PCAP_CD,SXM,_T,_T,_T,_Z,_Z,_Z,2016,A,USD,NA
3128.990103,P1Y,0,NA,A,PU,_Z,2,NA,NA,FALSE,WB_WDI,WB_WDI_NY_GDP_PCAP_CD,IRQ,_T,_T,_T,_Z,_Z,_Z,2007,A,USD,NA
61396.417461,P1Y,0,NA,A,PU,_Z,2,NA,NA,FALSE,WB_WDI,WB_WDI_NY_GDP_PCAP_CD,IRL,_T,_T,_T,_Z,_Z,_Z,2007,A,USD,NA
55040.243705,P1Y,0,NA,A,PU,_Z,2,NA,NA,FALSE,WB_WDI,WB_WDI_NY_GDP_PCAP_CD,IMN,_T,_T,_T,_Z,_Z,_Z,2007,A,USD,NA
25688.90161,P1Y,0,NA,A,PU,_Z,2,NA,NA,FALSE,WB_WDI,WB_WDI_NY_GDP_PCAP_CD,ISR,_T,_T,_T,_Z,_Z,_Z,2007,A,USD,NA
37826.175455,P1Y,0,NA,A,PU,_Z,2,NA,NA,FALSE,WB_WDI,WB_WDI_NY_GDP_PCAP_CD,ITA,_T,_T,_T,_Z,_Z,_Z,2007,A,USD,NA
4716.486125,P1Y,0,NA,A,PU,_Z,2,NA,NA,FALSE,WB_WDI,WB_WDI_NY_GDP_PCAP_CD,JAM,_T,_T,_T,_Z,_Z,_Z,2007,A,USD,NA
36129.953513,P1Y,0,NA,A,PU,_Z,2,NA,NA,FALSE,WB_WDI,WB_WDI_NY_GDP_PCAP_CD,JPN,_T,_T,_T,_Z,_Z,_Z,2007,A,USD,NA
2506.205995,P1Y,0,NA,A,PU,_Z,2,NA,NA,FALSE,WB_WDI,WB_WDI_NY_GDP_PCAP_CD,JOR,_T,_T,_T,_Z,_Z,_Z,2007,A,USD,NA
6449.439311,P1Y,0,NA,A,PU,_Z,2,NA,NA,FALSE,WB_WDI,WB_WDI_NY_GDP_PCAP_CD,KAZ,_T,_T,_T,_Z,_Z,_Z,2007,A,USD,NA
840.201439,P1Y,0,NA,A,PU,_Z,2,NA,NA,FALSE,WB_WDI,WB_WDI_NY_GDP_PCAP_CD,KEN,_T,_T,_T,_Z,_Z,_Z,2007,A,USD,NA
1352.57814,P1Y,0,NA,A,PU,_Z,2,NA,NA,FALSE,WB_WDI,WB_WDI_NY_GDP_PCAP_CD,KIR,_T,_T,_T,_Z,_Z,_Z,2007,A,USD,NA
7577.64133,P1Y,0,NA,A,PU,_Z,2,NA,NA,FALSE,WB_WDI,WB_WDI_NY_GDP_PCAP_CD,LBN,_T,_T,_T,_Z,_Z,_Z,2014,A,USD,NA
1173.537793,P1Y,0,NA,A,PU,_Z,2,NA,NA,FALSE,WB_WDI,WB_WDI_NY_GDP_PCAP_CD,LSO,_T,_T,_T,_Z,_Z,_Z,2014,A,USD,NA
706.71449,P1Y,0,NA,A,PU,_Z,2,NA,NA,FALSE,WB_WDI,WB_WDI_NY_GDP_PCAP_CD,LBR,_T,_T,_T,_Z,_Z,_Z,2014,A,USD,NA
8926.420746,P1Y,0,NA,A,PU,_Z,2,NA,NA,FALSE,WB_WDI,WB_WDI_NY_GDP_PCAP_CD,LBY,_T,_T,_T,_Z,_Z,_Z,2014,A,USD,NA
178735.153021,P1Y,0,NA,A,PU,_Z,2,NA,NA,FALSE,WB_WDI,WB_WDI_NY_GDP_PCAP_CD,LIE,_T,_T,_T,_Z,_Z,_Z,2014,A,USD,NA
16446.164718,P1Y,0,NA,A,PU,_Z,2,NA,NA,FALSE,WB_WDI,WB_WDI_NY_GDP_PCAP_CD,LTU,_T,_T,_T,_Z,_Z,_Z,2014,A,USD,NA
123678.706919,P1Y,0,NA,A,PU,_Z,2,NA,NA,FALSE,WB_WDI,WB_WDI_NY_GDP_PCAP_CD,LUX,_T,_T,_T,_Z,_Z,_Z,2014,A,USD,NA
88355.318176,P1Y,0,NA,A,PU,_Z,2,NA,NA,FALSE,WB_WDI,WB_WDI_NY_GDP_PCAP_CD,MAC,_T,_T,_T,_Z,_Z,_Z,2014,A,USD,NA
505.684923,P1Y,0,NA,A,PU,_Z,2,NA,NA,FALSE,WB_WDI,WB_WDI_NY_GDP_PCAP_CD,MDG,_T,_T,_T,_Z,_Z,_Z,2014,A,USD,NA
529.513344,P1Y,0,NA,A,PU,_Z,2,NA,NA,FALSE,WB_WDI,WB_WDI_NY_GDP_PCAP_CD,MWI,_T,_T,_T,_Z,_Z,_Z,2014,A,USD,NA
11013.310733,P1Y,0,NA,A,PU,_Z,2,NA,NA,FALSE,WB_WDI,WB_WDI_NY_GDP_PCAP_CD,MYS,_T,_T,_T,_Z,_Z,_Z,2014,A,USD,NA
8939.074166,P1Y,0,NA,A,PU,_Z,2,NA,NA,FALSE,WB_WDI,WB_WDI_NY_GDP_PCAP_CD,MDV,_T,_T,_T,_Z,_Z,_Z,2014,A,USD,NA
8150.23527,P1Y,0,NA,A,PU,_Z,2,NA,NA,FALSE,WB_WDI,WB_WDI_NY_GDP_PCAP_CD,ARG,_T,_T,_T,_Z,_Z,_Z,2009,A,USD,NA
2820.592655,P1Y,0,NA,A,PU,_Z,2,NA,NA,FALSE,WB_WDI,WB_WDI_NY_GDP_PCAP_CD,ARM,_T,_T,_T,_Z,_Z,_Z,2009,A,USD,NA
25134.77123,P1Y,0,NA,A,PU,_Z,2,NA,NA,FALSE,WB_WDI,WB_WDI_NY_GDP_PCAP_CD,ABW,_T,_T,_T,_Z,_Z,_Z,2009,A,USD,NA
42954.849488,P1Y,0,NA,A,PU,_Z,2,NA,NA,FALSE,WB_WDI,WB_WDI_NY_GDP_PCAP_CD,AUS,_T,_T,_T,_Z,_Z,_Z,2009,A,USD,NA
47857.444664,P1Y,0,NA,A,PU,_Z,2,NA,NA,FALSE,WB_WDI,WB_WDI_NY_GDP_PCAP_CD,AUT,_T,_T,_T,_Z,_Z,_Z,2009,A,USD,NA
4950.39949,P1Y,0,NA,A,PU,_Z,2,NA,NA,FALSE,WB_WDI,WB_WDI_NY_GDP_PCAP_CD,AZE,_T,_T,_T,_Z,_Z,_Z,2009,A,USD,NA
27512.913095,P1Y,0,NA,A,PU,_Z,2,NA,NA,FALSE,WB_WDI,WB_WDI_NY_GDP_PCAP_CD,BHS,_T,_T,_T,_Z,_Z,_Z,2009,A,USD,NA
19465.314075,P1Y,0,NA,A,PU,_Z,2,NA,NA,FALSE,WB_WDI,WB_WDI_NY_GDP_PCAP_CD,BHR,_T,_T,_T,_Z,_Z,_Z,2009,A,USD,NA
679.211477,P1Y,0,NA,A,PU,_Z,2,NA,NA,FALSE,WB_WDI,WB_WDI_NY_GDP_PCAP_CD,BGD,_T,_T,_T,_Z,_Z,_Z,2009,A,USD,NA
16294.909949,P1Y,0,NA,A,PU,_Z,2,NA,NA,FALSE,WB_WDI,WB_WDI_NY_GDP_PCAP_CD,BRB,_T,_T,_T,_Z,_Z,_Z,2009,A,USD,NA
5352.488092,P1Y,0,NA,A,PU,_Z,2,NA,NA,FALSE,WB_WDI,WB_WDI_NY_GDP_PCAP_CD,BLR,_T,_T,_T,_Z,_Z,_Z,2009,A,USD,NA
4717.039164,P1Y,0,NA,A,PU,_Z,2,NA,NA,FALSE,WB_WDI,WB_WDI_NY_GDP_PCAP_CD,IBT,_T,_T,_T,_Z,_Z,_Z,2013,A,USD,NA
1985.519999,P1Y,0,NA,A,PU,_Z,2,NA,NA,FALSE,WB_WDI,WB_WDI_NY_GDP_PCAP_CD,IDB,_T,_T,_T,_Z,_Z,_Z,2013,A,USD,NA
1006.289675,P1Y,0,NA,A,PU,_Z,2,NA,NA,FALSE,WB_WDI,WB_WDI_NY_GDP_PCAP_CD,IDX,_T,_T,_T,_Z,_Z,_Z,2013,A,USD,NA
1352.928609,P1Y,0,NA,A,PU,_Z,2,NA,NA,FALSE,WB_WDI,WB_WDI_NY_GDP_PCAP_CD,IDA,_T,_T,_T,_Z,_Z,_Z,2013,A,USD,NA
8644.257599,P1Y,0,NA,A,PU,_Z,2,NA,NA,FALSE,WB_WDI,WB_WDI_NY_GDP_PCAP_CD,LTE,_T,_T,_T,_Z,_Z,_Z,2013,A,USD,NA
10305.418402,P1Y,0,NA,A,PU,_Z,2,NA,NA,FALSE,WB_WDI,WB_WDI_NY_GDP_PCAP_CD,LCN,_T,_T,_T,_Z,_Z,_Z,2013,A,USD,NA
9901.44144,P1Y,0,NA,A,PU,_Z,2,NA,NA,FALSE,WB_WDI,WB_WDI_NY_GDP_PCAP_CD,LAC,_T,_T,_T,_Z,_Z,_Z,2013,A,USD,NA
10230.362649,P1Y,0,NA,A,PU,_Z,2,NA,NA,FALSE,WB_WDI,WB_WDI_NY_GDP_PCAP_CD,TLA,_T,_T,_T,_Z,_Z,_Z,2013,A,USD,NA
1007.414297,P1Y,0,NA,A,PU,_Z,2,NA,NA,FALSE,WB_WDI,WB_WDI_NY_GDP_PCAP_CD,LDC,_T,_T,_T,_Z,_Z,_Z,2013,A,USD,NA
4290.613233,P1Y,0,NA,A,PU,_Z,2,NA,NA,FALSE,WB_WDI,WB_WDI_NY_GDP_PCAP_CD,LMY,_T,_T,_T,_Z,_Z,_Z,2013,A,USD,NA
719.03357,P1Y,0,NA,A,PU,_Z,2,NA,NA,FALSE,WB_WDI,WB_WDI_NY_GDP_PCAP_CD,LIC,_T,_T,_T,_Z,_Z,_Z,2013,A,USD,NA
1766.557597,P1Y,0,NA,A,PU,_Z,2,NA,NA,FALSE,WB_WDI,WB_WDI_NY_GDP_PCAP_CD,LMC,_T,_T,_T,_Z,_Z,_Z,2013,A,USD,NA
5871.070081,P1Y,0,NA,A,PU,_Z,2,NA,NA,FALSE,WB_WDI,WB_WDI_NY_GDP_PCAP_CD,MEA,_T,_T,_T,_Z,_Z,_Z,2013,A,USD,NA
53172.026158,P1Y,0,NA,A,PU,_Z,2,NA,NA,FALSE,WB_WDI,WB_WDI_NY_GDP_PCAP_CD,NLD,_T,_T,_T,_Z,_Z,_Z,2009,A,USD,NA
33836.49408,P1Y,0,NA,A,PU,_Z,2,NA,NA,FALSE,WB_WDI,WB_WDI_NY_GDP_PCAP_CD,NCL,_T,_T,_T,_Z,_Z,_Z,2009,A,USD,NA
28276.725542,P1Y,0,NA,A,PU,_Z,2,NA,NA,FALSE,WB_WDI,WB_WDI_NY_GDP_PCAP_CD,NZL,_T,_T,_T,_Z,_Z,_Z,2009,A,USD,NA
1467.082881,P1Y,0,NA,A,PU,_Z,2,NA,NA,FALSE,WB_WDI,WB_WDI_NY_GDP_PCAP_CD,NIC,_T,_T,_T,_Z,_Z,_Z,2009,A,USD,NA
461.131534,P1Y,0,NA,A,PU,_Z,2,NA,NA,FALSE,WB_WDI,WB_WDI_NY_GDP_PCAP_CD,NER,_T,_T,_T,_Z,_Z,_Z,2009,A,USD,NA
1820.486339,P1Y,0,NA,A,PU,_Z,2,NA,NA,FALSE,WB_WDI,WB_WDI_NY_GDP_PCAP_CD,NGA,_T,_T,_T,_Z,_Z,_Z,2009,A,USD,NA
4799.787228,P1Y,0,NA,A,PU,_Z,2,NA,NA,FALSE,WB_WDI,WB_WDI_NY_GDP_PCAP_CD,MKD,_T,_T,_T,_Z,_Z,_Z,2009,A,USD,NA
14369.633981,P1Y,0,NA,A,PU,_Z,2,NA,NA,FALSE,WB_WDI,WB_WDI_NY_GDP_PCAP_CD,MNP,_T,_T,_T,_Z,_Z,_Z,2009,A,USD,NA
81939.726548,P1Y,0,NA,A,PU,_Z,2,NA,NA,FALSE,WB_WDI,WB_WDI_NY_GDP_PCAP_CD,NOR,_T,_T,_T,_Z,_Z,_Z,2009,A,USD,NA
20655.918025,P1Y,0,NA,A,PU,_Z,2,NA,NA,FALSE,WB_WDI,WB_WDI_NY_GDP_PCAP_CD,OMN,_T,_T,_T,_Z,_Z,_Z,2009,A,USD,NA
963.788066,P1Y,0,NA,A,PU,_Z,2,NA,NA,FALSE,WB_WDI,WB_WDI_NY_GDP_PCAP_CD,PAK,_T,_T,_T,_Z,_Z,_Z,2009,A,USD,NA
9837.498831,P1Y,0,NA,A,PU,_Z,2,NA,NA,FALSE,WB_WDI,WB_WDI_NY_GDP_PCAP_CD,PLW,_T,_T,_T,_Z,_Z,_Z,2009,A,USD,NA
7796.92617,P1Y,0,NA,A,PU,_Z,2,NA,NA,FALSE,WB_WDI,WB_WDI_NY_GDP_PCAP_CD,PAN,_T,_T,_T,_Z,_Z,_Z,2009,A,USD,NA
600.194299,P1Y,0,NA,A,PU,_Z,2,NA,NA,FALSE,WB_WDI,WB_WDI_NY_GDP_PCAP_CD,GNB,_T,_T,_T,_Z,_Z,_Z,2010,A,USD,NA
4581.761797,P1Y,0,NA,A,PU,_Z,2,NA,NA,FALSE,WB_WDI,WB_WDI_NY_GDP_PCAP_CD,GUY,_T,_T,_T,_Z,_Z,_Z,2010,A,USD,NA
1209.727335,P1Y,0,NA,A,PU,_Z,2,NA,NA,FALSE,WB_WDI,WB_WDI_NY_GDP_PCAP_CD,HTI,_T,_T,_T,_Z,_Z,_Z,2010,A,USD,NA
1893.327227,P1Y,0,NA,A,PU,_Z,2,NA,NA,FALSE,WB_WDI,WB_WDI_NY_GDP_PCAP_CD,HND,_T,_T,_T,_Z,_Z,_Z,2010,A,USD,NA
32550.136489,P1Y,0,NA,A,PU,_Z,2,NA,NA,FALSE,WB_WDI,WB_WDI_NY_GDP_PCAP_CD,HKG,_T,_T,_T,_Z,_Z,_Z,2010,A,USD,NA
13189.843387,P1Y,0,NA,A,PU,_Z,2,NA,NA,FALSE,WB_WDI,WB_WDI_NY_GDP_PCAP_CD,HUN,_T,_T,_T,_Z,_Z,_Z,2010,A,USD,NA
43776.46774,P1Y,0,NA,A,PU,_Z,2,NA,NA,FALSE,WB_WDI,WB_WDI_NY_GDP_PCAP_CD,ISL,_T,_T,_T,_Z,_Z,_Z,2010,A,USD,NA
1347.519391,P1Y,0,NA,A,PU,_Z,2,NA,NA,FALSE,WB_WDI,WB_WDI_NY_GDP_PCAP_CD,IND,_T,_T,_T,_Z,_Z,_Z,2010,A,USD,NA
3065.683484,P1Y,0,NA,A,PU,_Z,2,NA,NA,FALSE,WB_WDI,WB_WDI_NY_GDP_PCAP_CD,IDN,_T,_T,_T,_Z,_Z,_Z,2010,A,USD,NA
6291.194437,P1Y,0,NA,A,PU,_Z,2,NA,NA,FALSE,WB_WDI,WB_WDI_NY_GDP_PCAP_CD,IRN,_T,_T,_T,_Z,_Z,_Z,2010,A,USD,NA
3168.983706,P1Y,0,NA,A,PU,_Z,2,NA,NA,FALSE,WB_WDI,WB_WDI_NY_GDP_PCAP_CD,GTM,_T,_T,_T,_Z,_Z,_Z,2011,A,USD,NA
636.694959,P1Y,0,NA,A,PU,_Z,2,NA,NA,FALSE,WB_WDI,WB_WDI_NY_GDP_PCAP_CD,GIN,_T,_T,_T,_Z,_Z,_Z,2011,A,USD,NA
719.539573,P1Y,0,NA,A,PU,_Z,2,NA,NA,FALSE,WB_WDI,WB_WDI_NY_GDP_PCAP_CD,GNB,_T,_T,_T,_Z,_Z,_Z,2011,A,USD,NA
4947.221706,P1Y,0,NA,A,PU,_Z,2,NA,NA,FALSE,WB_WDI,WB_WDI_NY_GDP_PCAP_CD,GUY,_T,_T,_T,_Z,_Z,_Z,2011,A,USD,NA
1312.039536,P1Y,0,NA,A,PU,_Z,2,NA,NA,FALSE,WB_WDI,WB_WDI_NY_GDP_PCAP_CD,HTI,_T,_T,_T,_Z,_Z,_Z,2011,A,USD,NA
2073.661211,P1Y,0,NA,A,PU,_Z,2,NA,NA,FALSE,WB_WDI,WB_WDI_NY_GDP_PCAP_CD,HND,_T,_T,_T,_Z,_Z,_Z,2011,A,USD,NA
35142.487934,P1Y,0,NA,A,PU,_Z,2,NA,NA,FALSE,WB_WDI,WB_WDI_NY_GDP_PCAP_CD,HKG,_T,_T,_T,_Z,_Z,_Z,2011,A,USD,NA
14211.460558,P1Y,0,NA,A,PU,_Z,2,NA,NA,FALSE,WB_WDI,WB_WDI_NY_GDP_PCAP_CD,HUN,_T,_T,_T,_Z,_Z,_Z,2011,A,USD,NA
48254.953927,P1Y,0,NA,A,PU,_Z,2,NA,NA,FALSE,WB_WDI,WB_WDI_NY_GDP_PCAP_CD,ISL,_T,_T,_T,_Z,_Z,_Z,2011,A,USD,NA
1445.461275,P1Y,0,NA,A,PU,_Z,2,NA,NA,FALSE,WB_WDI,WB_WDI_NY_GDP_PCAP_CD,IND,_T,_T,_T,_Z,_Z,_Z,2011,A,USD,NA
3579.464425,P1Y,0,NA,A,PU,_Z,2,NA,NA,FALSE,WB_WDI,WB_WDI_NY_GDP_PCAP_CD,IDN,_T,_T,_T,_Z,_Z,_Z,2011,A,USD,NA
19937.302914,P1Y,0,NA,A,PU,_Z,2,NA,NA,FALSE,WB_WDI,WB_WDI_NY_GDP_PCAP_CD,KOR,_T,_T,_T,_Z,_Z,_Z,2009,A,USD,NA
2805.94693,P1Y,0,NA,A,PU,_Z,2,NA,NA,FALSE,WB_WDI,WB_WDI_NY_GDP_PCAP_CD,XKX,_T,_T,_T,_Z,_Z,_Z,2009,A,USD,NA
37907.100132,P1Y,0,NA,A,PU,_Z,2,NA,NA,FALSE,WB_WDI,WB_WDI_NY_GDP_PCAP_CD,KWT,_T,_T,_T,_Z,_Z,_Z,2009,A,USD,NA
870.198895,P1Y,0,NA,A,PU,_Z,2,NA,NA,FALSE,WB_WDI,WB_WDI_NY_GDP_PCAP_CD,KGZ,_T,_T,_T,_Z,_Z,_Z,2009,A,USD,NA
935.032373,P1Y,0,NA,A,PU,_Z,2,NA,NA,FALSE,WB_WDI,WB_WDI_NY_GDP_PCAP_CD,LAO,_T,_T,_T,_Z,_Z,_Z,2009,A,USD,NA
11996.032273,P1Y,0,NA,A,PU,_Z,2,NA,NA,FALSE,WB_WDI,WB_WDI_NY_GDP_PCAP_CD,LVA,_T,_T,_T,_Z,_Z,_Z,2009,A,USD,NA
7090.854939,P1Y,0,NA,A,PU,_Z,2,NA,NA,FALSE,WB_WDI,WB_WDI_NY_GDP_PCAP_CD,LBN,_T,_T,_T,_Z,_Z,_Z,2009,A,USD,NA
878.847951,P1Y,0,NA,A,PU,_Z,2,NA,NA,FALSE,WB_WDI,WB_WDI_NY_GDP_PCAP_CD,LSO,_T,_T,_T,_Z,_Z,_Z,2009,A,USD,NA
448.386367,P1Y,0,NA,A,PU,_Z,2,NA,NA,FALSE,WB_WDI,WB_WDI_NY_GDP_PCAP_CD,LBR,_T,_T,_T,_Z,_Z,_Z,2009,A,USD,NA
9551.054039,P1Y,0,NA,A,PU,_Z,2,NA,NA,FALSE,WB_WDI,WB_WDI_NY_GDP_PCAP_CD,LBY,_T,_T,_T,_Z,_Z,_Z,2009,A,USD,NA
126024.714567,P1Y,0,NA,A,PU,_Z,2,NA,NA,FALSE,WB_WDI,WB_WDI_NY_GDP_PCAP_CD,LIE,_T,_T,_T,_Z,_Z,_Z,2009,A,USD,NA
11854.371105,P1Y,0,NA,A,PU,_Z,2,NA,NA,FALSE,WB_WDI,WB_WDI_NY_GDP_PCAP_CD,LTU,_T,_T,_T,_Z,_Z,_Z,2009,A,USD,NA
9421.525141,P1Y,0,NA,A,PU,_Z,2,NA,NA,FALSE,WB_WDI,WB_WDI_NY_GDP_PCAP_CD,MUS,_T,_T,_T,_Z,_Z,_Z,2012,A,USD,NA
10744.133524,P1Y,0,NA,A,PU,_Z,2,NA,NA,FALSE,WB_WDI,WB_WDI_NY_GDP_PCAP_CD,MEX,_T,_T,_T,_Z,_Z,_Z,2012,A,USD,NA
3003.058671,P1Y,0,NA,A,PU,_Z,2,NA,NA,FALSE,WB_WDI,WB_WDI_NY_GDP_PCAP_CD,FSM,_T,_T,_T,_Z,_Z,_Z,2012,A,USD,NA
3044.808432,P1Y,0,NA,A,PU,_Z,2,NA,NA,FALSE,WB_WDI,WB_WDI_NY_GDP_PCAP_CD,MDA,_T,_T,_T,_Z,_Z,_Z,2012,A,USD,NA
165444.625783,P1Y,0,NA,A,PU,_Z,2,NA,NA,FALSE,WB_WDI,WB_WDI_NY_GDP_PCAP_CD,MCO,_T,_T,_T,_Z,_Z,_Z,2012,A,USD,NA
4328.890019,P1Y,0,NA,A,PU,_Z,2,NA,NA,FALSE,WB_WDI,WB_WDI_NY_GDP_PCAP_CD,MNG,_T,_T,_T,_Z,_Z,_Z,2012,A,USD,NA
6552.479703,P1Y,0,NA,A,PU,_Z,2,NA,NA,FALSE,WB_WDI,WB_WDI_NY_GDP_PCAP_CD,MNE,_T,_T,_T,_Z,_Z,_Z,2012,A,USD,NA
3164.177246,P1Y,0,NA,A,PU,_Z,2,NA,NA,FALSE,WB_WDI,WB_WDI_NY_GDP_PCAP_CD,MAR,_T,_T,_T,_Z,_Z,_Z,2012,A,USD,NA
685.685748,P1Y,0,NA,A,PU,_Z,2,NA,NA,FALSE,WB_WDI,WB_WDI_NY_GDP_PCAP_CD,MOZ,_T,_T,_T,_Z,_Z,_Z,2012,A,USD,NA
1202.665896,P1Y,0,NA,A,PU,_Z,2,NA,NA,FALSE,WB_WDI,WB_WDI_NY_GDP_PCAP_CD,MMR,_T,_T,_T,_Z,_Z,_Z,2012,A,USD,NA
5942.64681,P1Y,0,NA,A,PU,_Z,2,NA,NA,FALSE,WB_WDI,WB_WDI_NY_GDP_PCAP_CD,NAM,_T,_T,_T,_Z,_Z,_Z,2012,A,USD,NA
3054.908203,P1Y,0,NA,A,PU,_Z,2,NA,NA,FALSE,WB_WDI,WB_WDI_NY_GDP_PCAP_CD,UKR,_T,_T,_T,_Z,_Z,_Z,2014,A,USD,NA
52725.230798,P1Y,0,NA,A,PU,_Z,2,NA,NA,FALSE,WB_WDI,WB_WDI_NY_GDP_PCAP_CD,ARE,_T,_T,_T,_Z,_Z,_Z,2014,A,USD,NA
47746.981065,P1Y,0,NA,A,PU,_Z,2,NA,NA,FALSE,WB_WDI,WB_WDI_NY_GDP_PCAP_CD,GBR,_T,_T,_T,_Z,_Z,_Z,2014,A,USD,NA
55153.394018,P1Y,0,NA,A,PU,_Z,2,NA,NA,FALSE,WB_WDI,WB_WDI_NY_GDP_PCAP_CD,USA,_T,_T,_T,_Z,_Z,_Z,2014,A,USD,NA
18322.427677,P1Y,0,NA,A,PU,_Z,2,NA,NA,FALSE,WB_WDI,WB_WDI_NY_GDP_PCAP_CD,URY,_T,_T,_T,_Z,_Z,_Z,2014,A,USD,NA
3021.003317,P1Y,0,NA,A,PU,_Z,2,NA,NA,FALSE,WB_WDI,WB_WDI_NY_GDP_PCAP_CD,UZB,_T,_T,_T,_Z,_Z,_Z,2014,A,USD,NA
3378.36412,P1Y,0,NA,A,PU,_Z,2,NA,NA,FALSE,WB_WDI,WB_WDI_NY_GDP_PCAP_CD,VUT,_T,_T,_T,_Z,_Z,_Z,2014,A,USD,NA
7101.150064,P1Y,0,NA,A,PU,_Z,2,NA,NA,FALSE,WB_WDI,WB_WDI_NY_GDP_PCAP_CD,VEN,_T,_T,_T,_Z,_Z,_Z,2014,A,USD,NA
2546.384645,P1Y,0,NA,A,PU,_Z,2,NA,NA,FALSE,WB_WDI,WB_WDI_NY_GDP_PCAP_CD,VNM,_T,_T,_T,_Z,_Z,_Z,2014,A,USD,NA
33045.36438,P1Y,0,NA,A,PU,_Z,2,NA,NA,FALSE,WB_WDI,WB_WDI_NY_GDP_PCAP_CD,VIR,_T,_T,_T,_Z,_Z,_Z,2014,A,USD,NA
3352.112595,P1Y,0,NA,A,PU,_Z,2,NA,NA,FALSE,WB_WDI,WB_WDI_NY_GDP_PCAP_CD,PSE,_T,_T,_T,_Z,_Z,_Z,2014,A,USD,NA
703.532826,P1Y,0,NA,A,PU,_Z,2,NA,NA,FALSE,WB_WDI,WB_WDI_NY_GDP_PCAP_CD,GIN,_T,_T,_T,_Z,_Z,_Z,2008,A,USD,NA
640.210331,P1Y,0,NA,A,PU,_Z,2,NA,NA,FALSE,WB_WDI,WB_WDI_NY_GDP_PCAP_CD,GNB,_T,_T,_T,_Z,_Z,_Z,2008,A,USD,NA
4008.962867,P1Y,0,NA,A,PU,_Z,2,NA,NA,FALSE,WB_WDI,WB_WDI_NY_GDP_PCAP_CD,GUY,_T,_T,_T,_Z,_Z,_Z,2008,A,USD,NA
1094.660584,P1Y,0,NA,A,PU,_Z,2,NA,NA,FALSE,WB_WDI,WB_WDI_NY_GDP_PCAP_CD,HTI,_T,_T,_T,_Z,_Z,_Z,2008,A,USD,NA
1732.490627,P1Y,0,NA,A,PU,_Z,2,NA,NA,FALSE,WB_WDI,WB_WDI_NY_GDP_PCAP_CD,HND,_T,_T,_T,_Z,_Z,_Z,2008,A,USD,NA
31515.52921,P1Y,0,NA,A,PU,_Z,2,NA,NA,FALSE,WB_WDI,WB_WDI_NY_GDP_PCAP_CD,HKG,_T,_T,_T,_Z,_Z,_Z,2008,A,USD,NA
15762.632252,P1Y,0,NA,A,PU,_Z,2,NA,NA,FALSE,WB_WDI,WB_WDI_NY_GDP_PCAP_CD,HUN,_T,_T,_T,_Z,_Z,_Z,2008,A,USD,NA
57489.33998,P1Y,0,NA,A,PU,_Z,2,NA,NA,FALSE,WB_WDI,WB_WDI_NY_GDP_PCAP_CD,ISL,_T,_T,_T,_Z,_Z,_Z,2008,A,USD,NA
992.519585,P1Y,0,NA,A,PU,_Z,2,NA,NA,FALSE,WB_WDI,WB_WDI_NY_GDP_PCAP_CD,IND,_T,_T,_T,_Z,_Z,_Z,2008,A,USD,NA
2124.554839,P1Y,0,NA,A,PU,_Z,2,NA,NA,FALSE,WB_WDI,WB_WDI_NY_GDP_PCAP_CD,IDN,_T,_T,_T,_Z,_Z,_Z,2008,A,USD,NA
5377.411507,P1Y,0,NA,A,PU,_Z,2,NA,NA,FALSE,WB_WDI,WB_WDI_NY_GDP_PCAP_CD,IRN,_T,_T,_T,_Z,_Z,_Z,2008,A,USD,NA
26175.239855,P1Y,0,NA,A,PU,_Z,2,NA,NA,FALSE,WB_WDI,WB_WDI_NY_GDP_PCAP_CD,KOR,_T,_T,_T,_Z,_Z,_Z,2011,A,USD,NA
3538.948098,P1Y,0,NA,A,PU,_Z,2,NA,NA,FALSE,WB_WDI,WB_WDI_NY_GDP_PCAP_CD,XKX,_T,_T,_T,_Z,_Z,_Z,2011,A,USD,NA
49169.606381,P1Y,0,NA,A,PU,_Z,2,NA,NA,FALSE,WB_WDI,WB_WDI_NY_GDP_PCAP_CD,KWT,_T,_T,_T,_Z,_Z,_Z,2011,A,USD,NA
1117.401744,P1Y,0,NA,A,PU,_Z,2,NA,NA,FALSE,WB_WDI,WB_WDI_NY_GDP_PCAP_CD,KGZ,_T,_T,_T,_Z,_Z,_Z,2011,A,USD,NA
1361.547044,P1Y,0,NA,A,PU,_Z,2,NA,NA,FALSE,WB_WDI,WB_WDI_NY_GDP_PCAP_CD,LAO,_T,_T,_T,_Z,_Z,_Z,2011,A,USD,NA
12902.574053,P1Y,0,NA,A,PU,_Z,2,NA,NA,FALSE,WB_WDI,WB_WDI_NY_GDP_PCAP_CD,LVA,_T,_T,_T,_Z,_Z,_Z,2011,A,USD,NA
7834.962571,P1Y,0,NA,A,PU,_Z,2,NA,NA,FALSE,WB_WDI,WB_WDI_NY_GDP_PCAP_CD,LBN,_T,_T,_T,_Z,_Z,_Z,2011,A,USD,NA
1280.733909,P1Y,0,NA,A,PU,_Z,2,NA,NA,FALSE,WB_WDI,WB_WDI_NY_GDP_PCAP_CD,LSO,_T,_T,_T,_Z,_Z,_Z,2011,A,USD,NA
568.087866,P1Y,0,NA,A,PU,_Z,2,NA,NA,FALSE,WB_WDI,WB_WDI_NY_GDP_PCAP_CD,LBR,_T,_T,_T,_Z,_Z,_Z,2011,A,USD,NA
7593.839153,P1Y,0,NA,A,PU,_Z,2,NA,NA,FALSE,WB_WDI,WB_WDI_NY_GDP_PCAP_CD,LBY,_T,_T,_T,_Z,_Z,_Z,2011,A,USD,NA
158066.369379,P1Y,0,NA,A,PU,_Z,2,NA,NA,FALSE,WB_WDI,WB_WDI_NY_GDP_PCAP_CD,LIE,_T,_T,_T,_Z,_Z,_Z,2011,A,USD,NA
22494.806706,P1Y,0,NA,A,PU,_Z,2,NA,NA,FALSE,WB_WDI,WB_WDI_NY_GDP_PCAP_CD,PYF,_T,_T,_T,_Z,_Z,_Z,2010,A,USD,NA
8356.74662,P1Y,0,NA,A,PU,_Z,2,NA,NA,FALSE,WB_WDI,WB_WDI_NY_GDP_PCAP_CD,GAB,_T,_T,_T,_Z,_Z,_Z,2010,A,USD,NA
801.033373,P1Y,0,NA,A,PU,_Z,2,NA,NA,FALSE,WB_WDI,WB_WDI_NY_GDP_PCAP_CD,GMB,_T,_T,_T,_Z,_Z,_Z,2010,A,USD,NA
3281.729309,P1Y,0,NA,A,PU,_Z,2,NA,NA,FALSE,WB_WDI,WB_WDI_NY_GDP_PCAP_CD,GEO,_T,_T,_T,_Z,_Z,_Z,2010,A,USD,NA
42396.966598,P1Y,0,NA,A,PU,_Z,2,NA,NA,FALSE,WB_WDI,WB_WDI_NY_GDP_PCAP_CD,DEU,_T,_T,_T,_Z,_Z,_Z,2010,A,USD,NA
1263.892518,P1Y,0,NA,A,PU,_Z,2,NA,NA,FALSE,WB_WDI,WB_WDI_NY_GDP_PCAP_CD,GHA,_T,_T,_T,_Z,_Z,_Z,2010,A,USD,NA
26653.048801,P1Y,0,NA,A,PU,_Z,2,NA,NA,FALSE,WB_WDI,WB_WDI_NY_GDP_PCAP_CD,GRC,_T,_T,_T,_Z,_Z,_Z,2010,A,USD,NA
44277.19934,P1Y,0,NA,A,PU,_Z,2,NA,NA,FALSE,WB_WDI,WB_WDI_NY_GDP_PCAP_CD,GRL,_T,_T,_T,_Z,_Z,_Z,2010,A,USD,NA
6909.601696,P1Y,0,NA,A,PU,_Z,2,NA,NA,FALSE,WB_WDI,WB_WDI_NY_GDP_PCAP_CD,GRD,_T,_T,_T,_Z,_Z,_Z,2010,A,USD,NA
29719.796784,P1Y,0,NA,A,PU,_Z,2,NA,NA,FALSE,WB_WDI,WB_WDI_NY_GDP_PCAP_CD,GUM,_T,_T,_T,_Z,_Z,_Z,2010,A,USD,NA
2805.259602,P1Y,0,NA,A,PU,_Z,2,NA,NA,FALSE,WB_WDI,WB_WDI_NY_GDP_PCAP_CD,GTM,_T,_T,_T,_Z,_Z,_Z,2010,A,USD,NA
659.235326,P1Y,0,NA,A,PU,_Z,2,NA,NA,FALSE,WB_WDI,WB_WDI_NY_GDP_PCAP_CD,GIN,_T,_T,_T,_Z,_Z,_Z,2010,A,USD,NA
696.348429,P1Y,0,NA,A,PU,_Z,2,NA,NA,FALSE,WB_WDI,WB_WDI_NY_GDP_PCAP_CD,ETH,_T,_T,_T,_Z,_Z,_Z,2017,A,USD,NA
59388.536597,P1Y,0,NA,A,PU,_Z,2,NA,NA,FALSE,WB_WDI,WB_WDI_NY_GDP_PCAP_CD,FRO,_T,_T,_T,_Z,_Z,_Z,2017,A,USD,NA
5826.848145,P1Y,0,NA,A,PU,_Z,2,NA,NA,FALSE,WB_WDI,WB_WDI_NY_GDP_PCAP_CD,FJI,_T,_T,_T,_Z,_Z,_Z,2017,A,USD,NA
46085.017474,P1Y,0,NA,A,PU,_Z,2,NA,NA,FALSE,WB_WDI,WB_WDI_NY_GDP_PCAP_CD,FIN,_T,_T,_T,_Z,_Z,_Z,2017,A,USD,NA
38687.162641,P1Y,0,NA,A,PU,_Z,2,NA,NA,FALSE,WB_WDI,WB_WDI_NY_GDP_PCAP_CD,FRA,_T,_T,_T,_Z,_Z,_Z,2017,A,USD,NA
20826.931249,P1Y,0,NA,A,PU,_Z,2,NA,NA,FALSE,WB_WDI,WB_WDI_NY_GDP_PCAP_CD,PYF,_T,_T,_T,_Z,_Z,_Z,2017,A,USD,NA
6921.733731,P1Y,0,NA,A,PU,_Z,2,NA,NA,FALSE,WB_WDI,WB_WDI_NY_GDP_PCAP_CD,GAB,_T,_T,_T,_Z,_Z,_Z,2017,A,USD,NA
642.522641,P1Y,0,NA,A,PU,_Z,2,NA,NA,FALSE,WB_WDI,WB_WDI_NY_GDP_PCAP_CD,GMB,_T,_T,_T,_Z,_Z,_Z,2017,A,USD,NA
4418.752065,P1Y,0,NA,A,PU,_Z,2,NA,NA,FALSE,WB_WDI,WB_WDI_NY_GDP_PCAP_CD,GEO,_T,_T,_T,_Z,_Z,_Z,2017,A,USD,NA
45553.93415,P1Y,0,NA,A,PU,_Z,2,NA,NA,FALSE,WB_WDI,WB_WDI_NY_GDP_PCAP_CD,DEU,_T,_T,_T,_Z,_Z,_Z,2017,A,USD,NA
2012.286626,P1Y,0,NA,A,PU,_Z,2,NA,NA,FALSE,WB_WDI,WB_WDI_NY_GDP_PCAP_CD,GHA,_T,_T,_T,_Z,_Z,_Z,2017,A,USD,NA
18631.993013,P1Y,0,NA,A,PU,_Z,2,NA,NA,FALSE,WB_WDI,WB_WDI_NY_GDP_PCAP_CD,GRC,_T,_T,_T,_Z,_Z,_Z,2017,A,USD,NA
51305.733853,P1Y,0,NA,A,PU,_Z,2,NA,NA,FALSE,WB_WDI,WB_WDI_NY_GDP_PCAP_CD,NLD,_T,_T,_T,_Z,_Z,_Z,2010,A,USD,NA
35798.908476,P1Y,0,NA,A,PU,_Z,2,NA,NA,FALSE,WB_WDI,WB_WDI_NY_GDP_PCAP_CD,NCL,_T,_T,_T,_Z,_Z,_Z,2010,A,USD,NA
33761.900964,P1Y,0,NA,A,PU,_Z,2,NA,NA,FALSE,WB_WDI,WB_WDI_NY_GDP_PCAP_CD,NZL,_T,_T,_T,_Z,_Z,_Z,2010,A,USD,NA
1526.56707,P1Y,0,NA,A,PU,_Z,2,NA,NA,FALSE,WB_WDI,WB_WDI_NY_GDP_PCAP_CD,NIC,_T,_T,_T,_Z,_Z,_Z,2010,A,USD,NA
474.425692,P1Y,0,NA,A,PU,_Z,2,NA,NA,FALSE,WB_WDI,WB_WDI_NY_GDP_PCAP_CD,NER,_T,_T,_T,_Z,_Z,_Z,2010,A,USD,NA
2202.25673,P1Y,0,NA,A,PU,_Z,2,NA,NA,FALSE,WB_WDI,WB_WDI_NY_GDP_PCAP_CD,NGA,_T,_T,_T,_Z,_Z,_Z,2010,A,USD,NA
4833.365868,P1Y,0,NA,A,PU,_Z,2,NA,NA,FALSE,WB_WDI,WB_WDI_NY_GDP_PCAP_CD,MKD,_T,_T,_T,_Z,_Z,_Z,2010,A,USD,NA
14771.403746,P1Y,0,NA,A,PU,_Z,2,NA,NA,FALSE,WB_WDI,WB_WDI_NY_GDP_PCAP_CD,MNP,_T,_T,_T,_Z,_Z,_Z,2010,A,USD,NA
90020.342258,P1Y,0,NA,A,PU,_Z,2,NA,NA,FALSE,WB_WDI,WB_WDI_NY_GDP_PCAP_CD,NOR,_T,_T,_T,_Z,_Z,_Z,2010,A,USD,NA
23570.179815,P1Y,0,NA,A,PU,_Z,2,NA,NA,FALSE,WB_WDI,WB_WDI_NY_GDP_PCAP_CD,OMN,_T,_T,_T,_Z,_Z,_Z,2010,A,USD,NA
987.304571,P1Y,0,NA,A,PU,_Z,2,NA,NA,FALSE,WB_WDI,WB_WDI_NY_GDP_PCAP_CD,PAK,_T,_T,_T,_Z,_Z,_Z,2010,A,USD,NA
10018.065238,P1Y,0,NA,A,PU,_Z,2,NA,NA,FALSE,WB_WDI,WB_WDI_NY_GDP_PCAP_CD,PLW,_T,_T,_T,_Z,_Z,_Z,2010,A,USD,NA
47060.159255,P1Y,0,NA,A,PU,_Z,2,NA,NA,FALSE,WB_WDI,WB_WDI_NY_GDP_PCAP_CD,FRO,_T,_T,_T,_Z,_Z,_Z,2009,A,USD,NA
3164.132754,P1Y,0,NA,A,PU,_Z,2,NA,NA,FALSE,WB_WDI,WB_WDI_NY_GDP_PCAP_CD,FJI,_T,_T,_T,_Z,_Z,_Z,2009,A,USD,NA
47478.349531,P1Y,0,NA,A,PU,_Z,2,NA,NA,FALSE,WB_WDI,WB_WDI_NY_GDP_PCAP_CD,FIN,_T,_T,_T,_Z,_Z,_Z,2009,A,USD,NA
41728.088416,P1Y,0,NA,A,PU,_Z,2,NA,NA,FALSE,WB_WDI,WB_WDI_NY_GDP_PCAP_CD,FRA,_T,_T,_T,_Z,_Z,_Z,2009,A,USD,NA
24434.219756,P1Y,0,NA,A,PU,_Z,2,NA,NA,FALSE,WB_WDI,WB_WDI_NY_GDP_PCAP_CD,PYF,_T,_T,_T,_Z,_Z,_Z,2009,A,USD,NA
7290.575261,P1Y,0,NA,A,PU,_Z,2,NA,NA,FALSE,WB_WDI,WB_WDI_NY_GDP_PCAP_CD,GAB,_T,_T,_T,_Z,_Z,_Z,2009,A,USD,NA
774.888031,P1Y,0,NA,A,PU,_Z,2,NA,NA,FALSE,WB_WDI,WB_WDI_NY_GDP_PCAP_CD,GMB,_T,_T,_T,_Z,_Z,_Z,2009,A,USD,NA
2822.689397,P1Y,0,NA,A,PU,_Z,2,NA,NA,FALSE,WB_WDI,WB_WDI_NY_GDP_PCAP_CD,GEO,_T,_T,_T,_Z,_Z,_Z,2009,A,USD,NA
42471.886863,P1Y,0,NA,A,PU,_Z,2,NA,NA,FALSE,WB_WDI,WB_WDI_NY_GDP_PCAP_CD,DEU,_T,_T,_T,_Z,_Z,_Z,2009,A,USD,NA
1047.704301,P1Y,0,NA,A,PU,_Z,2,NA,NA,FALSE,WB_WDI,WB_WDI_NY_GDP_PCAP_CD,GHA,_T,_T,_T,_Z,_Z,_Z,2009,A,USD,NA
29425.45732,P1Y,0,NA,A,PU,_Z,2,NA,NA,FALSE,WB_WDI,WB_WDI_NY_GDP_PCAP_CD,GRC,_T,_T,_T,_Z,_Z,_Z,2009,A,USD,NA
44918.841383,P1Y,0,NA,A,PU,_Z,2,NA,NA,FALSE,WB_WDI,WB_WDI_NY_GDP_PCAP_CD,GRL,_T,_T,_T,_Z,_Z,_Z,2009,A,USD,NA
6932.564722,P1Y,0,NA,A,PU,_Z,2,NA,NA,FALSE,WB_WDI,WB_WDI_NY_GDP_PCAP_CD,GRD,_T,_T,_T,_Z,_Z,_Z,2009,A,USD,NA
1603.326535,P1Y,0,NA,A,PU,_Z,2,NA,NA,FALSE,WB_WDI,WB_WDI_NY_GDP_PCAP_CD,COM,_T,_T,_T,_Z,_Z,_Z,2013,A,USD,NA
460.370335,P1Y,0,NA,A,PU,_Z,2,NA,NA,FALSE,WB_WDI,WB_WDI_NY_GDP_PCAP_CD,COD,_T,_T,_T,_Z,_Z,_Z,2013,A,USD,NA
3697.417059,P1Y,0,NA,A,PU,_Z,2,NA,NA,FALSE,WB_WDI,WB_WDI_NY_GDP_PCAP_CD,COG,_T,_T,_T,_Z,_Z,_Z,2013,A,USD,NA
10803.24018,P1Y,0,NA,A,PU,_Z,2,NA,NA,FALSE,WB_WDI,WB_WDI_NY_GDP_PCAP_CD,CRI,_T,_T,_T,_Z,_Z,_Z,2013,A,USD,NA
1786.15862,P1Y,0,NA,A,PU,_Z,2,NA,NA,FALSE,WB_WDI,WB_WDI_NY_GDP_PCAP_CD,CIV,_T,_T,_T,_Z,_Z,_Z,2013,A,USD,NA
14135.090349,P1Y,0,NA,A,PU,_Z,2,NA,NA,FALSE,WB_WDI,WB_WDI_NY_GDP_PCAP_CD,HRV,_T,_T,_T,_Z,_Z,_Z,2013,A,USD,NA
6828.364282,P1Y,0,NA,A,PU,_Z,2,NA,NA,FALSE,WB_WDI,WB_WDI_NY_GDP_PCAP_CD,CUB,_T,_T,_T,_Z,_Z,_Z,2013,A,USD,NA
19721.292165,P1Y,0,NA,A,PU,_Z,2,NA,NA,FALSE,WB_WDI,WB_WDI_NY_GDP_PCAP_CD,CUW,_T,_T,_T,_Z,_Z,_Z,2013,A,USD,NA
27764.726563,P1Y,0,NA,A,PU,_Z,2,NA,NA,FALSE,WB_WDI,WB_WDI_NY_GDP_PCAP_CD,CYP,_T,_T,_T,_Z,_Z,_Z,2013,A,USD,NA
20260.4955,P1Y,0,NA,A,PU,_Z,2,NA,NA,FALSE,WB_WDI,WB_WDI_NY_GDP_PCAP_CD,CZE,_T,_T,_T,_Z,_Z,_Z,2013,A,USD,NA
61377.594059,P1Y,0,NA,A,PU,_Z,2,NA,NA,FALSE,WB_WDI,WB_WDI_NY_GDP_PCAP_CD,DNK,_T,_T,_T,_Z,_Z,_Z,2013,A,USD,NA
2075.944984,P1Y,0,NA,A,PU,_Z,2,NA,NA,FALSE,WB_WDI,WB_WDI_NY_GDP_PCAP_CD,DJI,_T,_T,_T,_Z,_Z,_Z,2013,A,USD,NA
601.569521,P1Y,0,NA,A,PU,_Z,2,NA,NA,FALSE,WB_WDI,WB_WDI_NY_GDP_PCAP_CD,BFA,_T,_T,_T,_Z,_Z,_Z,2009,A,USD,NA
198.431524,P1Y,0,NA,A,PU,_Z,2,NA,NA,FALSE,WB_WDI,WB_WDI_NY_GDP_PCAP_CD,BDI,_T,_T,_T,_Z,_Z,_Z,2009,A,USD,NA
3659.720464,P1Y,0,NA,A,PU,_Z,2,NA,NA,FALSE,WB_WDI,WB_WDI_NY_GDP_PCAP_CD,CPV,_T,_T,_T,_Z,_Z,_Z,2009,A,USD,NA
875.748936,P1Y,0,NA,A,PU,_Z,2,NA,NA,FALSE,WB_WDI,WB_WDI_NY_GDP_PCAP_CD,KHM,_T,_T,_T,_Z,_Z,_Z,2009,A,USD,NA
1461.389992,P1Y,0,NA,A,PU,_Z,2,NA,NA,FALSE,WB_WDI,WB_WDI_NY_GDP_PCAP_CD,CMR,_T,_T,_T,_Z,_Z,_Z,2009,A,USD,NA
40874.961232,P1Y,0,NA,A,PU,_Z,2,NA,NA,FALSE,WB_WDI,WB_WDI_NY_GDP_PCAP_CD,CAN,_T,_T,_T,_Z,_Z,_Z,2009,A,USD,NA
81373.571152,P1Y,0,NA,A,PU,_Z,2,NA,NA,FALSE,WB_WDI,WB_WDI_NY_GDP_PCAP_CD,CYM,_T,_T,_T,_Z,_Z,_Z,2009,A,USD,NA
456.471674,P1Y,0,NA,A,PU,_Z,2,NA,NA,FALSE,WB_WDI,WB_WDI_NY_GDP_PCAP_CD,CAF,_T,_T,_T,_Z,_Z,_Z,2009,A,USD,NA
1035.637197,P1Y,0,NA,A,PU,_Z,2,NA,NA,FALSE,WB_WDI,WB_WDI_NY_GDP_PCAP_CD,TCD,_T,_T,_T,_Z,_Z,_Z,2009,A,USD,NA
57778.540706,P1Y,0,NA,A,PU,_Z,2,NA,NA,FALSE,WB_WDI,WB_WDI_NY_GDP_PCAP_CD,CHI,_T,_T,_T,_Z,_Z,_Z,2009,A,USD,NA
10098.801717,P1Y,0,NA,A,PU,_Z,2,NA,NA,FALSE,WB_WDI,WB_WDI_NY_GDP_PCAP_CD,CHL,_T,_T,_T,_Z,_Z,_Z,2009,A,USD,NA
3898.244592,P1Y,0,NA,A,PU,_Z,2,NA,NA,FALSE,WB_WDI,WB_WDI_NY_GDP_PCAP_CD,CHN,_T,_T,_T,_Z,_Z,_Z,2009,A,USD,NA
1242.734502,P1Y,0,NA,A,PU,_Z,2,NA,NA,FALSE,WB_WDI,WB_WDI_NY_GDP_PCAP_CD,SSD,_T,_T,_T,_Z,_Z,_Z,2014,A,USD,NA
29707.765509,P1Y,0,NA,A,PU,_Z,2,NA,NA,FALSE,WB_WDI,WB_WDI_NY_GDP_PCAP_CD,ESP,_T,_T,_T,_Z,_Z,_Z,2014,A,USD,NA
3972.04377,P1Y,0,NA,A,PU,_Z,2,NA,NA,FALSE,WB_WDI,WB_WDI_NY_GDP_PCAP_CD,LKA,_T,_T,_T,_Z,_Z,_Z,2014,A,USD,NA
20219.395424,P1Y,0,NA,A,PU,_Z,2,NA,NA,FALSE,WB_WDI,WB_WDI_NY_GDP_PCAP_CD,KNA,_T,_T,_T,_Z,_Z,_Z,2014,A,USD,NA
10044.821838,P1Y,0,NA,A,PU,_Z,2,NA,NA,FALSE,WB_WDI,WB_WDI_NY_GDP_PCAP_CD,LCA,_T,_T,_T,_Z,_Z,_Z,2014,A,USD,NA
20638.770588,P1Y,0,NA,A,PU,_Z,2,NA,NA,FALSE,WB_WDI,WB_WDI_NY_GDP_PCAP_CD,MAF,_T,_T,_T,_Z,_Z,_Z,2014,A,USD,NA
7168.828753,P1Y,0,NA,A,PU,_Z,2,NA,NA,FALSE,WB_WDI,WB_WDI_NY_GDP_PCAP_CD,VCT,_T,_T,_T,_Z,_Z,_Z,2014,A,USD,NA
1275.438354,P1Y,0,NA,A,PU,_Z,2,NA,NA,FALSE,WB_WDI,WB_WDI_NY_GDP_PCAP_CD,SDN,_T,_T,_T,_Z,_Z,_Z,2014,A,USD,NA
9108.189054,P1Y,0,NA,A,PU,_Z,2,NA,NA,FALSE,WB_WDI,WB_WDI_NY_GDP_PCAP_CD,SUR,_T,_T,_T,_Z,_Z,_Z,2014,A,USD,NA
59583.458449,P1Y,0,NA,A,PU,_Z,2,NA,NA,FALSE,WB_WDI,WB_WDI_NY_GDP_PCAP_CD,SWE,_T,_T,_T,_Z,_Z,_Z,2014,A,USD,NA
90511.648456,P1Y,0,NA,A,PU,_Z,2,NA,NA,FALSE,WB_WDI,WB_WDI_NY_GDP_PCAP_CD,CHE,_T,_T,_T,_Z,_Z,_Z,2014,A,USD,NA
1060.591059,P1Y,0,NA,A,PU,_Z,2,NA,NA,FALSE,WB_WDI,WB_WDI_NY_GDP_PCAP_CD,SYR,_T,_T,_T,_Z,_Z,_Z,2014,A,USD,NA
1081.544029,P1Y,0,NA,A,PU,_Z,2,NA,NA,FALSE,WB_WDI,WB_WDI_NY_GDP_PCAP_CD,TJK,_T,_T,_T,_Z,_Z,_Z,2014,A,USD,NA
8929.953662,P1Y,0,NA,A,PU,_Z,2,NA,NA,FALSE,WB_WDI,WB_WDI_NY_GDP_PCAP_CD,ROU,_T,_T,_T,_Z,_Z,_Z,2012,A,USD,NA
15401.851563,P1Y,0,NA,A,PU,_Z,2,NA,NA,FALSE,WB_WDI,WB_WDI_NY_GDP_PCAP_CD,RUS,_T,_T,_T,_Z,_Z,_Z,2012,A,USD,NA
697.760144,P1Y,0,NA,A,PU,_Z,2,NA,NA,FALSE,WB_WDI,WB_WDI_NY_GDP_PCAP_CD,RWA,_T,_T,_T,_Z,_Z,_Z,2012,A,USD,NA
3934.603208,P1Y,0,NA,A,PU,_Z,2,NA,NA,FALSE,WB_WDI,WB_WDI_NY_GDP_PCAP_CD,WSM,_T,_T,_T,_Z,_Z,_Z,2012,A,USD,NA
47945.891756,P1Y,0,NA,A,PU,_Z,2,NA,NA,FALSE,WB_WDI,WB_WDI_NY_GDP_PCAP_CD,SMR,_T,_T,_T,_Z,_Z,_Z,2012,A,USD,NA
1210.792648,P1Y,0,NA,A,PU,_Z,2,NA,NA,FALSE,WB_WDI,WB_WDI_NY_GDP_PCAP_CD,STP,_T,_T,_T,_Z,_Z,_Z,2012,A,USD,NA
28733.437551,P1Y,0,NA,A,PU,_Z,2,NA,NA,FALSE,WB_WDI,WB_WDI_NY_GDP_PCAP_CD,SAU,_T,_T,_T,_Z,_Z,_Z,2012,A,USD,NA
1326.837988,P1Y,0,NA,A,PU,_Z,2,NA,NA,FALSE,WB_WDI,WB_WDI_NY_GDP_PCAP_CD,SEN,_T,_T,_T,_Z,_Z,_Z,2012,A,USD,NA
6263.040861,P1Y,0,NA,A,PU,_Z,2,NA,NA,FALSE,WB_WDI,WB_WDI_NY_GDP_PCAP_CD,SRB,_T,_T,_T,_Z,_Z,_Z,2012,A,USD,NA
12337.155467,P1Y,0,NA,A,PU,_Z,2,NA,NA,FALSE,WB_WDI,WB_WDI_NY_GDP_PCAP_CD,SYC,_T,_T,_T,_Z,_Z,_Z,2012,A,USD,NA
937.504428,P1Y,0,NA,A,PU,_Z,2,NA,NA,FALSE,WB_WDI,WB_WDI_NY_GDP_PCAP_CD,SLE,_T,_T,_T,_Z,_Z,_Z,2012,A,USD,NA
55547.555308,P1Y,0,NA,A,PU,_Z,2,NA,NA,FALSE,WB_WDI,WB_WDI_NY_GDP_PCAP_CD,SGP,_T,_T,_T,_Z,_Z,_Z,2012,A,USD,NA
1531.216186,P1Y,0,NA,A,PU,_Z,2,NA,NA,FALSE,WB_WDI,WB_WDI_NY_GDP_PCAP_CD,MDA,_T,_T,_T,_Z,_Z,_Z,2007,A,USD,NA
184558.455424,P1Y,0,NA,A,PU,_Z,2,NA,NA,FALSE,WB_WDI,WB_WDI_NY_GDP_PCAP_CD,MCO,_T,_T,_T,_Z,_Z,_Z,2007,A,USD,NA
1627.687877,P1Y,0,NA,A,PU,_Z,2,NA,NA,FALSE,WB_WDI,WB_WDI_NY_GDP_PCAP_CD,MNG,_T,_T,_T,_Z,_Z,_Z,2007,A,USD,NA
5979.438132,P1Y,0,NA,A,PU,_Z,2,NA,NA,FALSE,WB_WDI,WB_WDI_NY_GDP_PCAP_CD,MNE,_T,_T,_T,_Z,_Z,_Z,2007,A,USD,NA
2755.585938,P1Y,0,NA,A,PU,_Z,2,NA,NA,FALSE,WB_WDI,WB_WDI_NY_GDP_PCAP_CD,MAR,_T,_T,_T,_Z,_Z,_Z,2007,A,USD,NA
507.874924,P1Y,0,NA,A,PU,_Z,2,NA,NA,FALSE,WB_WDI,WB_WDI_NY_GDP_PCAP_CD,MOZ,_T,_T,_T,_Z,_Z,_Z,2007,A,USD,NA
419.375781,P1Y,0,NA,A,PU,_Z,2,NA,NA,FALSE,WB_WDI,WB_WDI_NY_GDP_PCAP_CD,MMR,_T,_T,_T,_Z,_Z,_Z,2007,A,USD,NA
4379.043137,P1Y,0,NA,A,PU,_Z,2,NA,NA,FALSE,WB_WDI,WB_WDI_NY_GDP_PCAP_CD,NAM,_T,_T,_T,_Z,_Z,_Z,2007,A,USD,NA
2272.152913,P1Y,0,NA,A,PU,_Z,2,NA,NA,FALSE,WB_WDI,WB_WDI_NY_GDP_PCAP_CD,NRU,_T,_T,_T,_Z,_Z,_Z,2007,A,USD,NA
385.449768,P1Y,0,NA,A,PU,_Z,2,NA,NA,FALSE,WB_WDI,WB_WDI_NY_GDP_PCAP_CD,NPL,_T,_T,_T,_Z,_Z,_Z,2007,A,USD,NA
52100.799629,P1Y,0,NA,A,PU,_Z,2,NA,NA,FALSE,WB_WDI,WB_WDI_NY_GDP_PCAP_CD,NLD,_T,_T,_T,_Z,_Z,_Z,2007,A,USD,NA
35177.653526,P1Y,0,NA,A,PU,_Z,2,NA,NA,FALSE,WB_WDI,WB_WDI_NY_GDP_PCAP_CD,NCL,_T,_T,_T,_Z,_Z,_Z,2007,A,USD,NA
32479.981738,P1Y,0,NA,A,PU,_Z,2,NA,NA,FALSE,WB_WDI,WB_WDI_NY_GDP_PCAP_CD,NZL,_T,_T,_T,_Z,_Z,_Z,2007,A,USD,NA
27323.689074,P1Y,0,NA,A,PU,_Z,2,NA,NA,FALSE,WB_WDI,WB_WDI_NY_GDP_PCAP_CD,KWT,_T,_T,_T,_Z,_Z,_Z,2016,A,USD,NA
1103.274894,P1Y,0,NA,A,PU,_Z,2,NA,NA,FALSE,WB_WDI,WB_WDI_NY_GDP_PCAP_CD,KGZ,_T,_T,_T,_Z,_Z,_Z,2016,A,USD,NA
2303.22156,P1Y,0,NA,A,PU,_Z,2,NA,NA,FALSE,WB_WDI,WB_WDI_NY_GDP_PCAP_CD,LAO,_T,_T,_T,_Z,_Z,_Z,2016,A,USD,NA
13838.526682,P1Y,0,NA,A,PU,_Z,2,NA,NA,FALSE,WB_WDI,WB_WDI_NY_GDP_PCAP_CD,LVA,_T,_T,_T,_Z,_Z,_Z,2016,A,USD,NA
8089.012088,P1Y,0,NA,A,PU,_Z,2,NA,NA,FALSE,WB_WDI,WB_WDI_NY_GDP_PCAP_CD,LBN,_T,_T,_T,_Z,_Z,_Z,2016,A,USD,NA
992.491841,P1Y,0,NA,A,PU,_Z,2,NA,NA,FALSE,WB_WDI,WB_WDI_NY_GDP_PCAP_CD,LSO,_T,_T,_T,_Z,_Z,_Z,2016,A,USD,NA
714.613063,P1Y,0,NA,A,PU,_Z,2,NA,NA,FALSE,WB_WDI,WB_WDI_NY_GDP_PCAP_CD,LBR,_T,_T,_T,_Z,_Z,_Z,2016,A,USD,NA
7525.802993,P1Y,0,NA,A,PU,_Z,2,NA,NA,FALSE,WB_WDI,WB_WDI_NY_GDP_PCAP_CD,LBY,_T,_T,_T,_Z,_Z,_Z,2016,A,USD,NA
165375.491396,P1Y,0,NA,A,PU,_Z,2,NA,NA,FALSE,WB_WDI,WB_WDI_NY_GDP_PCAP_CD,LIE,_T,_T,_T,_Z,_Z,_Z,2016,A,USD,NA
14934.270284,P1Y,0,NA,A,PU,_Z,2,NA,NA,FALSE,WB_WDI,WB_WDI_NY_GDP_PCAP_CD,LTU,_T,_T,_T,_Z,_Z,_Z,2016,A,USD,NA
106899.29355,P1Y,0,NA,A,PU,_Z,2,NA,NA,FALSE,WB_WDI,WB_WDI_NY_GDP_PCAP_CD,LUX,_T,_T,_T,_Z,_Z,_Z,2016,A,USD,NA
6128.120531,P1Y,0,NA,A,PU,_Z,2,NA,NA,FALSE,WB_WDI,WB_WDI_NY_GDP_PCAP_CD,BLZ,_T,_T,_T,_Z,_Z,_Z,2014,A,USD,NA
1204.399187,P1Y,0,NA,A,PU,_Z,2,NA,NA,FALSE,WB_WDI,WB_WDI_NY_GDP_PCAP_CD,BEN,_T,_T,_T,_Z,_Z,_Z,2014,A,USD,NA
100961.576603,P1Y,0,NA,A,PU,_Z,2,NA,NA,FALSE,WB_WDI,WB_WDI_NY_GDP_PCAP_CD,BMU,_T,_T,_T,_Z,_Z,_Z,2014,A,USD,NA
2849.499986,P1Y,0,NA,A,PU,_Z,2,NA,NA,FALSE,WB_WDI,WB_WDI_NY_GDP_PCAP_CD,BTN,_T,_T,_T,_Z,_Z,_Z,2014,A,USD,NA
3041.435032,P1Y,0,NA,A,PU,_Z,2,NA,NA,FALSE,WB_WDI,WB_WDI_NY_GDP_PCAP_CD,BOL,_T,_T,_T,_Z,_Z,_Z,2014,A,USD,NA
5206.065735,P1Y,0,NA,A,PU,_Z,2,NA,NA,FALSE,WB_WDI,WB_WDI_NY_GDP_PCAP_CD,BIH,_T,_T,_T,_Z,_Z,_Z,2014,A,USD,NA
7122.364234,P1Y,0,NA,A,PU,_Z,2,NA,NA,FALSE,WB_WDI,WB_WDI_NY_GDP_PCAP_CD,BWA,_T,_T,_T,_Z,_Z,_Z,2014,A,USD,NA
12274.993969,P1Y,0,NA,A,PU,_Z,2,NA,NA,FALSE,WB_WDI,WB_WDI_NY_GDP_PCAP_CD,BRA,_T,_T,_T,_Z,_Z,_Z,2014,A,USD,NA
41026.508425,P1Y,0,NA,A,PU,_Z,2,NA,NA,FALSE,WB_WDI,WB_WDI_NY_GDP_PCAP_CD,BRN,_T,_T,_T,_Z,_Z,_Z,2014,A,USD,NA
8070.012893,P1Y,0,NA,A,PU,_Z,2,NA,NA,FALSE,WB_WDI,WB_WDI_NY_GDP_PCAP_CD,BGR,_T,_T,_T,_Z,_Z,_Z,2014,A,USD,NA
9842.770327,P1Y,0,NA,A,PU,_Z,2,NA,NA,FALSE,WB_WDI,WB_WDI_NY_GDP_PCAP_CD,NRU,_T,_T,_T,_Z,_Z,_Z,2012,A,USD,NA
788.202937,P1Y,0,NA,A,PU,_Z,2,NA,NA,FALSE,WB_WDI,WB_WDI_NY_GDP_PCAP_CD,NPL,_T,_T,_T,_Z,_Z,_Z,2012,A,USD,NA
50473.9442,P1Y,0,NA,A,PU,_Z,2,NA,NA,FALSE,WB_WDI,WB_WDI_NY_GDP_PCAP_CD,NLD,_T,_T,_T,_Z,_Z,_Z,2012,A,USD,NA
35559.567201,P1Y,0,NA,A,PU,_Z,2,NA,NA,FALSE,WB_WDI,WB_WDI_NY_GDP_PCAP_CD,NCL,_T,_T,_T,_Z,_Z,_Z,2012,A,USD,NA
40041.752482,P1Y,0,NA,A,PU,_Z,2,NA,NA,FALSE,WB_WDI,WB_WDI_NY_GDP_PCAP_CD,NZL,_T,_T,_T,_Z,_Z,_Z,2012,A,USD,NA
1784.69836,P1Y,0,NA,A,PU,_Z,2,NA,NA,FALSE,WB_WDI,WB_WDI_NY_GDP_PCAP_CD,NIC,_T,_T,_T,_Z,_Z,_Z,2012,A,USD,NA
528.510104,P1Y,0,NA,A,PU,_Z,2,NA,NA,FALSE,WB_WDI,WB_WDI_NY_GDP_PCAP_CD,NER,_T,_T,_T,_Z,_Z,_Z,2012,A,USD,NA
2633.197347,P1Y,0,NA,A,PU,_Z,2,NA,NA,FALSE,WB_WDI,WB_WDI_NY_GDP_PCAP_CD,NGA,_T,_T,_T,_Z,_Z,_Z,2012,A,USD,NA
5049.826539,P1Y,0,NA,A,PU,_Z,2,NA,NA,FALSE,WB_WDI,WB_WDI_NY_GDP_PCAP_CD,MKD,_T,_T,_T,_Z,_Z,_Z,2012,A,USD,NA
14013.600331,P1Y,0,NA,A,PU,_Z,2,NA,NA,FALSE,WB_WDI,WB_WDI_NY_GDP_PCAP_CD,MNP,_T,_T,_T,_Z,_Z,_Z,2012,A,USD,NA
104627.936947,P1Y,0,NA,A,PU,_Z,2,NA,NA,FALSE,WB_WDI,WB_WDI_NY_GDP_PCAP_CD,NOR,_T,_T,_T,_Z,_Z,_Z,2012,A,USD,NA
24642.297877,P1Y,0,NA,A,PU,_Z,2,NA,NA,FALSE,WB_WDI,WB_WDI_NY_GDP_PCAP_CD,OMN,_T,_T,_T,_Z,_Z,_Z,2012,A,USD,NA
2110.553054,P1Y,0,NA,A,PU,_Z,2,NA,NA,FALSE,WB_WDI,WB_WDI_NY_GDP_PCAP_CD,MDA,_T,_T,_T,_Z,_Z,_Z,2008,A,USD,NA
204263.893237,P1Y,0,NA,A,PU,_Z,2,NA,NA,FALSE,WB_WDI,WB_WDI_NY_GDP_PCAP_CD,MCO,_T,_T,_T,_Z,_Z,_Z,2008,A,USD,NA
2127.426786,P1Y,0,NA,A,PU,_Z,2,NA,NA,FALSE,WB_WDI,WB_WDI_NY_GDP_PCAP_CD,MNG,_T,_T,_T,_Z,_Z,_Z,2008,A,USD,NA
7390.014813,P1Y,0,NA,A,PU,_Z,2,NA,NA,FALSE,WB_WDI,WB_WDI_NY_GDP_PCAP_CD,MNE,_T,_T,_T,_Z,_Z,_Z,2008,A,USD,NA
3183.200439,P1Y,0,NA,A,PU,_Z,2,NA,NA,FALSE,WB_WDI,WB_WDI_NY_GDP_PCAP_CD,MAR,_T,_T,_T,_Z,_Z,_Z,2008,A,USD,NA
592.159111,P1Y,0,NA,A,PU,_Z,2,NA,NA,FALSE,WB_WDI,WB_WDI_NY_GDP_PCAP_CD,MOZ,_T,_T,_T,_Z,_Z,_Z,2008,A,USD,NA
658.442487,P1Y,0,NA,A,PU,_Z,2,NA,NA,FALSE,WB_WDI,WB_WDI_NY_GDP_PCAP_CD,MMR,_T,_T,_T,_Z,_Z,_Z,2008,A,USD,NA
4204.785554,P1Y,0,NA,A,PU,_Z,2,NA,NA,FALSE,WB_WDI,WB_WDI_NY_GDP_PCAP_CD,NAM,_T,_T,_T,_Z,_Z,_Z,2008,A,USD,NA
3756.845312,P1Y,0,NA,A,PU,_Z,2,NA,NA,FALSE,WB_WDI,WB_WDI_NY_GDP_PCAP_CD,NRU,_T,_T,_T,_Z,_Z,_Z,2008,A,USD,NA
464.817392,P1Y,0,NA,A,PU,_Z,2,NA,NA,FALSE,WB_WDI,WB_WDI_NY_GDP_PCAP_CD,NPL,_T,_T,_T,_Z,_Z,_Z,2008,A,USD,NA
58246.702691,P1Y,0,NA,A,PU,_Z,2,NA,NA,FALSE,WB_WDI,WB_WDI_NY_GDP_PCAP_CD,NLD,_T,_T,_T,_Z,_Z,_Z,2008,A,USD,NA
35723.903319,P1Y,0,NA,A,PU,_Z,2,NA,NA,FALSE,WB_WDI,WB_WDI_NY_GDP_PCAP_CD,NCL,_T,_T,_T,_Z,_Z,_Z,2008,A,USD,NA
31324.739798,P1Y,0,NA,A,PU,_Z,2,NA,NA,FALSE,WB_WDI,WB_WDI_NY_GDP_PCAP_CD,NZL,_T,_T,_T,_Z,_Z,_Z,2008,A,USD,NA
7751.593369,P1Y,0,NA,A,PU,_Z,2,NA,NA,FALSE,WB_WDI,WB_WDI_NY_GDP_PCAP_CD,LAC,_T,_T,_T,_Z,_Z,_Z,2016,A,USD,NA
8082.085123,P1Y,0,NA,A,PU,_Z,2,NA,NA,FALSE,WB_WDI,WB_WDI_NY_GDP_PCAP_CD,TLA,_T,_T,_T,_Z,_Z,_Z,2016,A,USD,NA
968.123331,P1Y,0,NA,A,PU,_Z,2,NA,NA,FALSE,WB_WDI,WB_WDI_NY_GDP_PCAP_CD,LDC,_T,_T,_T,_Z,_Z,_Z,2016,A,USD,NA
4211.547023,P1Y,0,NA,A,PU,_Z,2,NA,NA,FALSE,WB_WDI,WB_WDI_NY_GDP_PCAP_CD,LMY,_T,_T,_T,_Z,_Z,_Z,2016,A,USD,NA
633.777356,P1Y,0,NA,A,PU,_Z,2,NA,NA,FALSE,WB_WDI,WB_WDI_NY_GDP_PCAP_CD,LIC,_T,_T,_T,_Z,_Z,_Z,2016,A,USD,NA
1817.032116,P1Y,0,NA,A,PU,_Z,2,NA,NA,FALSE,WB_WDI,WB_WDI_NY_GDP_PCAP_CD,LMC,_T,_T,_T,_Z,_Z,_Z,2016,A,USD,NA
5130.2103,P1Y,0,NA,A,PU,_Z,2,NA,NA,FALSE,WB_WDI,WB_WDI_NY_GDP_PCAP_CD,MEA,_T,_T,_T,_Z,_Z,_Z,2016,A,USD,NA
2869.018131,P1Y,0,NA,A,PU,_Z,2,NA,NA,FALSE,WB_WDI,WB_WDI_NY_GDP_PCAP_CD,MNA,_T,_T,_T,_Z,_Z,_Z,2016,A,USD,NA
2864.534458,P1Y,0,NA,A,PU,_Z,2,NA,NA,FALSE,WB_WDI,WB_WDI_NY_GDP_PCAP_CD,TMN,_T,_T,_T,_Z,_Z,_Z,2016,A,USD,NA
4598.015565,P1Y,0,NA,A,PU,_Z,2,NA,NA,FALSE,WB_WDI,WB_WDI_NY_GDP_PCAP_CD,MIC,_T,_T,_T,_Z,_Z,_Z,2016,A,USD,NA
56416.789208,P1Y,0,NA,A,PU,_Z,2,NA,NA,FALSE,WB_WDI,WB_WDI_NY_GDP_PCAP_CD,NAC,_T,_T,_T,_Z,_Z,_Z,2016,A,USD,NA
36407.377173,P1Y,0,NA,A,PU,_Z,2,NA,NA,FALSE,WB_WDI,WB_WDI_NY_GDP_PCAP_CD,OED,_T,_T,_T,_Z,_Z,_Z,2016,A,USD,NA
10813.381112,P1Y,0,NA,A,PU,_Z,2,NA,NA,FALSE,WB_WDI,WB_WDI_NY_GDP_PCAP_CD,OSS,_T,_T,_T,_Z,_Z,_Z,2016,A,USD,NA
25813.571441,P1Y,0,NA,A,PU,_Z,2,NA,NA,FALSE,WB_WDI,WB_WDI_NY_GDP_PCAP_CD,ABW,_T,_T,_T,_Z,_Z,_Z,2013,A,USD,NA
68476.67885,P1Y,0,NA,A,PU,_Z,2,NA,NA,FALSE,WB_WDI,WB_WDI_NY_GDP_PCAP_CD,AUS,_T,_T,_T,_Z,_Z,_Z,2013,A,USD,NA
50305.354577,P1Y,0,NA,A,PU,_Z,2,NA,NA,FALSE,WB_WDI,WB_WDI_NY_GDP_PCAP_CD,AUT,_T,_T,_T,_Z,_Z,_Z,2013,A,USD,NA
7875.345367,P1Y,0,NA,A,PU,_Z,2,NA,NA,FALSE,WB_WDI,WB_WDI_NY_GDP_PCAP_CD,AZE,_T,_T,_T,_Z,_Z,_Z,2013,A,USD,NA
27642.741976,P1Y,0,NA,A,PU,_Z,2,NA,NA,FALSE,WB_WDI,WB_WDI_NY_GDP_PCAP_CD,BHS,_T,_T,_T,_Z,_Z,_Z,2013,A,USD,NA
26989.760115,P1Y,0,NA,A,PU,_Z,2,NA,NA,FALSE,WB_WDI,WB_WDI_NY_GDP_PCAP_CD,BHR,_T,_T,_T,_Z,_Z,_Z,2013,A,USD,NA
958.26299,P1Y,0,NA,A,PU,_Z,2,NA,NA,FALSE,WB_WDI,WB_WDI_NY_GDP_PCAP_CD,BGD,_T,_T,_T,_Z,_Z,_Z,2013,A,USD,NA
20384.491023,P1Y,0,NA,A,PU,_Z,2,NA,NA,FALSE,WB_WDI,WB_WDI_NY_GDP_PCAP_CD,BRB,_T,_T,_T,_Z,_Z,_Z,2013,A,USD,NA
7998.080205,P1Y,0,NA,A,PU,_Z,2,NA,NA,FALSE,WB_WDI,WB_WDI_NY_GDP_PCAP_CD,BLR,_T,_T,_T,_Z,_Z,_Z,2013,A,USD,NA
46964.594678,P1Y,0,NA,A,PU,_Z,2,NA,NA,FALSE,WB_WDI,WB_WDI_NY_GDP_PCAP_CD,BEL,_T,_T,_T,_Z,_Z,_Z,2013,A,USD,NA
5957.349536,P1Y,0,NA,A,PU,_Z,2,NA,NA,FALSE,WB_WDI,WB_WDI_NY_GDP_PCAP_CD,BLZ,_T,_T,_T,_Z,_Z,_Z,2013,A,USD,NA
8423.569331,P1Y,0,NA,A,PU,_Z,2,NA,NA,FALSE,WB_WDI,WB_WDI_NY_GDP_PCAP_CD,MEX,_T,_T,_T,_Z,_Z,_Z,2009,A,USD,NA
2565.836398,P1Y,0,NA,A,PU,_Z,2,NA,NA,FALSE,WB_WDI,WB_WDI_NY_GDP_PCAP_CD,FSM,_T,_T,_T,_Z,_Z,_Z,2009,A,USD,NA
1898.439757,P1Y,0,NA,A,PU,_Z,2,NA,NA,FALSE,WB_WDI,WB_WDI_NY_GDP_PCAP_CD,MDA,_T,_T,_T,_Z,_Z,_Z,2009,A,USD,NA
169150.337647,P1Y,0,NA,A,PU,_Z,2,NA,NA,FALSE,WB_WDI,WB_WDI_NY_GDP_PCAP_CD,MCO,_T,_T,_T,_Z,_Z,_Z,2009,A,USD,NA
1703.327568,P1Y,0,NA,A,PU,_Z,2,NA,NA,FALSE,WB_WDI,WB_WDI_NY_GDP_PCAP_CD,MNG,_T,_T,_T,_Z,_Z,_Z,2009,A,USD,NA
6726.675897,P1Y,0,NA,A,PU,_Z,2,NA,NA,FALSE,WB_WDI,WB_WDI_NY_GDP_PCAP_CD,MNE,_T,_T,_T,_Z,_Z,_Z,2009,A,USD,NA
3119.588623,P1Y,0,NA,A,PU,_Z,2,NA,NA,FALSE,WB_WDI,WB_WDI_NY_GDP_PCAP_CD,MAR,_T,_T,_T,_Z,_Z,_Z,2009,A,USD,NA
547.697144,P1Y,0,NA,A,PU,_Z,2,NA,NA,FALSE,WB_WDI,WB_WDI_NY_GDP_PCAP_CD,MOZ,_T,_T,_T,_Z,_Z,_Z,2009,A,USD,NA
758.442936,P1Y,0,NA,A,PU,_Z,2,NA,NA,FALSE,WB_WDI,WB_WDI_NY_GDP_PCAP_CD,MMR,_T,_T,_T,_Z,_Z,_Z,2009,A,USD,NA
4302.913741,P1Y,0,NA,A,PU,_Z,2,NA,NA,FALSE,WB_WDI,WB_WDI_NY_GDP_PCAP_CD,NAM,_T,_T,_T,_Z,_Z,_Z,2009,A,USD,NA
4410.567647,P1Y,0,NA,A,PU,_Z,2,NA,NA,FALSE,WB_WDI,WB_WDI_NY_GDP_PCAP_CD,NRU,_T,_T,_T,_Z,_Z,_Z,2009,A,USD,NA
473.078751,P1Y,0,NA,A,PU,_Z,2,NA,NA,FALSE,WB_WDI,WB_WDI_NY_GDP_PCAP_CD,NPL,_T,_T,_T,_Z,_Z,_Z,2009,A,USD,NA
172823.607795,P1Y,0,NA,A,PU,_Z,2,NA,NA,FALSE,WB_WDI,WB_WDI_NY_GDP_PCAP_CD,LIE,_T,_T,_T,_Z,_Z,_Z,2013,A,USD,NA
15636.525259,P1Y,0,NA,A,PU,_Z,2,NA,NA,FALSE,WB_WDI,WB_WDI_NY_GDP_PCAP_CD,LTU,_T,_T,_T,_Z,_Z,_Z,2013,A,USD,NA
120000.14073,P1Y,0,NA,A,PU,_Z,2,NA,NA,FALSE,WB_WDI,WB_WDI_NY_GDP_PCAP_CD,LUX,_T,_T,_T,_Z,_Z,_Z,2013,A,USD,NA
87107.831306,P1Y,0,NA,A,PU,_Z,2,NA,NA,FALSE,WB_WDI,WB_WDI_NY_GDP_PCAP_CD,MAC,_T,_T,_T,_Z,_Z,_Z,2013,A,USD,NA
515.301589,P1Y,0,NA,A,PU,_Z,2,NA,NA,FALSE,WB_WDI,WB_WDI_NY_GDP_PCAP_CD,MDG,_T,_T,_T,_Z,_Z,_Z,2013,A,USD,NA
496.947368,P1Y,0,NA,A,PU,_Z,2,NA,NA,FALSE,WB_WDI,WB_WDI_NY_GDP_PCAP_CD,MWI,_T,_T,_T,_Z,_Z,_Z,2013,A,USD,NA
10713.640764,P1Y,0,NA,A,PU,_Z,2,NA,NA,FALSE,WB_WDI,WB_WDI_NY_GDP_PCAP_CD,MYS,_T,_T,_T,_Z,_Z,_Z,2013,A,USD,NA
8236.081779,P1Y,0,NA,A,PU,_Z,2,NA,NA,FALSE,WB_WDI,WB_WDI_NY_GDP_PCAP_CD,MDV,_T,_T,_T,_Z,_Z,_Z,2013,A,USD,NA
901.920958,P1Y,0,NA,A,PU,_Z,2,NA,NA,FALSE,WB_WDI,WB_WDI_NY_GDP_PCAP_CD,MLI,_T,_T,_T,_Z,_Z,_Z,2013,A,USD,NA
25415.552539,P1Y,0,NA,A,PU,_Z,2,NA,NA,FALSE,WB_WDI,WB_WDI_NY_GDP_PCAP_CD,MLT,_T,_T,_T,_Z,_Z,_Z,2013,A,USD,NA
3677.906908,P1Y,0,NA,A,PU,_Z,2,NA,NA,FALSE,WB_WDI,WB_WDI_NY_GDP_PCAP_CD,MHL,_T,_T,_T,_Z,_Z,_Z,2013,A,USD,NA
1936.269504,P1Y,0,NA,A,PU,_Z,2,NA,NA,FALSE,WB_WDI,WB_WDI_NY_GDP_PCAP_CD,MRT,_T,_T,_T,_Z,_Z,_Z,2013,A,USD,NA
650.148575,P1Y,0,NA,A,PU,_Z,2,NA,NA,FALSE,WB_WDI,WB_WDI_NY_GDP_PCAP_CD,GIN,_T,_T,_T,_Z,_Z,_Z,2007,A,USD,NA
519.06979,P1Y,0,NA,A,PU,_Z,2,NA,NA,FALSE,WB_WDI,WB_WDI_NY_GDP_PCAP_CD,GNB,_T,_T,_T,_Z,_Z,_Z,2007,A,USD,NA
3608.286852,P1Y,0,NA,A,PU,_Z,2,NA,NA,FALSE,WB_WDI,WB_WDI_NY_GDP_PCAP_CD,GUY,_T,_T,_T,_Z,_Z,_Z,2007,A,USD,NA
984.566983,P1Y,0,NA,A,PU,_Z,2,NA,NA,FALSE,WB_WDI,WB_WDI_NY_GDP_PCAP_CD,HTI,_T,_T,_T,_Z,_Z,_Z,2007,A,USD,NA
1577.737892,P1Y,0,NA,A,PU,_Z,2,NA,NA,FALSE,WB_WDI,WB_WDI_NY_GDP_PCAP_CD,HND,_T,_T,_T,_Z,_Z,_Z,2007,A,USD,NA
30593.951174,P1Y,0,NA,A,PU,_Z,2,NA,NA,FALSE,WB_WDI,WB_WDI_NY_GDP_PCAP_CD,HKG,_T,_T,_T,_Z,_Z,_Z,2007,A,USD,NA
13934.60546,P1Y,0,NA,A,PU,_Z,2,NA,NA,FALSE,WB_WDI,WB_WDI_NY_GDP_PCAP_CD,HUN,_T,_T,_T,_Z,_Z,_Z,2007,A,USD,NA
70483.011723,P1Y,0,NA,A,PU,_Z,2,NA,NA,FALSE,WB_WDI,WB_WDI_NY_GDP_PCAP_CD,ISL,_T,_T,_T,_Z,_Z,_Z,2007,A,USD,NA
1021.887077,P1Y,0,NA,A,PU,_Z,2,NA,NA,FALSE,WB_WDI,WB_WDI_NY_GDP_PCAP_CD,IND,_T,_T,_T,_Z,_Z,_Z,2007,A,USD,NA
1823.219763,P1Y,0,NA,A,PU,_Z,2,NA,NA,FALSE,WB_WDI,WB_WDI_NY_GDP_PCAP_CD,IDN,_T,_T,_T,_Z,_Z,_Z,2007,A,USD,NA
4687.991663,P1Y,0,NA,A,PU,_Z,2,NA,NA,FALSE,WB_WDI,WB_WDI_NY_GDP_PCAP_CD,IRN,_T,_T,_T,_Z,_Z,_Z,2007,A,USD,NA
14208.439049,P1Y,0,NA,A,PU,_Z,2,NA,NA,FALSE,WB_WDI,WB_WDI_NY_GDP_PCAP_CD,CEB,_T,_T,_T,_Z,_Z,_Z,2014,A,USD,NA
3351.664296,P1Y,0,NA,A,PU,_Z,2,NA,NA,FALSE,WB_WDI,WB_WDI_NY_GDP_PCAP_CD,EAR,_T,_T,_T,_Z,_Z,_Z,2014,A,USD,NA
9832.431965,P1Y,0,NA,A,PU,_Z,2,NA,NA,FALSE,WB_WDI,WB_WDI_NY_GDP_PCAP_CD,EAS,_T,_T,_T,_Z,_Z,_Z,2014,A,USD,NA
6373.70121,P1Y,0,NA,A,PU,_Z,2,NA,NA,FALSE,WB_WDI,WB_WDI_NY_GDP_PCAP_CD,EAP,_T,_T,_T,_Z,_Z,_Z,2014,A,USD,NA
6446.189385,P1Y,0,NA,A,PU,_Z,2,NA,NA,FALSE,WB_WDI,WB_WDI_NY_GDP_PCAP_CD,TEA,_T,_T,_T,_Z,_Z,_Z,2014,A,USD,NA
39333.119717,P1Y,0,NA,A,PU,_Z,2,NA,NA,FALSE,WB_WDI,WB_WDI_NY_GDP_PCAP_CD,EMU,_T,_T,_T,_Z,_Z,_Z,2014,A,USD,NA
26517.01787,P1Y,0,NA,A,PU,_Z,2,NA,NA,FALSE,WB_WDI,WB_WDI_NY_GDP_PCAP_CD,ECS,_T,_T,_T,_Z,_Z,_Z,2014,A,USD,NA
7334.843386,P1Y,0,NA,A,PU,_Z,2,NA,NA,FALSE,WB_WDI,WB_WDI_NY_GDP_PCAP_CD,ECA,_T,_T,_T,_Z,_Z,_Z,2014,A,USD,NA
10330.398216,P1Y,0,NA,A,PU,_Z,2,NA,NA,FALSE,WB_WDI,WB_WDI_NY_GDP_PCAP_CD,TEC,_T,_T,_T,_Z,_Z,_Z,2014,A,USD,NA
35590.10743,P1Y,0,NA,A,PU,_Z,2,NA,NA,FALSE,WB_WDI,WB_WDI_NY_GDP_PCAP_CD,EUU,_T,_T,_T,_Z,_Z,_Z,2014,A,USD,NA
987.60236,P1Y,0,NA,A,PU,_Z,2,NA,NA,FALSE,WB_WDI,WB_WDI_NY_GDP_PCAP_CD,HPC,_T,_T,_T,_Z,_Z,_Z,2014,A,USD,NA
39576.136351,P1Y,0,NA,A,PU,_Z,2,NA,NA,FALSE,WB_WDI,WB_WDI_NY_GDP_PCAP_CD,HIC,_T,_T,_T,_Z,_Z,_Z,2014,A,USD,NA
5950.162162,P1Y,0,NA,A,PU,_Z,2,NA,NA,FALSE,WB_WDI,WB_WDI_NY_GDP_PCAP_CD,IBD,_T,_T,_T,_Z,_Z,_Z,2014,A,USD,NA
1408.615659,P1Y,0,NA,A,PU,_Z,2,NA,NA,FALSE,WB_WDI,WB_WDI_NY_GDP_PCAP_CD,AFE,_T,_T,_T,_Z,_Z,_Z,2009,A,USD,NA
1455.223919,P1Y,0,NA,A,PU,_Z,2,NA,NA,FALSE,WB_WDI,WB_WDI_NY_GDP_PCAP_CD,AFW,_T,_T,_T,_Z,_Z,_Z,2009,A,USD,NA
5142.656331,P1Y,0,NA,A,PU,_Z,2,NA,NA,FALSE,WB_WDI,WB_WDI_NY_GDP_PCAP_CD,ARB,_T,_T,_T,_Z,_Z,_Z,2009,A,USD,NA
11554.058919,P1Y,0,NA,A,PU,_Z,2,NA,NA,FALSE,WB_WDI,WB_WDI_NY_GDP_PCAP_CD,CSS,_T,_T,_T,_Z,_Z,_Z,2009,A,USD,NA
12302.059329,P1Y,0,NA,A,PU,_Z,2,NA,NA,FALSE,WB_WDI,WB_WDI_NY_GDP_PCAP_CD,CEB,_T,_T,_T,_Z,_Z,_Z,2009,A,USD,NA
2458.164651,P1Y,0,NA,A,PU,_Z,2,NA,NA,FALSE,WB_WDI,WB_WDI_NY_GDP_PCAP_CD,EAR,_T,_T,_T,_Z,_Z,_Z,2009,A,USD,NA
6735.160595,P1Y,0,NA,A,PU,_Z,2,NA,NA,FALSE,WB_WDI,WB_WDI_NY_GDP_PCAP_CD,EAS,_T,_T,_T,_Z,_Z,_Z,2009,A,USD,NA
3359.518415,P1Y,0,NA,A,PU,_Z,2,NA,NA,FALSE,WB_WDI,WB_WDI_NY_GDP_PCAP_CD,EAP,_T,_T,_T,_Z,_Z,_Z,2009,A,USD,NA
3398.528108,P1Y,0,NA,A,PU,_Z,2,NA,NA,FALSE,WB_WDI,WB_WDI_NY_GDP_PCAP_CD,TEA,_T,_T,_T,_Z,_Z,_Z,2009,A,USD,NA
37790.120169,P1Y,0,NA,A,PU,_Z,2,NA,NA,FALSE,WB_WDI,WB_WDI_NY_GDP_PCAP_CD,EMU,_T,_T,_T,_Z,_Z,_Z,2009,A,USD,NA
23278.878279,P1Y,0,NA,A,PU,_Z,2,NA,NA,FALSE,WB_WDI,WB_WDI_NY_GDP_PCAP_CD,ECS,_T,_T,_T,_Z,_Z,_Z,2009,A,USD,NA
5125.282385,P1Y,0,NA,A,PU,_Z,2,NA,NA,FALSE,WB_WDI,WB_WDI_NY_GDP_PCAP_CD,ECA,_T,_T,_T,_Z,_Z,_Z,2009,A,USD,NA
7074.110607,P1Y,0,NA,A,PU,_Z,2,NA,NA,FALSE,WB_WDI,WB_WDI_NY_GDP_PCAP_CD,TEC,_T,_T,_T,_Z,_Z,_Z,2009,A,USD,NA
33632.159299,P1Y,0,NA,A,PU,_Z,2,NA,NA,FALSE,WB_WDI,WB_WDI_NY_GDP_PCAP_CD,EUU,_T,_T,_T,_Z,_Z,_Z,2009,A,USD,NA
7949.888672,P1Y,0,NA,A,PU,_Z,2,NA,NA,FALSE,WB_WDI,WB_WDI_NY_GDP_PCAP_CD,SUR,_T,_T,_T,_Z,_Z,_Z,2011,A,USD,NA
60379.48146,P1Y,0,NA,A,PU,_Z,2,NA,NA,FALSE,WB_WDI,WB_WDI_NY_GDP_PCAP_CD,SWE,_T,_T,_T,_Z,_Z,_Z,2011,A,USD,NA
91910.396457,P1Y,0,NA,A,PU,_Z,2,NA,NA,FALSE,WB_WDI,WB_WDI_NY_GDP_PCAP_CD,CHE,_T,_T,_T,_Z,_Z,_Z,2011,A,USD,NA
2952.143729,P1Y,0,NA,A,PU,_Z,2,NA,NA,FALSE,WB_WDI,WB_WDI_NY_GDP_PCAP_CD,SYR,_T,_T,_T,_Z,_Z,_Z,2011,A,USD,NA
833.601978,P1Y,0,NA,A,PU,_Z,2,NA,NA,FALSE,WB_WDI,WB_WDI_NY_GDP_PCAP_CD,TJK,_T,_T,_T,_Z,_Z,_Z,2011,A,USD,NA
775.392761,P1Y,0,NA,A,PU,_Z,2,NA,NA,FALSE,WB_WDI,WB_WDI_NY_GDP_PCAP_CD,TZA,_T,_T,_T,_Z,_Z,_Z,2011,A,USD,NA
5373.623283,P1Y,0,NA,A,PU,_Z,2,NA,NA,FALSE,WB_WDI,WB_WDI_NY_GDP_PCAP_CD,THA,_T,_T,_T,_Z,_Z,_Z,2011,A,USD,NA
939.045241,P1Y,0,NA,A,PU,_Z,2,NA,NA,FALSE,WB_WDI,WB_WDI_NY_GDP_PCAP_CD,TLS,_T,_T,_T,_Z,_Z,_Z,2011,A,USD,NA
834.14672,P1Y,0,NA,A,PU,_Z,2,NA,NA,FALSE,WB_WDI,WB_WDI_NY_GDP_PCAP_CD,TGO,_T,_T,_T,_Z,_Z,_Z,2011,A,USD,NA
3849.993758,P1Y,0,NA,A,PU,_Z,2,NA,NA,FALSE,WB_WDI,WB_WDI_NY_GDP_PCAP_CD,TON,_T,_T,_T,_Z,_Z,_Z,2011,A,USD,NA
19151.087023,P1Y,0,NA,A,PU,_Z,2,NA,NA,FALSE,WB_WDI,WB_WDI_NY_GDP_PCAP_CD,TTO,_T,_T,_T,_Z,_Z,_Z,2011,A,USD,NA
4520.30959,P1Y,0,NA,A,PU,_Z,2,NA,NA,FALSE,WB_WDI,WB_WDI_NY_GDP_PCAP_CD,ECU,_T,_T,_T,_Z,_Z,_Z,2010,A,USD,NA
2455.081946,P1Y,0,NA,A,PU,_Z,2,NA,NA,FALSE,WB_WDI,WB_WDI_NY_GDP_PCAP_CD,EGY,_T,_T,_T,_Z,_Z,_Z,2010,A,USD,NA
3040.07301,P1Y,0,NA,A,PU,_Z,2,NA,NA,FALSE,WB_WDI,WB_WDI_NY_GDP_PCAP_CD,SLV,_T,_T,_T,_Z,_Z,_Z,2010,A,USD,NA
13720.165872,P1Y,0,NA,A,PU,_Z,2,NA,NA,FALSE,WB_WDI,WB_WDI_NY_GDP_PCAP_CD,GNQ,_T,_T,_T,_Z,_Z,_Z,2010,A,USD,NA
539.699512,P1Y,0,NA,A,PU,_Z,2,NA,NA,FALSE,WB_WDI,WB_WDI_NY_GDP_PCAP_CD,ERI,_T,_T,_T,_Z,_Z,_Z,2010,A,USD,NA
14663.704102,P1Y,0,NA,A,PU,_Z,2,NA,NA,FALSE,WB_WDI,WB_WDI_NY_GDP_PCAP_CD,EST,_T,_T,_T,_Z,_Z,_Z,2010,A,USD,NA
3922.740394,P1Y,0,NA,A,PU,_Z,2,NA,NA,FALSE,WB_WDI,WB_WDI_NY_GDP_PCAP_CD,SWZ,_T,_T,_T,_Z,_Z,_Z,2010,A,USD,NA
330.619413,P1Y,0,NA,A,PU,_Z,2,NA,NA,FALSE,WB_WDI,WB_WDI_NY_GDP_PCAP_CD,ETH,_T,_T,_T,_Z,_Z,_Z,2010,A,USD,NA
47924.136476,P1Y,0,NA,A,PU,_Z,2,NA,NA,FALSE,WB_WDI,WB_WDI_NY_GDP_PCAP_CD,FRO,_T,_T,_T,_Z,_Z,_Z,2010,A,USD,NA
3449.144529,P1Y,0,NA,A,PU,_Z,2,NA,NA,FALSE,WB_WDI,WB_WDI_NY_GDP_PCAP_CD,FJI,_T,_T,_T,_Z,_Z,_Z,2010,A,USD,NA
46506.291902,P1Y,0,NA,A,PU,_Z,2,NA,NA,FALSE,WB_WDI,WB_WDI_NY_GDP_PCAP_CD,FIN,_T,_T,_T,_Z,_Z,_Z,2010,A,USD,NA
40694.82117,P1Y,0,NA,A,PU,_Z,2,NA,NA,FALSE,WB_WDI,WB_WDI_NY_GDP_PCAP_CD,FRA,_T,_T,_T,_Z,_Z,_Z,2010,A,USD,NA
10795.639901,P1Y,0,NA,A,PU,_Z,2,NA,NA,FALSE,WB_WDI,WB_WDI_NY_GDP_PCAP_CD,PLW,_T,_T,_T,_Z,_Z,_Z,2011,A,USD,NA
9662.295922,P1Y,0,NA,A,PU,_Z,2,NA,NA,FALSE,WB_WDI,WB_WDI_NY_GDP_PCAP_CD,PAN,_T,_T,_T,_Z,_Z,_Z,2011,A,USD,NA
2288.375911,P1Y,0,NA,A,PU,_Z,2,NA,NA,FALSE,WB_WDI,WB_WDI_NY_GDP_PCAP_CD,PNG,_T,_T,_T,_Z,_Z,_Z,2011,A,USD,NA
5805.401545,P1Y,0,NA,A,PU,_Z,2,NA,NA,FALSE,WB_WDI,WB_WDI_NY_GDP_PCAP_CD,PRY,_T,_T,_T,_Z,_Z,_Z,2011,A,USD,NA
5861.357936,P1Y,0,NA,A,PU,_Z,2,NA,NA,FALSE,WB_WDI,WB_WDI_NY_GDP_PCAP_CD,PER,_T,_T,_T,_Z,_Z,_Z,2011,A,USD,NA
2383.918925,P1Y,0,NA,A,PU,_Z,2,NA,NA,FALSE,WB_WDI,WB_WDI_NY_GDP_PCAP_CD,PHL,_T,_T,_T,_Z,_Z,_Z,2011,A,USD,NA
13867.666941,P1Y,0,NA,A,PU,_Z,2,NA,NA,FALSE,WB_WDI,WB_WDI_NY_GDP_PCAP_CD,POL,_T,_T,_T,_Z,_Z,_Z,2011,A,USD,NA
23246.542542,P1Y,0,NA,A,PU,_Z,2,NA,NA,FALSE,WB_WDI,WB_WDI_NY_GDP_PCAP_CD,PRT,_T,_T,_T,_Z,_Z,_Z,2011,A,USD,NA
27170.076654,P1Y,0,NA,A,PU,_Z,2,NA,NA,FALSE,WB_WDI,WB_WDI_NY_GDP_PCAP_CD,PRI,_T,_T,_T,_Z,_Z,_Z,2011,A,USD,NA
103261.510293,P1Y,0,NA,A,PU,_Z,2,NA,NA,FALSE,WB_WDI,WB_WDI_NY_GDP_PCAP_CD,QAT,_T,_T,_T,_Z,_Z,_Z,2011,A,USD,NA
9560.675528,P1Y,0,NA,A,PU,_Z,2,NA,NA,FALSE,WB_WDI,WB_WDI_NY_GDP_PCAP_CD,ROU,_T,_T,_T,_Z,_Z,_Z,2011,A,USD,NA
18596.150263,P1Y,0,NA,A,PU,_Z,2,NA,NA,FALSE,WB_WDI,WB_WDI_NY_GDP_PCAP_CD,SAU,_T,_T,_T,_Z,_Z,_Z,2007,A,USD,NA
1188.938778,P1Y,0,NA,A,PU,_Z,2,NA,NA,FALSE,WB_WDI,WB_WDI_NY_GDP_PCAP_CD,SEN,_T,_T,_T,_Z,_Z,_Z,2007,A,USD,NA
6081.087657,P1Y,0,NA,A,PU,_Z,2,NA,NA,FALSE,WB_WDI,WB_WDI_NY_GDP_PCAP_CD,SRB,_T,_T,_T,_Z,_Z,_Z,2007,A,USD,NA
12669.302669,P1Y,0,NA,A,PU,_Z,2,NA,NA,FALSE,WB_WDI,WB_WDI_NY_GDP_PCAP_CD,SYC,_T,_T,_T,_Z,_Z,_Z,2007,A,USD,NA
631.889926,P1Y,0,NA,A,PU,_Z,2,NA,NA,FALSE,WB_WDI,WB_WDI_NY_GDP_PCAP_CD,SLE,_T,_T,_T,_Z,_Z,_Z,2007,A,USD,NA
39432.88602,P1Y,0,NA,A,PU,_Z,2,NA,NA,FALSE,WB_WDI,WB_WDI_NY_GDP_PCAP_CD,SGP,_T,_T,_T,_Z,_Z,_Z,2007,A,USD,NA
14330.206494,P1Y,0,NA,A,PU,_Z,2,NA,NA,FALSE,WB_WDI,WB_WDI_NY_GDP_PCAP_CD,SVK,_T,_T,_T,_Z,_Z,_Z,2007,A,USD,NA
23725.1596,P1Y,0,NA,A,PU,_Z,2,NA,NA,FALSE,WB_WDI,WB_WDI_NY_GDP_PCAP_CD,SVN,_T,_T,_T,_Z,_Z,_Z,2007,A,USD,NA
1390.14871,P1Y,0,NA,A,PU,_Z,2,NA,NA,FALSE,WB_WDI,WB_WDI_NY_GDP_PCAP_CD,SLB,_T,_T,_T,_Z,_Z,_Z,2007,A,USD,NA
479.635628,P1Y,0,NA,A,PU,_Z,2,NA,NA,FALSE,WB_WDI,WB_WDI_NY_GDP_PCAP_CD,SOM,_T,_T,_T,_Z,_Z,_Z,2007,A,USD,NA
6591.85536,P1Y,0,NA,A,PU,_Z,2,NA,NA,FALSE,WB_WDI,WB_WDI_NY_GDP_PCAP_CD,ZAF,_T,_T,_T,_Z,_Z,_Z,2007,A,USD,NA
57521.551499,P1Y,0,NA,A,PU,_Z,2,NA,NA,FALSE,WB_WDI,WB_WDI_NY_GDP_PCAP_CD,DNK,_T,_T,_T,_Z,_Z,_Z,2017,A,USD,NA
2618.955211,P1Y,0,NA,A,PU,_Z,2,NA,NA,FALSE,WB_WDI,WB_WDI_NY_GDP_PCAP_CD,DJI,_T,_T,_T,_Z,_Z,_Z,2017,A,USD,NA
8224.648966,P1Y,0,NA,A,PU,_Z,2,NA,NA,FALSE,WB_WDI,WB_WDI_NY_GDP_PCAP_CD,DMA,_T,_T,_T,_Z,_Z,_Z,2017,A,USD,NA
7412.715716,P1Y,0,NA,A,PU,_Z,2,NA,NA,FALSE,WB_WDI,WB_WDI_NY_GDP_PCAP_CD,DOM,_T,_T,_T,_Z,_Z,_Z,2017,A,USD,NA
6233.322448,P1Y,0,NA,A,PU,_Z,2,NA,NA,FALSE,WB_WDI,WB_WDI_NY_GDP_PCAP_CD,ECU,_T,_T,_T,_Z,_Z,_Z,2017,A,USD,NA
2395.103333,P1Y,0,NA,A,PU,_Z,2,NA,NA,FALSE,WB_WDI,WB_WDI_NY_GDP_PCAP_CD,EGY,_T,_T,_T,_Z,_Z,_Z,2017,A,USD,NA
4020.126714,P1Y,0,NA,A,PU,_Z,2,NA,NA,FALSE,WB_WDI,WB_WDI_NY_GDP_PCAP_CD,SLV,_T,_T,_T,_Z,_Z,_Z,2017,A,USD,NA
7809.104657,P1Y,0,NA,A,PU,_Z,2,NA,NA,FALSE,WB_WDI,WB_WDI_NY_GDP_PCAP_CD,GNQ,_T,_T,_T,_Z,_Z,_Z,2017,A,USD,NA
20851.52235,P1Y,0,NA,A,PU,_Z,2,NA,NA,FALSE,WB_WDI,WB_WDI_NY_GDP_PCAP_CD,EST,_T,_T,_T,_Z,_Z,_Z,2017,A,USD,NA
3853.099566,P1Y,0,NA,A,PU,_Z,2,NA,NA,FALSE,WB_WDI,WB_WDI_NY_GDP_PCAP_CD,SWZ,_T,_T,_T,_Z,_Z,_Z,2017,A,USD,NA
21442.384277,P1Y,0,NA,A,PU,_Z,2,NA,NA,FALSE,WB_WDI,WB_WDI_NY_GDP_PCAP_CD,PRT,_T,_T,_T,_Z,_Z,_Z,2017,A,USD,NA
30328.479491,P1Y,0,NA,A,PU,_Z,2,NA,NA,FALSE,WB_WDI,WB_WDI_NY_GDP_PCAP_CD,PRI,_T,_T,_T,_Z,_Z,_Z,2017,A,USD,NA
63279.855695,P1Y,0,NA,A,PU,_Z,2,NA,NA,FALSE,WB_WDI,WB_WDI_NY_GDP_PCAP_CD,QAT,_T,_T,_T,_Z,_Z,_Z,2017,A,USD,NA
10727.982201,P1Y,0,NA,A,PU,_Z,2,NA,NA,FALSE,WB_WDI,WB_WDI_NY_GDP_PCAP_CD,ROU,_T,_T,_T,_Z,_Z,_Z,2017,A,USD,NA
10658.913086,P1Y,0,NA,A,PU,_Z,2,NA,NA,FALSE,WB_WDI,WB_WDI_NY_GDP_PCAP_CD,RUS,_T,_T,_T,_Z,_Z,_Z,2017,A,USD,NA
751.04904,P1Y,0,NA,A,PU,_Z,2,NA,NA,FALSE,WB_WDI,WB_WDI_NY_GDP_PCAP_CD,RWA,_T,_T,_T,_Z,_Z,_Z,2017,A,USD,NA
4307.59382,P1Y,0,NA,A,PU,_Z,2,NA,NA,FALSE,WB_WDI,WB_WDI_NY_GDP_PCAP_CD,WSM,_T,_T,_T,_Z,_Z,_Z,2017,A,USD,NA
45192.053005,P1Y,0,NA,A,PU,_Z,2,NA,NA,FALSE,WB_WDI,WB_WDI_NY_GDP_PCAP_CD,SMR,_T,_T,_T,_Z,_Z,_Z,2017,A,USD,NA
1555.794778,P1Y,0,NA,A,PU,_Z,2,NA,NA,FALSE,WB_WDI,WB_WDI_NY_GDP_PCAP_CD,STP,_T,_T,_T,_Z,_Z,_Z,2017,A,USD,NA
23929.290714,P1Y,0,NA,A,PU,_Z,2,NA,NA,FALSE,WB_WDI,WB_WDI_NY_GDP_PCAP_CD,SAU,_T,_T,_T,_Z,_Z,_Z,2017,A,USD,NA
1354.770072,P1Y,0,NA,A,PU,_Z,2,NA,NA,FALSE,WB_WDI,WB_WDI_NY_GDP_PCAP_CD,SEN,_T,_T,_T,_Z,_Z,_Z,2017,A,USD,NA
1455.027686,P1Y,0,NA,A,PU,_Z,2,NA,NA,FALSE,WB_WDI,WB_WDI_NY_GDP_PCAP_CD,COM,_T,_T,_T,_Z,_Z,_Z,2008,A,USD,NA
352.900363,P1Y,0,NA,A,PU,_Z,2,NA,NA,FALSE,WB_WDI,WB_WDI_NY_GDP_PCAP_CD,COD,_T,_T,_T,_Z,_Z,_Z,2008,A,USD,NA
2832.091778,P1Y,0,NA,A,PU,_Z,2,NA,NA,FALSE,WB_WDI,WB_WDI_NY_GDP_PCAP_CD,COG,_T,_T,_T,_Z,_Z,_Z,2008,A,USD,NA
6937.242617,P1Y,0,NA,A,PU,_Z,2,NA,NA,FALSE,WB_WDI,WB_WDI_NY_GDP_PCAP_CD,CRI,_T,_T,_T,_Z,_Z,_Z,2008,A,USD,NA
1583.970667,P1Y,0,NA,A,PU,_Z,2,NA,NA,FALSE,WB_WDI,WB_WDI_NY_GDP_PCAP_CD,CIV,_T,_T,_T,_Z,_Z,_Z,2008,A,USD,NA
15888.118439,P1Y,0,NA,A,PU,_Z,2,NA,NA,FALSE,WB_WDI,WB_WDI_NY_GDP_PCAP_CD,HRV,_T,_T,_T,_Z,_Z,_Z,2008,A,USD,NA
4986.124365,P1Y,0,NA,A,PU,_Z,2,NA,NA,FALSE,WB_WDI,WB_WDI_NY_GDP_PCAP_CD,CUB,_T,_T,_T,_Z,_Z,_Z,2008,A,USD,NA
19423.335243,P1Y,0,NA,A,PU,_Z,2,NA,NA,FALSE,WB_WDI,WB_WDI_NY_GDP_PCAP_CD,CUW,_T,_T,_T,_Z,_Z,_Z,2008,A,USD,NA
35541.886719,P1Y,0,NA,A,PU,_Z,2,NA,NA,FALSE,WB_WDI,WB_WDI_NY_GDP_PCAP_CD,CYP,_T,_T,_T,_Z,_Z,_Z,2008,A,USD,NA
22774.704508,P1Y,0,NA,A,PU,_Z,2,NA,NA,FALSE,WB_WDI,WB_WDI_NY_GDP_PCAP_CD,CZE,_T,_T,_T,_Z,_Z,_Z,2008,A,USD,NA
64616.665758,P1Y,0,NA,A,PU,_Z,2,NA,NA,FALSE,WB_WDI,WB_WDI_NY_GDP_PCAP_CD,DNK,_T,_T,_T,_Z,_Z,_Z,2008,A,USD,NA
1119.152333,P1Y,0,NA,A,PU,_Z,2,NA,NA,FALSE,WB_WDI,WB_WDI_NY_GDP_PCAP_CD,DJI,_T,_T,_T,_Z,_Z,_Z,2008,A,USD,NA
44910.345886,P1Y,0,NA,A,PU,_Z,2,NA,NA,FALSE,WB_WDI,WB_WDI_NY_GDP_PCAP_CD,ARE,_T,_T,_T,_Z,_Z,_Z,2015,A,USD,NA
45256.040227,P1Y,0,NA,A,PU,_Z,2,NA,NA,FALSE,WB_WDI,WB_WDI_NY_GDP_PCAP_CD,GBR,_T,_T,_T,_Z,_Z,_Z,2015,A,USD,NA
56849.469792,P1Y,0,NA,A,PU,_Z,2,NA,NA,FALSE,WB_WDI,WB_WDI_NY_GDP_PCAP_CD,USA,_T,_T,_T,_Z,_Z,_Z,2015,A,USD,NA
17125.90168,P1Y,0,NA,A,PU,_Z,2,NA,NA,FALSE,WB_WDI,WB_WDI_NY_GDP_PCAP_CD,URY,_T,_T,_T,_Z,_Z,_Z,2015,A,USD,NA
3172.898994,P1Y,0,NA,A,PU,_Z,2,NA,NA,FALSE,WB_WDI,WB_WDI_NY_GDP_PCAP_CD,UZB,_T,_T,_T,_Z,_Z,_Z,2015,A,USD,NA
3214.419486,P1Y,0,NA,A,PU,_Z,2,NA,NA,FALSE,WB_WDI,WB_WDI_NY_GDP_PCAP_CD,VUT,_T,_T,_T,_Z,_Z,_Z,2015,A,USD,NA
4096.619891,P1Y,0,NA,A,PU,_Z,2,NA,NA,FALSE,WB_WDI,WB_WDI_NY_GDP_PCAP_CD,VEN,_T,_T,_T,_Z,_Z,_Z,2015,A,USD,NA
2577.568853,P1Y,0,NA,A,PU,_Z,2,NA,NA,FALSE,WB_WDI,WB_WDI_NY_GDP_PCAP_CD,VNM,_T,_T,_T,_Z,_Z,_Z,2015,A,USD,NA
34007.352941,P1Y,0,NA,A,PU,_Z,2,NA,NA,FALSE,WB_WDI,WB_WDI_NY_GDP_PCAP_CD,VIR,_T,_T,_T,_Z,_Z,_Z,2015,A,USD,NA
3272.154324,P1Y,0,NA,A,PU,_Z,2,NA,NA,FALSE,WB_WDI,WB_WDI_NY_GDP_PCAP_CD,PSE,_T,_T,_T,_Z,_Z,_Z,2015,A,USD,NA
1362.173812,P1Y,0,NA,A,PU,_Z,2,NA,NA,FALSE,WB_WDI,WB_WDI_NY_GDP_PCAP_CD,YEM,_T,_T,_T,_Z,_Z,_Z,2015,A,USD,NA
947.915033,P1Y,0,NA,A,PU,_Z,2,NA,NA,FALSE,WB_WDI,WB_WDI_NY_GDP_PCAP_CD,MLI,_T,_T,_T,_Z,_Z,_Z,2014,A,USD,NA
27424.569362,P1Y,0,NA,A,PU,_Z,2,NA,NA,FALSE,WB_WDI,WB_WDI_NY_GDP_PCAP_CD,MLT,_T,_T,_T,_Z,_Z,_Z,2014,A,USD,NA
3735.239778,P1Y,0,NA,A,PU,_Z,2,NA,NA,FALSE,WB_WDI,WB_WDI_NY_GDP_PCAP_CD,MHL,_T,_T,_T,_Z,_Z,_Z,2014,A,USD,NA
1718.970894,P1Y,0,NA,A,PU,_Z,2,NA,NA,FALSE,WB_WDI,WB_WDI_NY_GDP_PCAP_CD,MRT,_T,_T,_T,_Z,_Z,_Z,2014,A,USD,NA
10490.331556,P1Y,0,NA,A,PU,_Z,2,NA,NA,FALSE,WB_WDI,WB_WDI_NY_GDP_PCAP_CD,MUS,_T,_T,_T,_Z,_Z,_Z,2014,A,USD,NA
11391.37735,P1Y,0,NA,A,PU,_Z,2,NA,NA,FALSE,WB_WDI,WB_WDI_NY_GDP_PCAP_CD,MEX,_T,_T,_T,_Z,_Z,_Z,2014,A,USD,NA
2915.236725,P1Y,0,NA,A,PU,_Z,2,NA,NA,FALSE,WB_WDI,WB_WDI_NY_GDP_PCAP_CD,FSM,_T,_T,_T,_Z,_Z,_Z,2014,A,USD,NA
3289.957586,P1Y,0,NA,A,PU,_Z,2,NA,NA,FALSE,WB_WDI,WB_WDI_NY_GDP_PCAP_CD,MDA,_T,_T,_T,_Z,_Z,_Z,2014,A,USD,NA
195693.519541,P1Y,0,NA,A,PU,_Z,2,NA,NA,FALSE,WB_WDI,WB_WDI_NY_GDP_PCAP_CD,MCO,_T,_T,_T,_Z,_Z,_Z,2014,A,USD,NA
4126.239758,P1Y,0,NA,A,PU,_Z,2,NA,NA,FALSE,WB_WDI,WB_WDI_NY_GDP_PCAP_CD,MNG,_T,_T,_T,_Z,_Z,_Z,2014,A,USD,NA
7342.171474,P1Y,0,NA,A,PU,_Z,2,NA,NA,FALSE,WB_WDI,WB_WDI_NY_GDP_PCAP_CD,MNE,_T,_T,_T,_Z,_Z,_Z,2014,A,USD,NA
1166.733055,P1Y,0,NA,A,PU,_Z,2,NA,NA,FALSE,WB_WDI,WB_WDI_NY_GDP_PCAP_CD,MMR,_T,_T,_T,_Z,_Z,_Z,2015,A,USD,NA
4774.106509,P1Y,0,NA,A,PU,_Z,2,NA,NA,FALSE,WB_WDI,WB_WDI_NY_GDP_PCAP_CD,NAM,_T,_T,_T,_Z,_Z,_Z,2015,A,USD,NA
7747.25585,P1Y,0,NA,A,PU,_Z,2,NA,NA,FALSE,WB_WDI,WB_WDI_NY_GDP_PCAP_CD,NRU,_T,_T,_T,_Z,_Z,_Z,2015,A,USD,NA
875.543635,P1Y,0,NA,A,PU,_Z,2,NA,NA,FALSE,WB_WDI,WB_WDI_NY_GDP_PCAP_CD,NPL,_T,_T,_T,_Z,_Z,_Z,2015,A,USD,NA
45793.813543,P1Y,0,NA,A,PU,_Z,2,NA,NA,FALSE,WB_WDI,WB_WDI_NY_GDP_PCAP_CD,NLD,_T,_T,_T,_Z,_Z,_Z,2015,A,USD,NA
30858.723706,P1Y,0,NA,A,PU,_Z,2,NA,NA,FALSE,WB_WDI,WB_WDI_NY_GDP_PCAP_CD,NCL,_T,_T,_T,_Z,_Z,_Z,2015,A,USD,NA
38648.730256,P1Y,0,NA,A,PU,_Z,2,NA,NA,FALSE,WB_WDI,WB_WDI_NY_GDP_PCAP_CD,NZL,_T,_T,_T,_Z,_Z,_Z,2015,A,USD,NA
2074.456206,P1Y,0,NA,A,PU,_Z,2,NA,NA,FALSE,WB_WDI,WB_WDI_NY_GDP_PCAP_CD,NIC,_T,_T,_T,_Z,_Z,_Z,2015,A,USD,NA
485.662574,P1Y,0,NA,A,PU,_Z,2,NA,NA,FALSE,WB_WDI,WB_WDI_NY_GDP_PCAP_CD,NER,_T,_T,_T,_Z,_Z,_Z,2015,A,USD,NA
2585.733607,P1Y,0,NA,A,PU,_Z,2,NA,NA,FALSE,WB_WDI,WB_WDI_NY_GDP_PCAP_CD,NGA,_T,_T,_T,_Z,_Z,_Z,2015,A,USD,NA
5262.686719,P1Y,0,NA,A,PU,_Z,2,NA,NA,FALSE,WB_WDI,WB_WDI_NY_GDP_PCAP_CD,MKD,_T,_T,_T,_Z,_Z,_Z,2015,A,USD,NA
17665.100749,P1Y,0,NA,A,PU,_Z,2,NA,NA,FALSE,WB_WDI,WB_WDI_NY_GDP_PCAP_CD,MNP,_T,_T,_T,_Z,_Z,_Z,2015,A,USD,NA
14261.843379,P1Y,0,NA,A,PU,_Z,2,NA,NA,FALSE,WB_WDI,WB_WDI_NY_GDP_PCAP_CD,LTU,_T,_T,_T,_Z,_Z,_Z,2011,A,USD,NA
119025.057203,P1Y,0,NA,A,PU,_Z,2,NA,NA,FALSE,WB_WDI,WB_WDI_NY_GDP_PCAP_CD,LUX,_T,_T,_T,_Z,_Z,_Z,2011,A,USD,NA
67046.728429,P1Y,0,NA,A,PU,_Z,2,NA,NA,FALSE,WB_WDI,WB_WDI_NY_GDP_PCAP_CD,MAC,_T,_T,_T,_Z,_Z,_Z,2011,A,USD,NA
506.163692,P1Y,0,NA,A,PU,_Z,2,NA,NA,FALSE,WB_WDI,WB_WDI_NY_GDP_PCAP_CD,MDG,_T,_T,_T,_Z,_Z,_Z,2011,A,USD,NA
763.061,P1Y,0,NA,A,PU,_Z,2,NA,NA,FALSE,WB_WDI,WB_WDI_NY_GDP_PCAP_CD,MWI,_T,_T,_T,_Z,_Z,_Z,2011,A,USD,NA
10217.106859,P1Y,0,NA,A,PU,_Z,2,NA,NA,FALSE,WB_WDI,WB_WDI_NY_GDP_PCAP_CD,MYS,_T,_T,_T,_Z,_Z,_Z,2011,A,USD,NA
7424.520411,P1Y,0,NA,A,PU,_Z,2,NA,NA,FALSE,WB_WDI,WB_WDI_NY_GDP_PCAP_CD,MDV,_T,_T,_T,_Z,_Z,_Z,2011,A,USD,NA
938.292903,P1Y,0,NA,A,PU,_Z,2,NA,NA,FALSE,WB_WDI,WB_WDI_NY_GDP_PCAP_CD,MLI,_T,_T,_T,_Z,_Z,_Z,2011,A,USD,NA
23516.972446,P1Y,0,NA,A,PU,_Z,2,NA,NA,FALSE,WB_WDI,WB_WDI_NY_GDP_PCAP_CD,MLT,_T,_T,_T,_Z,_Z,_Z,2011,A,USD,NA
3319.398154,P1Y,0,NA,A,PU,_Z,2,NA,NA,FALSE,WB_WDI,WB_WDI_NY_GDP_PCAP_CD,MHL,_T,_T,_T,_Z,_Z,_Z,2011,A,USD,NA
1931.199755,P1Y,0,NA,A,PU,_Z,2,NA,NA,FALSE,WB_WDI,WB_WDI_NY_GDP_PCAP_CD,MRT,_T,_T,_T,_Z,_Z,_Z,2011,A,USD,NA
6971.326338,P1Y,0,NA,A,PU,_Z,2,NA,NA,FALSE,WB_WDI,WB_WDI_NY_GDP_PCAP_CD,DMA,_T,_T,_T,_Z,_Z,_Z,2008,A,USD,NA
5023.585134,P1Y,0,NA,A,PU,_Z,2,NA,NA,FALSE,WB_WDI,WB_WDI_NY_GDP_PCAP_CD,DOM,_T,_T,_T,_Z,_Z,_Z,2008,A,USD,NA
4194.757507,P1Y,0,NA,A,PU,_Z,2,NA,NA,FALSE,WB_WDI,WB_WDI_NY_GDP_PCAP_CD,ECU,_T,_T,_T,_Z,_Z,_Z,2008,A,USD,NA
1896.215943,P1Y,0,NA,A,PU,_Z,2,NA,NA,FALSE,WB_WDI,WB_WDI_NY_GDP_PCAP_CD,EGY,_T,_T,_T,_Z,_Z,_Z,2008,A,USD,NA
2983.248296,P1Y,0,NA,A,PU,_Z,2,NA,NA,FALSE,WB_WDI,WB_WDI_NY_GDP_PCAP_CD,SLV,_T,_T,_T,_Z,_Z,_Z,2008,A,USD,NA
18210.555297,P1Y,0,NA,A,PU,_Z,2,NA,NA,FALSE,WB_WDI,WB_WDI_NY_GDP_PCAP_CD,GNQ,_T,_T,_T,_Z,_Z,_Z,2008,A,USD,NA
490.066956,P1Y,0,NA,A,PU,_Z,2,NA,NA,FALSE,WB_WDI,WB_WDI_NY_GDP_PCAP_CD,ERI,_T,_T,_T,_Z,_Z,_Z,2008,A,USD,NA
18205.906411,P1Y,0,NA,A,PU,_Z,2,NA,NA,FALSE,WB_WDI,WB_WDI_NY_GDP_PCAP_CD,EST,_T,_T,_T,_Z,_Z,_Z,2008,A,USD,NA
2946.860661,P1Y,0,NA,A,PU,_Z,2,NA,NA,FALSE,WB_WDI,WB_WDI_NY_GDP_PCAP_CD,SWZ,_T,_T,_T,_Z,_Z,_Z,2008,A,USD,NA
316.410475,P1Y,0,NA,A,PU,_Z,2,NA,NA,FALSE,WB_WDI,WB_WDI_NY_GDP_PCAP_CD,ETH,_T,_T,_T,_Z,_Z,_Z,2008,A,USD,NA
51287.891108,P1Y,0,NA,A,PU,_Z,2,NA,NA,FALSE,WB_WDI,WB_WDI_NY_GDP_PCAP_CD,FRO,_T,_T,_T,_Z,_Z,_Z,2008,A,USD,NA
3899.922315,P1Y,0,NA,A,PU,_Z,2,NA,NA,FALSE,WB_WDI,WB_WDI_NY_GDP_PCAP_CD,FJI,_T,_T,_T,_Z,_Z,_Z,2008,A,USD,NA
5250.972924,P1Y,0,NA,A,PU,_Z,2,NA,NA,FALSE,WB_WDI,WB_WDI_NY_GDP_PCAP_CD,COL,_T,_T,_T,_Z,_Z,_Z,2009,A,USD,NA
1410.30517,P1Y,0,NA,A,PU,_Z,2,NA,NA,FALSE,WB_WDI,WB_WDI_NY_GDP_PCAP_CD,COM,_T,_T,_T,_Z,_Z,_Z,2009,A,USD,NA
280.178991,P1Y,0,NA,A,PU,_Z,2,NA,NA,FALSE,WB_WDI,WB_WDI_NY_GDP_PCAP_CD,COD,_T,_T,_T,_Z,_Z,_Z,2009,A,USD,NA
2271.152192,P1Y,0,NA,A,PU,_Z,2,NA,NA,FALSE,WB_WDI,WB_WDI_NY_GDP_PCAP_CD,COG,_T,_T,_T,_Z,_Z,_Z,2009,A,USD,NA
6832.698282,P1Y,0,NA,A,PU,_Z,2,NA,NA,FALSE,WB_WDI,WB_WDI_NY_GDP_PCAP_CD,CRI,_T,_T,_T,_Z,_Z,_Z,2009,A,USD,NA
1540.453936,P1Y,0,NA,A,PU,_Z,2,NA,NA,FALSE,WB_WDI,WB_WDI_NY_GDP_PCAP_CD,CIV,_T,_T,_T,_Z,_Z,_Z,2009,A,USD,NA
14474.525139,P1Y,0,NA,A,PU,_Z,2,NA,NA,FALSE,WB_WDI,WB_WDI_NY_GDP_PCAP_CD,HRV,_T,_T,_T,_Z,_Z,_Z,2009,A,USD,NA
5089.235198,P1Y,0,NA,A,PU,_Z,2,NA,NA,FALSE,WB_WDI,WB_WDI_NY_GDP_PCAP_CD,CUB,_T,_T,_T,_Z,_Z,_Z,2009,A,USD,NA
19540.247658,P1Y,0,NA,A,PU,_Z,2,NA,NA,FALSE,WB_WDI,WB_WDI_NY_GDP_PCAP_CD,CUW,_T,_T,_T,_Z,_Z,_Z,2009,A,USD,NA
32236.462891,P1Y,0,NA,A,PU,_Z,2,NA,NA,FALSE,WB_WDI,WB_WDI_NY_GDP_PCAP_CD,CYP,_T,_T,_T,_Z,_Z,_Z,2009,A,USD,NA
19817.421584,P1Y,0,NA,A,PU,_Z,2,NA,NA,FALSE,WB_WDI,WB_WDI_NY_GDP_PCAP_CD,CZE,_T,_T,_T,_Z,_Z,_Z,2009,A,USD,NA
58412.747236,P1Y,0,NA,A,PU,_Z,2,NA,NA,FALSE,WB_WDI,WB_WDI_NY_GDP_PCAP_CD,DNK,_T,_T,_T,_Z,_Z,_Z,2009,A,USD,NA
2715.268737,P1Y,0,NA,A,PU,_Z,2,NA,NA,FALSE,WB_WDI,WB_WDI_NY_GDP_PCAP_CD,FSM,_T,_T,_T,_Z,_Z,_Z,2010,A,USD,NA
2436.799351,P1Y,0,NA,A,PU,_Z,2,NA,NA,FALSE,WB_WDI,WB_WDI_NY_GDP_PCAP_CD,MDA,_T,_T,_T,_Z,_Z,_Z,2010,A,USD,NA
161853.922745,P1Y,0,NA,A,PU,_Z,2,NA,NA,FALSE,WB_WDI,WB_WDI_NY_GDP_PCAP_CD,MCO,_T,_T,_T,_Z,_Z,_Z,2010,A,USD,NA
2625.218814,P1Y,0,NA,A,PU,_Z,2,NA,NA,FALSE,WB_WDI,WB_WDI_NY_GDP_PCAP_CD,MNG,_T,_T,_T,_Z,_Z,_Z,2010,A,USD,NA
6678.639396,P1Y,0,NA,A,PU,_Z,2,NA,NA,FALSE,WB_WDI,WB_WDI_NY_GDP_PCAP_CD,MNE,_T,_T,_T,_Z,_Z,_Z,2010,A,USD,NA
3067.985352,P1Y,0,NA,A,PU,_Z,2,NA,NA,FALSE,WB_WDI,WB_WDI_NY_GDP_PCAP_CD,MAR,_T,_T,_T,_Z,_Z,_Z,2010,A,USD,NA
496.185839,P1Y,0,NA,A,PU,_Z,2,NA,NA,FALSE,WB_WDI,WB_WDI_NY_GDP_PCAP_CD,MOZ,_T,_T,_T,_Z,_Z,_Z,2010,A,USD,NA
1010.534173,P1Y,0,NA,A,PU,_Z,2,NA,NA,FALSE,WB_WDI,WB_WDI_NY_GDP_PCAP_CD,MMR,_T,_T,_T,_Z,_Z,_Z,2010,A,USD,NA
5418.216334,P1Y,0,NA,A,PU,_Z,2,NA,NA,FALSE,WB_WDI,WB_WDI_NY_GDP_PCAP_CD,NAM,_T,_T,_T,_Z,_Z,_Z,2010,A,USD,NA
4735.920005,P1Y,0,NA,A,PU,_Z,2,NA,NA,FALSE,WB_WDI,WB_WDI_NY_GDP_PCAP_CD,NRU,_T,_T,_T,_Z,_Z,_Z,2010,A,USD,NA
585.278492,P1Y,0,NA,A,PU,_Z,2,NA,NA,FALSE,WB_WDI,WB_WDI_NY_GDP_PCAP_CD,NPL,_T,_T,_T,_Z,_Z,_Z,2010,A,USD,NA
77220.952431,P1Y,0,NA,A,PU,_Z,2,NA,NA,FALSE,WB_WDI,WB_WDI_NY_GDP_PCAP_CD,NOR,_T,_T,_T,_Z,_Z,_Z,2015,A,USD,NA
18808.307792,P1Y,0,NA,A,PU,_Z,2,NA,NA,FALSE,WB_WDI,WB_WDI_NY_GDP_PCAP_CD,OMN,_T,_T,_T,_Z,_Z,_Z,2015,A,USD,NA
1380.470208,P1Y,0,NA,A,PU,_Z,2,NA,NA,FALSE,WB_WDI,WB_WDI_NY_GDP_PCAP_CD,PAK,_T,_T,_T,_Z,_Z,_Z,2015,A,USD,NA
15938.365222,P1Y,0,NA,A,PU,_Z,2,NA,NA,FALSE,WB_WDI,WB_WDI_NY_GDP_PCAP_CD,PLW,_T,_T,_T,_Z,_Z,_Z,2015,A,USD,NA
14082.65485,P1Y,0,NA,A,PU,_Z,2,NA,NA,FALSE,WB_WDI,WB_WDI_NY_GDP_PCAP_CD,PAN,_T,_T,_T,_Z,_Z,_Z,2015,A,USD,NA
2484.59634,P1Y,0,NA,A,PU,_Z,2,NA,NA,FALSE,WB_WDI,WB_WDI_NY_GDP_PCAP_CD,PNG,_T,_T,_T,_Z,_Z,_Z,2015,A,USD,NA
5879.337923,P1Y,0,NA,A,PU,_Z,2,NA,NA,FALSE,WB_WDI,WB_WDI_NY_GDP_PCAP_CD,PRY,_T,_T,_T,_Z,_Z,_Z,2015,A,USD,NA
6231.711503,P1Y,0,NA,A,PU,_Z,2,NA,NA,FALSE,WB_WDI,WB_WDI_NY_GDP_PCAP_CD,PER,_T,_T,_T,_Z,_Z,_Z,2015,A,USD,NA
2909.85818,P1Y,0,NA,A,PU,_Z,2,NA,NA,FALSE,WB_WDI,WB_WDI_NY_GDP_PCAP_CD,PHL,_T,_T,_T,_Z,_Z,_Z,2015,A,USD,NA
12637.522032,P1Y,0,NA,A,PU,_Z,2,NA,NA,FALSE,WB_WDI,WB_WDI_NY_GDP_PCAP_CD,POL,_T,_T,_T,_Z,_Z,_Z,2015,A,USD,NA
2962.702346,P1Y,0,NA,A,PU,_Z,2,NA,NA,FALSE,WB_WDI,WB_WDI_NY_GDP_PCAP_CD,ARM,_T,_T,_T,_Z,_Z,_Z,2007,A,USD,NA
26736.308944,P1Y,0,NA,A,PU,_Z,2,NA,NA,FALSE,WB_WDI,WB_WDI_NY_GDP_PCAP_CD,ABW,_T,_T,_T,_Z,_Z,_Z,2007,A,USD,NA
41128.247662,P1Y,0,NA,A,PU,_Z,2,NA,NA,FALSE,WB_WDI,WB_WDI_NY_GDP_PCAP_CD,AUS,_T,_T,_T,_Z,_Z,_Z,2007,A,USD,NA
46622.962291,P1Y,0,NA,A,PU,_Z,2,NA,NA,FALSE,WB_WDI,WB_WDI_NY_GDP_PCAP_CD,AUT,_T,_T,_T,_Z,_Z,_Z,2007,A,USD,NA
3851.330152,P1Y,0,NA,A,PU,_Z,2,NA,NA,FALSE,WB_WDI,WB_WDI_NY_GDP_PCAP_CD,AZE,_T,_T,_T,_Z,_Z,_Z,2007,A,USD,NA
30051.848959,P1Y,0,NA,A,PU,_Z,2,NA,NA,FALSE,WB_WDI,WB_WDI_NY_GDP_PCAP_CD,BHS,_T,_T,_T,_Z,_Z,_Z,2007,A,USD,NA
20908.404255,P1Y,0,NA,A,PU,_Z,2,NA,NA,FALSE,WB_WDI,WB_WDI_NY_GDP_PCAP_CD,BHR,_T,_T,_T,_Z,_Z,_Z,2007,A,USD,NA
537.955493,P1Y,0,NA,A,PU,_Z,2,NA,NA,FALSE,WB_WDI,WB_WDI_NY_GDP_PCAP_CD,BGD,_T,_T,_T,_Z,_Z,_Z,2007,A,USD,NA
17235.439643,P1Y,0,NA,A,PU,_Z,2,NA,NA,FALSE,WB_WDI,WB_WDI_NY_GDP_PCAP_CD,BRB,_T,_T,_T,_Z,_Z,_Z,2007,A,USD,NA
4735.481076,P1Y,0,NA,A,PU,_Z,2,NA,NA,FALSE,WB_WDI,WB_WDI_NY_GDP_PCAP_CD,BLR,_T,_T,_T,_Z,_Z,_Z,2007,A,USD,NA
44319.165449,P1Y,0,NA,A,PU,_Z,2,NA,NA,FALSE,WB_WDI,WB_WDI_NY_GDP_PCAP_CD,BEL,_T,_T,_T,_Z,_Z,_Z,2007,A,USD,NA
109419.746953,P1Y,0,NA,A,PU,_Z,2,NA,NA,FALSE,WB_WDI,WB_WDI_NY_GDP_PCAP_CD,LUX,_T,_T,_T,_Z,_Z,_Z,2009,A,USD,NA
40354.281029,P1Y,0,NA,A,PU,_Z,2,NA,NA,FALSE,WB_WDI,WB_WDI_NY_GDP_PCAP_CD,MAC,_T,_T,_T,_Z,_Z,_Z,2009,A,USD,NA
446.315238,P1Y,0,NA,A,PU,_Z,2,NA,NA,FALSE,WB_WDI,WB_WDI_NY_GDP_PCAP_CD,MDG,_T,_T,_T,_Z,_Z,_Z,2009,A,USD,NA
625.86973,P1Y,0,NA,A,PU,_Z,2,NA,NA,FALSE,WB_WDI,WB_WDI_NY_GDP_PCAP_CD,MWI,_T,_T,_T,_Z,_Z,_Z,2009,A,USD,NA
7191.432872,P1Y,0,NA,A,PU,_Z,2,NA,NA,FALSE,WB_WDI,WB_WDI_NY_GDP_PCAP_CD,MYS,_T,_T,_T,_Z,_Z,_Z,2009,A,USD,NA
6734.031656,P1Y,0,NA,A,PU,_Z,2,NA,NA,FALSE,WB_WDI,WB_WDI_NY_GDP_PCAP_CD,MDV,_T,_T,_T,_Z,_Z,_Z,2009,A,USD,NA
787.482564,P1Y,0,NA,A,PU,_Z,2,NA,NA,FALSE,WB_WDI,WB_WDI_NY_GDP_PCAP_CD,MLI,_T,_T,_T,_Z,_Z,_Z,2009,A,USD,NA
21261.54287,P1Y,0,NA,A,PU,_Z,2,NA,NA,FALSE,WB_WDI,WB_WDI_NY_GDP_PCAP_CD,MLT,_T,_T,_T,_Z,_Z,_Z,2009,A,USD,NA
2906.63027,P1Y,0,NA,A,PU,_Z,2,NA,NA,FALSE,WB_WDI,WB_WDI_NY_GDP_PCAP_CD,MHL,_T,_T,_T,_Z,_Z,_Z,2009,A,USD,NA
1435.430108,P1Y,0,NA,A,PU,_Z,2,NA,NA,FALSE,WB_WDI,WB_WDI_NY_GDP_PCAP_CD,MRT,_T,_T,_T,_Z,_Z,_Z,2009,A,USD,NA
7426.861373,P1Y,0,NA,A,PU,_Z,2,NA,NA,FALSE,WB_WDI,WB_WDI_NY_GDP_PCAP_CD,MUS,_T,_T,_T,_Z,_Z,_Z,2009,A,USD,NA
13712.707794,P1Y,0,NA,A,PU,_Z,2,NA,NA,FALSE,WB_WDI,WB_WDI_NY_GDP_PCAP_CD,CEB,_T,_T,_T,_Z,_Z,_Z,2013,A,USD,NA
3332.304075,P1Y,0,NA,A,PU,_Z,2,NA,NA,FALSE,WB_WDI,WB_WDI_NY_GDP_PCAP_CD,EAR,_T,_T,_T,_Z,_Z,_Z,2013,A,USD,NA
9580.350948,P1Y,0,NA,A,PU,_Z,2,NA,NA,FALSE,WB_WDI,WB_WDI_NY_GDP_PCAP_CD,EAS,_T,_T,_T,_Z,_Z,_Z,2013,A,USD,NA
5952.821487,P1Y,0,NA,A,PU,_Z,2,NA,NA,FALSE,WB_WDI,WB_WDI_NY_GDP_PCAP_CD,EAP,_T,_T,_T,_Z,_Z,_Z,2013,A,USD,NA
6020.778215,P1Y,0,NA,A,PU,_Z,2,NA,NA,FALSE,WB_WDI,WB_WDI_NY_GDP_PCAP_CD,TEA,_T,_T,_T,_Z,_Z,_Z,2013,A,USD,NA
38455.05659,P1Y,0,NA,A,PU,_Z,2,NA,NA,FALSE,WB_WDI,WB_WDI_NY_GDP_PCAP_CD,EMU,_T,_T,_T,_Z,_Z,_Z,2013,A,USD,NA
26236.285428,P1Y,0,NA,A,PU,_Z,2,NA,NA,FALSE,WB_WDI,WB_WDI_NY_GDP_PCAP_CD,ECS,_T,_T,_T,_Z,_Z,_Z,2013,A,USD,NA
7707.279553,P1Y,0,NA,A,PU,_Z,2,NA,NA,FALSE,WB_WDI,WB_WDI_NY_GDP_PCAP_CD,ECA,_T,_T,_T,_Z,_Z,_Z,2013,A,USD,NA
10986.395432,P1Y,0,NA,A,PU,_Z,2,NA,NA,FALSE,WB_WDI,WB_WDI_NY_GDP_PCAP_CD,TEC,_T,_T,_T,_Z,_Z,_Z,2013,A,USD,NA
34804.735924,P1Y,0,NA,A,PU,_Z,2,NA,NA,FALSE,WB_WDI,WB_WDI_NY_GDP_PCAP_CD,EUU,_T,_T,_T,_Z,_Z,_Z,2013,A,USD,NA
961.217622,P1Y,0,NA,A,PU,_Z,2,NA,NA,FALSE,WB_WDI,WB_WDI_NY_GDP_PCAP_CD,HPC,_T,_T,_T,_Z,_Z,_Z,2013,A,USD,NA
39099.882405,P1Y,0,NA,A,PU,_Z,2,NA,NA,FALSE,WB_WDI,WB_WDI_NY_GDP_PCAP_CD,HIC,_T,_T,_T,_Z,_Z,_Z,2013,A,USD,NA
5846.259663,P1Y,0,NA,A,PU,_Z,2,NA,NA,FALSE,WB_WDI,WB_WDI_NY_GDP_PCAP_CD,IBD,_T,_T,_T,_Z,_Z,_Z,2013,A,USD,NA
5843.533768,P1Y,0,NA,A,PU,_Z,2,NA,NA,FALSE,WB_WDI,WB_WDI_NY_GDP_PCAP_CD,AZE,_T,_T,_T,_Z,_Z,_Z,2010,A,USD,NA
27473.100431,P1Y,0,NA,A,PU,_Z,2,NA,NA,FALSE,WB_WDI,WB_WDI_NY_GDP_PCAP_CD,BHS,_T,_T,_T,_Z,_Z,_Z,2010,A,USD,NA
21819.32911,P1Y,0,NA,A,PU,_Z,2,NA,NA,FALSE,WB_WDI,WB_WDI_NY_GDP_PCAP_CD,BHR,_T,_T,_T,_Z,_Z,_Z,2010,A,USD,NA
757.38528,P1Y,0,NA,A,PU,_Z,2,NA,NA,FALSE,WB_WDI,WB_WDI_NY_GDP_PCAP_CD,BGD,_T,_T,_T,_Z,_Z,_Z,2010,A,USD,NA
19723.238193,P1Y,0,NA,A,PU,_Z,2,NA,NA,FALSE,WB_WDI,WB_WDI_NY_GDP_PCAP_CD,BRB,_T,_T,_T,_Z,_Z,_Z,2010,A,USD,NA
6034.678852,P1Y,0,NA,A,PU,_Z,2,NA,NA,FALSE,WB_WDI,WB_WDI_NY_GDP_PCAP_CD,BLR,_T,_T,_T,_Z,_Z,_Z,2010,A,USD,NA
44197.393671,P1Y,0,NA,A,PU,_Z,2,NA,NA,FALSE,WB_WDI,WB_WDI_NY_GDP_PCAP_CD,BEL,_T,_T,_T,_Z,_Z,_Z,2010,A,USD,NA
5461.40736,P1Y,0,NA,A,PU,_Z,2,NA,NA,FALSE,WB_WDI,WB_WDI_NY_GDP_PCAP_CD,BLZ,_T,_T,_T,_Z,_Z,_Z,2010,A,USD,NA
973.244255,P1Y,0,NA,A,PU,_Z,2,NA,NA,FALSE,WB_WDI,WB_WDI_NY_GDP_PCAP_CD,BEN,_T,_T,_T,_Z,_Z,_Z,2010,A,USD,NA
104111.824245,P1Y,0,NA,A,PU,_Z,2,NA,NA,FALSE,WB_WDI,WB_WDI_NY_GDP_PCAP_CD,BMU,_T,_T,_T,_Z,_Z,_Z,2010,A,USD,NA
2435.579806,P1Y,0,NA,A,PU,_Z,2,NA,NA,FALSE,WB_WDI,WB_WDI_NY_GDP_PCAP_CD,BTN,_T,_T,_T,_Z,_Z,_Z,2010,A,USD,NA
1523.684371,P1Y,0,NA,A,PU,_Z,2,NA,NA,FALSE,WB_WDI,WB_WDI_NY_GDP_PCAP_CD,NIC,_T,_T,_T,_Z,_Z,_Z,2008,A,USD,NA
475.044955,P1Y,0,NA,A,PU,_Z,2,NA,NA,FALSE,WB_WDI,WB_WDI_NY_GDP_PCAP_CD,NER,_T,_T,_T,_Z,_Z,_Z,2008,A,USD,NA
2154.105435,P1Y,0,NA,A,PU,_Z,2,NA,NA,FALSE,WB_WDI,WB_WDI_NY_GDP_PCAP_CD,NGA,_T,_T,_T,_Z,_Z,_Z,2008,A,USD,NA
5026.420299,P1Y,0,NA,A,PU,_Z,2,NA,NA,FALSE,WB_WDI,WB_WDI_NY_GDP_PCAP_CD,MKD,_T,_T,_T,_Z,_Z,_Z,2008,A,USD,NA
16430.446194,P1Y,0,NA,A,PU,_Z,2,NA,NA,FALSE,WB_WDI,WB_WDI_NY_GDP_PCAP_CD,MNP,_T,_T,_T,_Z,_Z,_Z,2008,A,USD,NA
99001.530068,P1Y,0,NA,A,PU,_Z,2,NA,NA,FALSE,WB_WDI,WB_WDI_NY_GDP_PCAP_CD,NOR,_T,_T,_T,_Z,_Z,_Z,2008,A,USD,NA
26576.779242,P1Y,0,NA,A,PU,_Z,2,NA,NA,FALSE,WB_WDI,WB_WDI_NY_GDP_PCAP_CD,OMN,_T,_T,_T,_Z,_Z,_Z,2008,A,USD,NA
1067.043246,P1Y,0,NA,A,PU,_Z,2,NA,NA,FALSE,WB_WDI,WB_WDI_NY_GDP_PCAP_CD,PAK,_T,_T,_T,_Z,_Z,_Z,2008,A,USD,NA
10471.151001,P1Y,0,NA,A,PU,_Z,2,NA,NA,FALSE,WB_WDI,WB_WDI_NY_GDP_PCAP_CD,PLW,_T,_T,_T,_Z,_Z,_Z,2008,A,USD,NA
7347.590503,P1Y,0,NA,A,PU,_Z,2,NA,NA,FALSE,WB_WDI,WB_WDI_NY_GDP_PCAP_CD,PAN,_T,_T,_T,_Z,_Z,_Z,2008,A,USD,NA
1624.793199,P1Y,0,NA,A,PU,_Z,2,NA,NA,FALSE,WB_WDI,WB_WDI_NY_GDP_PCAP_CD,PNG,_T,_T,_T,_Z,_Z,_Z,2008,A,USD,NA
4384.954694,P1Y,0,NA,A,PU,_Z,2,NA,NA,FALSE,WB_WDI,WB_WDI_NY_GDP_PCAP_CD,PRY,_T,_T,_T,_Z,_Z,_Z,2008,A,USD,NA
148842.035144,P1Y,0,NA,A,PU,_Z,2,NA,NA,FALSE,WB_WDI,WB_WDI_NY_GDP_PCAP_CD,LIE,_T,_T,_T,_Z,_Z,_Z,2012,A,USD,NA
14288.185349,P1Y,0,NA,A,PU,_Z,2,NA,NA,FALSE,WB_WDI,WB_WDI_NY_GDP_PCAP_CD,LTU,_T,_T,_T,_Z,_Z,_Z,2012,A,USD,NA
112584.676271,P1Y,0,NA,A,PU,_Z,2,NA,NA,FALSE,WB_WDI,WB_WDI_NY_GDP_PCAP_CD,LUX,_T,_T,_T,_Z,_Z,_Z,2012,A,USD,NA
76058.022496,P1Y,0,NA,A,PU,_Z,2,NA,NA,FALSE,WB_WDI,WB_WDI_NY_GDP_PCAP_CD,MAC,_T,_T,_T,_Z,_Z,_Z,2012,A,USD,NA
493.511163,P1Y,0,NA,A,PU,_Z,2,NA,NA,FALSE,WB_WDI,WB_WDI_NY_GDP_PCAP_CD,MDG,_T,_T,_T,_Z,_Z,_Z,2012,A,USD,NA
558.462088,P1Y,0,NA,A,PU,_Z,2,NA,NA,FALSE,WB_WDI,WB_WDI_NY_GDP_PCAP_CD,MWI,_T,_T,_T,_Z,_Z,_Z,2012,A,USD,NA
10600.574424,P1Y,0,NA,A,PU,_Z,2,NA,NA,FALSE,WB_WDI,WB_WDI_NY_GDP_PCAP_CD,MYS,_T,_T,_T,_Z,_Z,_Z,2012,A,USD,NA
7461.297037,P1Y,0,NA,A,PU,_Z,2,NA,NA,FALSE,WB_WDI,WB_WDI_NY_GDP_PCAP_CD,MDV,_T,_T,_T,_Z,_Z,_Z,2012,A,USD,NA
872.506092,P1Y,0,NA,A,PU,_Z,2,NA,NA,FALSE,WB_WDI,WB_WDI_NY_GDP_PCAP_CD,MLI,_T,_T,_T,_Z,_Z,_Z,2012,A,USD,NA
22878.309586,P1Y,0,NA,A,PU,_Z,2,NA,NA,FALSE,WB_WDI,WB_WDI_NY_GDP_PCAP_CD,MLT,_T,_T,_T,_Z,_Z,_Z,2012,A,USD,NA
3514.265155,P1Y,0,NA,A,PU,_Z,2,NA,NA,FALSE,WB_WDI,WB_WDI_NY_GDP_PCAP_CD,MHL,_T,_T,_T,_Z,_Z,_Z,2012,A,USD,NA
1859.117332,P1Y,0,NA,A,PU,_Z,2,NA,NA,FALSE,WB_WDI,WB_WDI_NY_GDP_PCAP_CD,MRT,_T,_T,_T,_Z,_Z,_Z,2012,A,USD,NA
4197.584446,P1Y,0,NA,A,PU,_Z,2,NA,NA,FALSE,WB_WDI,WB_WDI_NY_GDP_PCAP_CD,PER,_T,_T,_T,_Z,_Z,_Z,2008,A,USD,NA
1959.292335,P1Y,0,NA,A,PU,_Z,2,NA,NA,FALSE,WB_WDI,WB_WDI_NY_GDP_PCAP_CD,PHL,_T,_T,_T,_Z,_Z,_Z,2008,A,USD,NA
14048.560467,P1Y,0,NA,A,PU,_Z,2,NA,NA,FALSE,WB_WDI,WB_WDI_NY_GDP_PCAP_CD,POL,_T,_T,_T,_Z,_Z,_Z,2008,A,USD,NA
24949.041357,P1Y,0,NA,A,PU,_Z,2,NA,NA,FALSE,WB_WDI,WB_WDI_NY_GDP_PCAP_CD,PRT,_T,_T,_T,_Z,_Z,_Z,2008,A,USD,NA
24898.334586,P1Y,0,NA,A,PU,_Z,2,NA,NA,FALSE,WB_WDI,WB_WDI_NY_GDP_PCAP_CD,PRI,_T,_T,_T,_Z,_Z,_Z,2008,A,USD,NA
80781.211391,P1Y,0,NA,A,PU,_Z,2,NA,NA,FALSE,WB_WDI,WB_WDI_NY_GDP_PCAP_CD,QAT,_T,_T,_T,_Z,_Z,_Z,2008,A,USD,NA
10435.156123,P1Y,0,NA,A,PU,_Z,2,NA,NA,FALSE,WB_WDI,WB_WDI_NY_GDP_PCAP_CD,ROU,_T,_T,_T,_Z,_Z,_Z,2008,A,USD,NA
11635.28418,P1Y,0,NA,A,PU,_Z,2,NA,NA,FALSE,WB_WDI,WB_WDI_NY_GDP_PCAP_CD,RUS,_T,_T,_T,_Z,_Z,_Z,2008,A,USD,NA
522.288339,P1Y,0,NA,A,PU,_Z,2,NA,NA,FALSE,WB_WDI,WB_WDI_NY_GDP_PCAP_CD,RWA,_T,_T,_T,_Z,_Z,_Z,2008,A,USD,NA
3373.606399,P1Y,0,NA,A,PU,_Z,2,NA,NA,FALSE,WB_WDI,WB_WDI_NY_GDP_PCAP_CD,WSM,_T,_T,_T,_Z,_Z,_Z,2008,A,USD,NA
75902.16777,P1Y,0,NA,A,PU,_Z,2,NA,NA,FALSE,WB_WDI,WB_WDI_NY_GDP_PCAP_CD,SMR,_T,_T,_T,_Z,_Z,_Z,2008,A,USD,NA
1081.868458,P1Y,0,NA,A,PU,_Z,2,NA,NA,FALSE,WB_WDI,WB_WDI_NY_GDP_PCAP_CD,STP,_T,_T,_T,_Z,_Z,_Z,2008,A,USD,NA
50629.079917,P1Y,0,NA,A,PU,_Z,2,NA,NA,FALSE,WB_WDI,WB_WDI_NY_GDP_PCAP_CD,GBR,_T,_T,_T,_Z,_Z,_Z,2007,A,USD,NA
48050.227412,P1Y,0,NA,A,PU,_Z,2,NA,NA,FALSE,WB_WDI,WB_WDI_NY_GDP_PCAP_CD,USA,_T,_T,_T,_Z,_Z,_Z,2007,A,USD,NA
7222.054036,P1Y,0,NA,A,PU,_Z,2,NA,NA,FALSE,WB_WDI,WB_WDI_NY_GDP_PCAP_CD,URY,_T,_T,_T,_Z,_Z,_Z,2007,A,USD,NA
824.028192,P1Y,0,NA,A,PU,_Z,2,NA,NA,FALSE,WB_WDI,WB_WDI_NY_GDP_PCAP_CD,UZB,_T,_T,_T,_Z,_Z,_Z,2007,A,USD,NA
2333.705067,P1Y,0,NA,A,PU,_Z,2,NA,NA,FALSE,WB_WDI,WB_WDI_NY_GDP_PCAP_CD,VUT,_T,_T,_T,_Z,_Z,_Z,2007,A,USD,NA
8331.62097,P1Y,0,NA,A,PU,_Z,2,NA,NA,FALSE,WB_WDI,WB_WDI_NY_GDP_PCAP_CD,VEN,_T,_T,_T,_Z,_Z,_Z,2007,A,USD,NA
925.640338,P1Y,0,NA,A,PU,_Z,2,NA,NA,FALSE,WB_WDI,WB_WDI_NY_GDP_PCAP_CD,VNM,_T,_T,_T,_Z,_Z,_Z,2007,A,USD,NA
44158.505404,P1Y,0,NA,A,PU,_Z,2,NA,NA,FALSE,WB_WDI,WB_WDI_NY_GDP_PCAP_CD,VIR,_T,_T,_T,_Z,_Z,_Z,2007,A,USD,NA
1664.245717,P1Y,0,NA,A,PU,_Z,2,NA,NA,FALSE,WB_WDI,WB_WDI_NY_GDP_PCAP_CD,PSE,_T,_T,_T,_Z,_Z,_Z,2007,A,USD,NA
890.305768,P1Y,0,NA,A,PU,_Z,2,NA,NA,FALSE,WB_WDI,WB_WDI_NY_GDP_PCAP_CD,YEM,_T,_T,_T,_Z,_Z,_Z,2007,A,USD,NA
1118.731626,P1Y,0,NA,A,PU,_Z,2,NA,NA,FALSE,WB_WDI,WB_WDI_NY_GDP_PCAP_CD,ZMB,_T,_T,_T,_Z,_Z,_Z,2007,A,USD,NA
413.521245,P1Y,0,NA,A,PU,_Z,2,NA,NA,FALSE,WB_WDI,WB_WDI_NY_GDP_PCAP_CD,ZWE,_T,_T,_T,_Z,_Z,_Z,2007,A,USD,NA
372.514274,P1Y,0,NA,A,PU,_Z,2,NA,NA,FALSE,WB_WDI,WB_WDI_NY_GDP_PCAP_CD,COD,_T,_T,_T,_Z,_Z,_Z,2011,A,USD,NA
3396.165058,P1Y,0,NA,A,PU,_Z,2,NA,NA,FALSE,WB_WDI,WB_WDI_NY_GDP_PCAP_CD,COG,_T,_T,_T,_Z,_Z,_Z,2011,A,USD,NA
9276.391094,P1Y,0,NA,A,PU,_Z,2,NA,NA,FALSE,WB_WDI,WB_WDI_NY_GDP_PCAP_CD,CRI,_T,_T,_T,_Z,_Z,_Z,2011,A,USD,NA
1596.628266,P1Y,0,NA,A,PU,_Z,2,NA,NA,FALSE,WB_WDI,WB_WDI_NY_GDP_PCAP_CD,CIV,_T,_T,_T,_Z,_Z,_Z,2011,A,USD,NA
14691.591758,P1Y,0,NA,A,PU,_Z,2,NA,NA,FALSE,WB_WDI,WB_WDI_NY_GDP_PCAP_CD,HRV,_T,_T,_T,_Z,_Z,_Z,2011,A,USD,NA
6104.461052,P1Y,0,NA,A,PU,_Z,2,NA,NA,FALSE,WB_WDI,WB_WDI_NY_GDP_PCAP_CD,CUB,_T,_T,_T,_Z,_Z,_Z,2011,A,USD,NA
19426.326383,P1Y,0,NA,A,PU,_Z,2,NA,NA,FALSE,WB_WDI,WB_WDI_NY_GDP_PCAP_CD,CUW,_T,_T,_T,_Z,_Z,_Z,2011,A,USD,NA
32485.804688,P1Y,0,NA,A,PU,_Z,2,NA,NA,FALSE,WB_WDI,WB_WDI_NY_GDP_PCAP_CD,CYP,_T,_T,_T,_Z,_Z,_Z,2011,A,USD,NA
22049.108079,P1Y,0,NA,A,PU,_Z,2,NA,NA,FALSE,WB_WDI,WB_WDI_NY_GDP_PCAP_CD,CZE,_T,_T,_T,_Z,_Z,_Z,2011,A,USD,NA
61809.737898,P1Y,0,NA,A,PU,_Z,2,NA,NA,FALSE,WB_WDI,WB_WDI_NY_GDP_PCAP_CD,DNK,_T,_T,_T,_Z,_Z,_Z,2011,A,USD,NA
1306.345528,P1Y,0,NA,A,PU,_Z,2,NA,NA,FALSE,WB_WDI,WB_WDI_NY_GDP_PCAP_CD,DJI,_T,_T,_T,_Z,_Z,_Z,2011,A,USD,NA
23329.841769,P1Y,0,NA,A,PU,_Z,2,NA,NA,FALSE,WB_WDI,WB_WDI_NY_GDP_PCAP_CD,SVN,_T,_T,_T,_Z,_Z,_Z,2010,A,USD,NA
1685.145358,P1Y,0,NA,A,PU,_Z,2,NA,NA,FALSE,WB_WDI,WB_WDI_NY_GDP_PCAP_CD,SLB,_T,_T,_T,_Z,_Z,_Z,2010,A,USD,NA
219.202454,P1Y,0,NA,A,PU,_Z,2,NA,NA,FALSE,WB_WDI,WB_WDI_NY_GDP_PCAP_CD,SOM,_T,_T,_T,_Z,_Z,_Z,2010,A,USD,NA
7973.471958,P1Y,0,NA,A,PU,_Z,2,NA,NA,FALSE,WB_WDI,WB_WDI_NY_GDP_PCAP_CD,ZAF,_T,_T,_T,_Z,_Z,_Z,2010,A,USD,NA
1498.27035,P1Y,0,NA,A,PU,_Z,2,NA,NA,FALSE,WB_WDI,WB_WDI_NY_GDP_PCAP_CD,SSD,_T,_T,_T,_Z,_Z,_Z,2010,A,USD,NA
30658.742228,P1Y,0,NA,A,PU,_Z,2,NA,NA,FALSE,WB_WDI,WB_WDI_NY_GDP_PCAP_CD,ESP,_T,_T,_T,_Z,_Z,_Z,2010,A,USD,NA
2808.362452,P1Y,0,NA,A,PU,_Z,2,NA,NA,FALSE,WB_WDI,WB_WDI_NY_GDP_PCAP_CD,LKA,_T,_T,_T,_Z,_Z,_Z,2010,A,USD,NA
16622.945791,P1Y,0,NA,A,PU,_Z,2,NA,NA,FALSE,WB_WDI,WB_WDI_NY_GDP_PCAP_CD,KNA,_T,_T,_T,_Z,_Z,_Z,2010,A,USD,NA
8673.687203,P1Y,0,NA,A,PU,_Z,2,NA,NA,FALSE,WB_WDI,WB_WDI_NY_GDP_PCAP_CD,LCA,_T,_T,_T,_Z,_Z,_Z,2010,A,USD,NA
6551.96836,P1Y,0,NA,A,PU,_Z,2,NA,NA,FALSE,WB_WDI,WB_WDI_NY_GDP_PCAP_CD,VCT,_T,_T,_T,_Z,_Z,_Z,2010,A,USD,NA
1305.635986,P1Y,0,NA,A,PU,_Z,2,NA,NA,FALSE,WB_WDI,WB_WDI_NY_GDP_PCAP_CD,SDN,_T,_T,_T,_Z,_Z,_Z,2010,A,USD,NA
7943.604828,P1Y,0,NA,A,PU,_Z,2,NA,NA,FALSE,WB_WDI,WB_WDI_NY_GDP_PCAP_CD,SUR,_T,_T,_T,_Z,_Z,_Z,2010,A,USD,NA
5500.503646,P1Y,0,NA,A,PU,_Z,2,NA,NA,FALSE,WB_WDI,WB_WDI_NY_GDP_PCAP_CD,AZE,_T,_T,_T,_Z,_Z,_Z,2015,A,USD,NA
30719.405417,P1Y,0,NA,A,PU,_Z,2,NA,NA,FALSE,WB_WDI,WB_WDI_NY_GDP_PCAP_CD,BHS,_T,_T,_T,_Z,_Z,_Z,2015,A,USD,NA
23734.055114,P1Y,0,NA,A,PU,_Z,2,NA,NA,FALSE,WB_WDI,WB_WDI_NY_GDP_PCAP_CD,BHR,_T,_T,_T,_Z,_Z,_Z,2015,A,USD,NA
1224.386477,P1Y,0,NA,A,PU,_Z,2,NA,NA,FALSE,WB_WDI,WB_WDI_NY_GDP_PCAP_CD,BGD,_T,_T,_T,_Z,_Z,_Z,2015,A,USD,NA
20429.474712,P1Y,0,NA,A,PU,_Z,2,NA,NA,FALSE,WB_WDI,WB_WDI_NY_GDP_PCAP_CD,BRB,_T,_T,_T,_Z,_Z,_Z,2015,A,USD,NA
5967.055951,P1Y,0,NA,A,PU,_Z,2,NA,NA,FALSE,WB_WDI,WB_WDI_NY_GDP_PCAP_CD,BLR,_T,_T,_T,_Z,_Z,_Z,2015,A,USD,NA
40893.804538,P1Y,0,NA,A,PU,_Z,2,NA,NA,FALSE,WB_WDI,WB_WDI_NY_GDP_PCAP_CD,BEL,_T,_T,_T,_Z,_Z,_Z,2015,A,USD,NA
6154.622642,P1Y,0,NA,A,PU,_Z,2,NA,NA,FALSE,WB_WDI,WB_WDI_NY_GDP_PCAP_CD,BLZ,_T,_T,_T,_Z,_Z,_Z,2015,A,USD,NA
1002.418869,P1Y,0,NA,A,PU,_Z,2,NA,NA,FALSE,WB_WDI,WB_WDI_NY_GDP_PCAP_CD,BEN,_T,_T,_T,_Z,_Z,_Z,2015,A,USD,NA
104855.366822,P1Y,0,NA,A,PU,_Z,2,NA,NA,FALSE,WB_WDI,WB_WDI_NY_GDP_PCAP_CD,BMU,_T,_T,_T,_Z,_Z,_Z,2015,A,USD,NA
2954.040819,P1Y,0,NA,A,PU,_Z,2,NA,NA,FALSE,WB_WDI,WB_WDI_NY_GDP_PCAP_CD,BTN,_T,_T,_T,_Z,_Z,_Z,2015,A,USD,NA
1549.188319,P1Y,0,NA,A,PU,_Z,2,NA,NA,FALSE,WB_WDI,WB_WDI_NY_GDP_PCAP_CD,SSF,_T,_T,_T,_Z,_Z,_Z,2017,A,USD,NA
1547.774678,P1Y,0,NA,A,PU,_Z,2,NA,NA,FALSE,WB_WDI,WB_WDI_NY_GDP_PCAP_CD,SSA,_T,_T,_T,_Z,_Z,_Z,2017,A,USD,NA
1549.188319,P1Y,0,NA,A,PU,_Z,2,NA,NA,FALSE,WB_WDI,WB_WDI_NY_GDP_PCAP_CD,TSS,_T,_T,_T,_Z,_Z,_Z,2017,A,USD,NA
7676.40395,P1Y,0,NA,A,PU,_Z,2,NA,NA,FALSE,WB_WDI,WB_WDI_NY_GDP_PCAP_CD,UMC,_T,_T,_T,_Z,_Z,_Z,2017,A,USD,NA
10784.39509,P1Y,0,NA,A,PU,_Z,2,NA,NA,FALSE,WB_WDI,WB_WDI_NY_GDP_PCAP_CD,WLD,_T,_T,_T,_Z,_Z,_Z,2017,A,USD,NA
525.469771,P1Y,0,NA,A,PU,_Z,2,NA,NA,FALSE,WB_WDI,WB_WDI_NY_GDP_PCAP_CD,AFG,_T,_T,_T,_Z,_Z,_Z,2017,A,USD,NA
5006.36013,P1Y,0,NA,A,PU,_Z,2,NA,NA,FALSE,WB_WDI,WB_WDI_NY_GDP_PCAP_CD,ALB,_T,_T,_T,_Z,_Z,_Z,2017,A,USD,NA
4554.66754,P1Y,0,NA,A,PU,_Z,2,NA,NA,FALSE,WB_WDI,WB_WDI_NY_GDP_PCAP_CD,DZA,_T,_T,_T,_Z,_Z,_Z,2017,A,USD,NA
11863.683945,P1Y,0,NA,A,PU,_Z,2,NA,NA,FALSE,WB_WDI,WB_WDI_NY_GDP_PCAP_CD,ASM,_T,_T,_T,_Z,_Z,_Z,2017,A,USD,NA
40672.994336,P1Y,0,NA,A,PU,_Z,2,NA,NA,FALSE,WB_WDI,WB_WDI_NY_GDP_PCAP_CD,AND,_T,_T,_T,_Z,_Z,_Z,2017,A,USD,NA
2832.14998,P1Y,0,NA,A,PU,_Z,2,NA,NA,FALSE,WB_WDI,WB_WDI_NY_GDP_PCAP_CD,AGO,_T,_T,_T,_Z,_Z,_Z,2017,A,USD,NA
16965.728827,P1Y,0,NA,A,PU,_Z,2,NA,NA,FALSE,WB_WDI,WB_WDI_NY_GDP_PCAP_CD,ATG,_T,_T,_T,_Z,_Z,_Z,2017,A,USD,NA
14532.500931,P1Y,0,NA,A,PU,_Z,2,NA,NA,FALSE,WB_WDI,WB_WDI_NY_GDP_PCAP_CD,ARG,_T,_T,_T,_Z,_Z,_Z,2017,A,USD,NA
4057.715827,P1Y,0,NA,A,PU,_Z,2,NA,NA,FALSE,WB_WDI,WB_WDI_NY_GDP_PCAP_CD,LKA,_T,_T,_T,_Z,_Z,_Z,2015,A,USD,NA
20328.800353,P1Y,0,NA,A,PU,_Z,2,NA,NA,FALSE,WB_WDI,WB_WDI_NY_GDP_PCAP_CD,KNA,_T,_T,_T,_Z,_Z,_Z,2015,A,USD,NA
10334.986082,P1Y,0,NA,A,PU,_Z,2,NA,NA,FALSE,WB_WDI,WB_WDI_NY_GDP_PCAP_CD,LCA,_T,_T,_T,_Z,_Z,_Z,2015,A,USD,NA
7353.735561,P1Y,0,NA,A,PU,_Z,2,NA,NA,FALSE,WB_WDI,WB_WDI_NY_GDP_PCAP_CD,VCT,_T,_T,_T,_Z,_Z,_Z,2015,A,USD,NA
1292.379639,P1Y,0,NA,A,PU,_Z,2,NA,NA,FALSE,WB_WDI,WB_WDI_NY_GDP_PCAP_CD,SDN,_T,_T,_T,_Z,_Z,_Z,2015,A,USD,NA
8813.617054,P1Y,0,NA,A,PU,_Z,2,NA,NA,FALSE,WB_WDI,WB_WDI_NY_GDP_PCAP_CD,SUR,_T,_T,_T,_Z,_Z,_Z,2015,A,USD,NA
51188.165212,P1Y,0,NA,A,PU,_Z,2,NA,NA,FALSE,WB_WDI,WB_WDI_NY_GDP_PCAP_CD,SWE,_T,_T,_T,_Z,_Z,_Z,2015,A,USD,NA
85265.062052,P1Y,0,NA,A,PU,_Z,2,NA,NA,FALSE,WB_WDI,WB_WDI_NY_GDP_PCAP_CD,CHE,_T,_T,_T,_Z,_Z,_Z,2015,A,USD,NA
847.731545,P1Y,0,NA,A,PU,_Z,2,NA,NA,FALSE,WB_WDI,WB_WDI_NY_GDP_PCAP_CD,SYR,_T,_T,_T,_Z,_Z,_Z,2015,A,USD,NA
956.916311,P1Y,0,NA,A,PU,_Z,2,NA,NA,FALSE,WB_WDI,WB_WDI_NY_GDP_PCAP_CD,TJK,_T,_T,_T,_Z,_Z,_Z,2015,A,USD,NA
939.127319,P1Y,0,NA,A,PU,_Z,2,NA,NA,FALSE,WB_WDI,WB_WDI_NY_GDP_PCAP_CD,TZA,_T,_T,_T,_Z,_Z,_Z,2015,A,USD,NA
8546.917902,P1Y,0,NA,A,PU,_Z,2,NA,NA,FALSE,WB_WDI,WB_WDI_NY_GDP_PCAP_CD,LCN,_T,_T,_T,_Z,_Z,_Z,2015,A,USD,NA
8087.332423,P1Y,0,NA,A,PU,_Z,2,NA,NA,FALSE,WB_WDI,WB_WDI_NY_GDP_PCAP_CD,LAC,_T,_T,_T,_Z,_Z,_Z,2015,A,USD,NA
8404.049788,P1Y,0,NA,A,PU,_Z,2,NA,NA,FALSE,WB_WDI,WB_WDI_NY_GDP_PCAP_CD,TLA,_T,_T,_T,_Z,_Z,_Z,2015,A,USD,NA
983.414934,P1Y,0,NA,A,PU,_Z,2,NA,NA,FALSE,WB_WDI,WB_WDI_NY_GDP_PCAP_CD,LDC,_T,_T,_T,_Z,_Z,_Z,2015,A,USD,NA
4223.777429,P1Y,0,NA,A,PU,_Z,2,NA,NA,FALSE,WB_WDI,WB_WDI_NY_GDP_PCAP_CD,LMY,_T,_T,_T,_Z,_Z,_Z,2015,A,USD,NA
714.83645,P1Y,0,NA,A,PU,_Z,2,NA,NA,FALSE,WB_WDI,WB_WDI_NY_GDP_PCAP_CD,LIC,_T,_T,_T,_Z,_Z,_Z,2015,A,USD,NA
1780.688537,P1Y,0,NA,A,PU,_Z,2,NA,NA,FALSE,WB_WDI,WB_WDI_NY_GDP_PCAP_CD,LMC,_T,_T,_T,_Z,_Z,_Z,2015,A,USD,NA
5130.259786,P1Y,0,NA,A,PU,_Z,2,NA,NA,FALSE,WB_WDI,WB_WDI_NY_GDP_PCAP_CD,MEA,_T,_T,_T,_Z,_Z,_Z,2015,A,USD,NA
2808.623344,P1Y,0,NA,A,PU,_Z,2,NA,NA,FALSE,WB_WDI,WB_WDI_NY_GDP_PCAP_CD,MNA,_T,_T,_T,_Z,_Z,_Z,2015,A,USD,NA
2805.486956,P1Y,0,NA,A,PU,_Z,2,NA,NA,FALSE,WB_WDI,WB_WDI_NY_GDP_PCAP_CD,TMN,_T,_T,_T,_Z,_Z,_Z,2015,A,USD,NA
4597.60475,P1Y,0,NA,A,PU,_Z,2,NA,NA,FALSE,WB_WDI,WB_WDI_NY_GDP_PCAP_CD,MIC,_T,_T,_T,_Z,_Z,_Z,2015,A,USD,NA
55534.461403,P1Y,0,NA,A,PU,_Z,2,NA,NA,FALSE,WB_WDI,WB_WDI_NY_GDP_PCAP_CD,NAC,_T,_T,_T,_Z,_Z,_Z,2015,A,USD,NA
1054.435559,P1Y,0,NA,A,PU,_Z,2,NA,NA,FALSE,WB_WDI,WB_WDI_NY_GDP_PCAP_CD,TSA,_T,_T,_T,_Z,_Z,_Z,2009,A,USD,NA
1427.577875,P1Y,0,NA,A,PU,_Z,2,NA,NA,FALSE,WB_WDI,WB_WDI_NY_GDP_PCAP_CD,SSF,_T,_T,_T,_Z,_Z,_Z,2009,A,USD,NA
1426.742919,P1Y,0,NA,A,PU,_Z,2,NA,NA,FALSE,WB_WDI,WB_WDI_NY_GDP_PCAP_CD,SSA,_T,_T,_T,_Z,_Z,_Z,2009,A,USD,NA
1427.577875,P1Y,0,NA,A,PU,_Z,2,NA,NA,FALSE,WB_WDI,WB_WDI_NY_GDP_PCAP_CD,TSS,_T,_T,_T,_Z,_Z,_Z,2009,A,USD,NA
4481.743058,P1Y,0,NA,A,PU,_Z,2,NA,NA,FALSE,WB_WDI,WB_WDI_NY_GDP_PCAP_CD,UMC,_T,_T,_T,_Z,_Z,_Z,2009,A,USD,NA
8827.04323,P1Y,0,NA,A,PU,_Z,2,NA,NA,FALSE,WB_WDI,WB_WDI_NY_GDP_PCAP_CD,WLD,_T,_T,_T,_Z,_Z,_Z,2009,A,USD,NA
452.053705,P1Y,0,NA,A,PU,_Z,2,NA,NA,FALSE,WB_WDI,WB_WDI_NY_GDP_PCAP_CD,AFG,_T,_T,_T,_Z,_Z,_Z,2009,A,USD,NA
4213.650076,P1Y,0,NA,A,PU,_Z,2,NA,NA,FALSE,WB_WDI,WB_WDI_NY_GDP_PCAP_CD,ALB,_T,_T,_T,_Z,_Z,_Z,2009,A,USD,NA
4235.429905,P1Y,0,NA,A,PU,_Z,2,NA,NA,FALSE,WB_WDI,WB_WDI_NY_GDP_PCAP_CD,DZA,_T,_T,_T,_Z,_Z,_Z,2009,A,USD,NA
12156.029391,P1Y,0,NA,A,PU,_Z,2,NA,NA,FALSE,WB_WDI,WB_WDI_NY_GDP_PCAP_CD,ASM,_T,_T,_T,_Z,_Z,_Z,2009,A,USD,NA
43975.018366,P1Y,0,NA,A,PU,_Z,2,NA,NA,FALSE,WB_WDI,WB_WDI_NY_GDP_PCAP_CD,AND,_T,_T,_T,_Z,_Z,_Z,2009,A,USD,NA
3645.148466,P1Y,0,NA,A,PU,_Z,2,NA,NA,FALSE,WB_WDI,WB_WDI_NY_GDP_PCAP_CD,AGO,_T,_T,_T,_Z,_Z,_Z,2009,A,USD,NA
16472.247853,P1Y,0,NA,A,PU,_Z,2,NA,NA,FALSE,WB_WDI,WB_WDI_NY_GDP_PCAP_CD,ATG,_T,_T,_T,_Z,_Z,_Z,2009,A,USD,NA
3898.879619,P1Y,0,NA,A,PU,_Z,2,NA,NA,FALSE,WB_WDI,WB_WDI_NY_GDP_PCAP_CD,PSS,_T,_T,_T,_Z,_Z,_Z,2016,A,USD,NA
41720.329677,P1Y,0,NA,A,PU,_Z,2,NA,NA,FALSE,WB_WDI,WB_WDI_NY_GDP_PCAP_CD,PST,_T,_T,_T,_Z,_Z,_Z,2016,A,USD,NA
1318.655783,P1Y,0,NA,A,PU,_Z,2,NA,NA,FALSE,WB_WDI,WB_WDI_NY_GDP_PCAP_CD,PRE,_T,_T,_T,_Z,_Z,_Z,2016,A,USD,NA
10492.049297,P1Y,0,NA,A,PU,_Z,2,NA,NA,FALSE,WB_WDI,WB_WDI_NY_GDP_PCAP_CD,SST,_T,_T,_T,_Z,_Z,_Z,2016,A,USD,NA
1722.907034,P1Y,0,NA,A,PU,_Z,2,NA,NA,FALSE,WB_WDI,WB_WDI_NY_GDP_PCAP_CD,SAS,_T,_T,_T,_Z,_Z,_Z,2016,A,USD,NA
1722.907034,P1Y,0,NA,A,PU,_Z,2,NA,NA,FALSE,WB_WDI,WB_WDI_NY_GDP_PCAP_CD,TSA,_T,_T,_T,_Z,_Z,_Z,2016,A,USD,NA
1456.652111,P1Y,0,NA,A,PU,_Z,2,NA,NA,FALSE,WB_WDI,WB_WDI_NY_GDP_PCAP_CD,SSF,_T,_T,_T,_Z,_Z,_Z,2016,A,USD,NA
1455.292317,P1Y,0,NA,A,PU,_Z,2,NA,NA,FALSE,WB_WDI,WB_WDI_NY_GDP_PCAP_CD,SSA,_T,_T,_T,_Z,_Z,_Z,2016,A,USD,NA
1456.652111,P1Y,0,NA,A,PU,_Z,2,NA,NA,FALSE,WB_WDI,WB_WDI_NY_GDP_PCAP_CD,TSS,_T,_T,_T,_Z,_Z,_Z,2016,A,USD,NA
7068.005878,P1Y,0,NA,A,PU,_Z,2,NA,NA,FALSE,WB_WDI,WB_WDI_NY_GDP_PCAP_CD,UMC,_T,_T,_T,_Z,_Z,_Z,2016,A,USD,NA
10239.465665,P1Y,0,NA,A,PU,_Z,2,NA,NA,FALSE,WB_WDI,WB_WDI_NY_GDP_PCAP_CD,WLD,_T,_T,_T,_Z,_Z,_Z,2016,A,USD,NA
522.082216,P1Y,0,NA,A,PU,_Z,2,NA,NA,FALSE,WB_WDI,WB_WDI_NY_GDP_PCAP_CD,AFG,_T,_T,_T,_Z,_Z,_Z,2016,A,USD,NA
3445.44941,P1Y,0,NA,A,PU,_Z,2,NA,NA,FALSE,WB_WDI,WB_WDI_NY_GDP_PCAP_CD,ZWE,_T,_T,_T,_Z,_Z,_Z,2017,A,USD,NA
2781.388695,P1Y,0,NA,A,PU,_Z,2,NA,NA,FALSE,WB_WDI,WB_WDI_NY_GDP_PCAP_CD,UZB,_T,_T,_T,_Z,_Z,_Z,2013,A,USD,NA
3392.566751,P1Y,0,NA,A,PU,_Z,2,NA,NA,FALSE,WB_WDI,WB_WDI_NY_GDP_PCAP_CD,VUT,_T,_T,_T,_Z,_Z,_Z,2013,A,USD,NA
8642.3738,P1Y,0,NA,A,PU,_Z,2,NA,NA,FALSE,WB_WDI,WB_WDI_NY_GDP_PCAP_CD,VEN,_T,_T,_T,_Z,_Z,_Z,2013,A,USD,NA
2359.517365,P1Y,0,NA,A,PU,_Z,2,NA,NA,FALSE,WB_WDI,WB_WDI_NY_GDP_PCAP_CD,VNM,_T,_T,_T,_Z,_Z,_Z,2013,A,USD,NA
34597.976694,P1Y,0,NA,A,PU,_Z,2,NA,NA,FALSE,WB_WDI,WB_WDI_NY_GDP_PCAP_CD,VIR,_T,_T,_T,_Z,_Z,_Z,2013,A,USD,NA
3315.297539,P1Y,0,NA,A,PU,_Z,2,NA,NA,FALSE,WB_WDI,WB_WDI_NY_GDP_PCAP_CD,PSE,_T,_T,_T,_Z,_Z,_Z,2013,A,USD,NA
1378.75003,P1Y,0,NA,A,PU,_Z,2,NA,NA,FALSE,WB_WDI,WB_WDI_NY_GDP_PCAP_CD,YEM,_T,_T,_T,_Z,_Z,_Z,2013,A,USD,NA
1820.718548,P1Y,0,NA,A,PU,_Z,2,NA,NA,FALSE,WB_WDI,WB_WDI_NY_GDP_PCAP_CD,ZMB,_T,_T,_T,_Z,_Z,_Z,2013,A,USD,NA
1362.994983,P1Y,0,NA,A,PU,_Z,2,NA,NA,FALSE,WB_WDI,WB_WDI_NY_GDP_PCAP_CD,ZWE,_T,_T,_T,_Z,_Z,_Z,2013,A,USD,NA
1689.982381,P1Y,0,NA,A,PU,_Z,2,NA,NA,FALSE,WB_WDI,WB_WDI_NY_GDP_PCAP_CD,AFE,_T,_T,_T,_Z,_Z,_Z,2014,A,USD,NA
2224.329586,P1Y,0,NA,A,PU,_Z,2,NA,NA,FALSE,WB_WDI,WB_WDI_NY_GDP_PCAP_CD,AFW,_T,_T,_T,_Z,_Z,_Z,2014,A,USD,NA
7347.621157,P1Y,0,NA,A,PU,_Z,2,NA,NA,FALSE,WB_WDI,WB_WDI_NY_GDP_PCAP_CD,ARB,_T,_T,_T,_Z,_Z,_Z,2014,A,USD,NA
14962.943352,P1Y,0,NA,A,PU,_Z,2,NA,NA,FALSE,WB_WDI,WB_WDI_NY_GDP_PCAP_CD,CSS,_T,_T,_T,_Z,_Z,_Z,2014,A,USD,NA
3736.81517,P1Y,0,NA,A,PU,_Z,2,NA,NA,FALSE,WB_WDI,WB_WDI_NY_GDP_PCAP_CD,CPV,_T,_T,_T,_Z,_Z,_Z,2012,A,USD,NA
1192.80263,P1Y,0,NA,A,PU,_Z,2,NA,NA,FALSE,WB_WDI,WB_WDI_NY_GDP_PCAP_CD,KHM,_T,_T,_T,_Z,_Z,_Z,2012,A,USD,NA
1449.098744,P1Y,0,NA,A,PU,_Z,2,NA,NA,FALSE,WB_WDI,WB_WDI_NY_GDP_PCAP_CD,CMR,_T,_T,_T,_Z,_Z,_Z,2012,A,USD,NA
52670.142954,P1Y,0,NA,A,PU,_Z,2,NA,NA,FALSE,WB_WDI,WB_WDI_NY_GDP_PCAP_CD,CAN,_T,_T,_T,_Z,_Z,_Z,2012,A,USD,NA
75101.591361,P1Y,0,NA,A,PU,_Z,2,NA,NA,FALSE,WB_WDI,WB_WDI_NY_GDP_PCAP_CD,CYM,_T,_T,_T,_Z,_Z,_Z,2012,A,USD,NA
544.395849,P1Y,0,NA,A,PU,_Z,2,NA,NA,FALSE,WB_WDI,WB_WDI_NY_GDP_PCAP_CD,CAF,_T,_T,_T,_Z,_Z,_Z,2012,A,USD,NA
1354.343447,P1Y,0,NA,A,PU,_Z,2,NA,NA,FALSE,WB_WDI,WB_WDI_NY_GDP_PCAP_CD,TCD,_T,_T,_T,_Z,_Z,_Z,2012,A,USD,NA
58809.569895,P1Y,0,NA,A,PU,_Z,2,NA,NA,FALSE,WB_WDI,WB_WDI_NY_GDP_PCAP_CD,CHI,_T,_T,_T,_Z,_Z,_Z,2012,A,USD,NA
15241.906998,P1Y,0,NA,A,PU,_Z,2,NA,NA,FALSE,WB_WDI,WB_WDI_NY_GDP_PCAP_CD,CHL,_T,_T,_T,_Z,_Z,_Z,2012,A,USD,NA
6405.057424,P1Y,0,NA,A,PU,_Z,2,NA,NA,FALSE,WB_WDI,WB_WDI_NY_GDP_PCAP_CD,CHN,_T,_T,_T,_Z,_Z,_Z,2012,A,USD,NA
8108.598382,P1Y,0,NA,A,PU,_Z,2,NA,NA,FALSE,WB_WDI,WB_WDI_NY_GDP_PCAP_CD,COL,_T,_T,_T,_Z,_Z,_Z,2012,A,USD,NA
1490.314257,P1Y,0,NA,A,PU,_Z,2,NA,NA,FALSE,WB_WDI,WB_WDI_NY_GDP_PCAP_CD,COM,_T,_T,_T,_Z,_Z,_Z,2012,A,USD,NA
6023.547532,P1Y,0,NA,A,PU,_Z,2,NA,NA,FALSE,WB_WDI,WB_WDI_NY_GDP_PCAP_CD,ECA,_T,_T,_T,_Z,_Z,_Z,2016,A,USD,NA
7679.027684,P1Y,0,NA,A,PU,_Z,2,NA,NA,FALSE,WB_WDI,WB_WDI_NY_GDP_PCAP_CD,TEC,_T,_T,_T,_Z,_Z,_Z,2016,A,USD,NA
31456.90358,P1Y,0,NA,A,PU,_Z,2,NA,NA,FALSE,WB_WDI,WB_WDI_NY_GDP_PCAP_CD,EUU,_T,_T,_T,_Z,_Z,_Z,2016,A,USD,NA
895.291971,P1Y,0,NA,A,PU,_Z,2,NA,NA,FALSE,WB_WDI,WB_WDI_NY_GDP_PCAP_CD,HPC,_T,_T,_T,_Z,_Z,_Z,2016,A,USD,NA
37232.235523,P1Y,0,NA,A,PU,_Z,2,NA,NA,FALSE,WB_WDI,WB_WDI_NY_GDP_PCAP_CD,HIC,_T,_T,_T,_Z,_Z,_Z,2016,A,USD,NA
5535.215778,P1Y,0,NA,A,PU,_Z,2,NA,NA,FALSE,WB_WDI,WB_WDI_NY_GDP_PCAP_CD,IBD,_T,_T,_T,_Z,_Z,_Z,2016,A,USD,NA
4450.009889,P1Y,0,NA,A,PU,_Z,2,NA,NA,FALSE,WB_WDI,WB_WDI_NY_GDP_PCAP_CD,IBT,_T,_T,_T,_Z,_Z,_Z,2016,A,USD,NA
1810.821046,P1Y,0,NA,A,PU,_Z,2,NA,NA,FALSE,WB_WDI,WB_WDI_NY_GDP_PCAP_CD,IDB,_T,_T,_T,_Z,_Z,_Z,2016,A,USD,NA
1054.715728,P1Y,0,NA,A,PU,_Z,2,NA,NA,FALSE,WB_WDI,WB_WDI_NY_GDP_PCAP_CD,IDX,_T,_T,_T,_Z,_Z,_Z,2016,A,USD,NA
1321.747681,P1Y,0,NA,A,PU,_Z,2,NA,NA,FALSE,WB_WDI,WB_WDI_NY_GDP_PCAP_CD,IDA,_T,_T,_T,_Z,_Z,_Z,2016,A,USD,NA
8297.336287,P1Y,0,NA,A,PU,_Z,2,NA,NA,FALSE,WB_WDI,WB_WDI_NY_GDP_PCAP_CD,LTE,_T,_T,_T,_Z,_Z,_Z,2016,A,USD,NA
8241.511691,P1Y,0,NA,A,PU,_Z,2,NA,NA,FALSE,WB_WDI,WB_WDI_NY_GDP_PCAP_CD,LCN,_T,_T,_T,_Z,_Z,_Z,2016,A,USD,NA
785.518656,P1Y,0,NA,A,PU,_Z,2,NA,NA,FALSE,WB_WDI,WB_WDI_NY_GDP_PCAP_CD,NPL,_T,_T,_T,_Z,_Z,_Z,2011,A,USD,NA
54701.772803,P1Y,0,NA,A,PU,_Z,2,NA,NA,FALSE,WB_WDI,WB_WDI_NY_GDP_PCAP_CD,NLD,_T,_T,_T,_Z,_Z,_Z,2011,A,USD,NA
38835.940185,P1Y,0,NA,A,PU,_Z,2,NA,NA,FALSE,WB_WDI,WB_WDI_NY_GDP_PCAP_CD,NCL,_T,_T,_T,_Z,_Z,_Z,2011,A,USD,NA
38425.829998,P1Y,0,NA,A,PU,_Z,2,NA,NA,FALSE,WB_WDI,WB_WDI_NY_GDP_PCAP_CD,NZL,_T,_T,_T,_Z,_Z,_Z,2011,A,USD,NA
1679.711921,P1Y,0,NA,A,PU,_Z,2,NA,NA,FALSE,WB_WDI,WB_WDI_NY_GDP_PCAP_CD,NIC,_T,_T,_T,_Z,_Z,_Z,2011,A,USD,NA
510.759562,P1Y,0,NA,A,PU,_Z,2,NA,NA,FALSE,WB_WDI,WB_WDI_NY_GDP_PCAP_CD,NER,_T,_T,_T,_Z,_Z,_Z,2011,A,USD,NA
2418.41317,P1Y,0,NA,A,PU,_Z,2,NA,NA,FALSE,WB_WDI,WB_WDI_NY_GDP_PCAP_CD,NGA,_T,_T,_T,_Z,_Z,_Z,2011,A,USD,NA
5416.866729,P1Y,0,NA,A,PU,_Z,2,NA,NA,FALSE,WB_WDI,WB_WDI_NY_GDP_PCAP_CD,MKD,_T,_T,_T,_Z,_Z,_Z,2011,A,USD,NA
13598.716609,P1Y,0,NA,A,PU,_Z,2,NA,NA,FALSE,WB_WDI,WB_WDI_NY_GDP_PCAP_CD,MNP,_T,_T,_T,_Z,_Z,_Z,2011,A,USD,NA
103545.218988,P1Y,0,NA,A,PU,_Z,2,NA,NA,FALSE,WB_WDI,WB_WDI_NY_GDP_PCAP_CD,NOR,_T,_T,_T,_Z,_Z,_Z,2011,A,USD,NA
25188.007415,P1Y,0,NA,A,PU,_Z,2,NA,NA,FALSE,WB_WDI,WB_WDI_NY_GDP_PCAP_CD,OMN,_T,_T,_T,_Z,_Z,_Z,2011,A,USD,NA
1131.735138,P1Y,0,NA,A,PU,_Z,2,NA,NA,FALSE,WB_WDI,WB_WDI_NY_GDP_PCAP_CD,PAK,_T,_T,_T,_Z,_Z,_Z,2011,A,USD,NA
5415.522806,P1Y,0,NA,A,PU,_Z,2,NA,NA,FALSE,WB_WDI,WB_WDI_NY_GDP_PCAP_CD,IRN,_T,_T,_T,_Z,_Z,_Z,2009,A,USD,NA
3714.71206,P1Y,0,NA,A,PU,_Z,2,NA,NA,FALSE,WB_WDI,WB_WDI_NY_GDP_PCAP_CD,IRQ,_T,_T,_T,_Z,_Z,_Z,2009,A,USD,NA
52133.090616,P1Y,0,NA,A,PU,_Z,2,NA,NA,FALSE,WB_WDI,WB_WDI_NY_GDP_PCAP_CD,IRL,_T,_T,_T,_Z,_Z,_Z,2009,A,USD,NA
66156.105657,P1Y,0,NA,A,PU,_Z,2,NA,NA,FALSE,WB_WDI,WB_WDI_NY_GDP_PCAP_CD,IMN,_T,_T,_T,_Z,_Z,_Z,2009,A,USD,NA
28469.681735,P1Y,0,NA,A,PU,_Z,2,NA,NA,FALSE,WB_WDI,WB_WDI_NY_GDP_PCAP_CD,ISR,_T,_T,_T,_Z,_Z,_Z,2009,A,USD,NA
37099.613396,P1Y,0,NA,A,PU,_Z,2,NA,NA,FALSE,WB_WDI,WB_WDI_NY_GDP_PCAP_CD,ITA,_T,_T,_T,_Z,_Z,_Z,2009,A,USD,NA
4428.381533,P1Y,0,NA,A,PU,_Z,2,NA,NA,FALSE,WB_WDI,WB_WDI_NY_GDP_PCAP_CD,JAM,_T,_T,_T,_Z,_Z,_Z,2009,A,USD,NA
41678.178306,P1Y,0,NA,A,PU,_Z,2,NA,NA,FALSE,WB_WDI,WB_WDI_NY_GDP_PCAP_CD,JPN,_T,_T,_T,_Z,_Z,_Z,2009,A,USD,NA
3845.343881,P1Y,0,NA,A,PU,_Z,2,NA,NA,FALSE,WB_WDI,WB_WDI_NY_GDP_PCAP_CD,JOR,_T,_T,_T,_Z,_Z,_Z,2009,A,USD,NA
6938.011757,P1Y,0,NA,A,PU,_Z,2,NA,NA,FALSE,WB_WDI,WB_WDI_NY_GDP_PCAP_CD,KAZ,_T,_T,_T,_Z,_Z,_Z,2009,A,USD,NA
1047.967832,P1Y,0,NA,A,PU,_Z,2,NA,NA,FALSE,WB_WDI,WB_WDI_NY_GDP_PCAP_CD,KEN,_T,_T,_T,_Z,_Z,_Z,2009,A,USD,NA
1316.627539,P1Y,0,NA,A,PU,_Z,2,NA,NA,FALSE,WB_WDI,WB_WDI_NY_GDP_PCAP_CD,KIR,_T,_T,_T,_Z,_Z,_Z,2009,A,USD,NA
6677.070039,P1Y,0,NA,A,PU,_Z,2,NA,NA,FALSE,WB_WDI,WB_WDI_NY_GDP_PCAP_CD,GAB,_T,_T,_T,_Z,_Z,_Z,2016,A,USD,NA
650.056501,P1Y,0,NA,A,PU,_Z,2,NA,NA,FALSE,WB_WDI,WB_WDI_NY_GDP_PCAP_CD,GMB,_T,_T,_T,_Z,_Z,_Z,2016,A,USD,NA
4143.401257,P1Y,0,NA,A,PU,_Z,2,NA,NA,FALSE,WB_WDI,WB_WDI_NY_GDP_PCAP_CD,GEO,_T,_T,_T,_Z,_Z,_Z,2016,A,USD,NA
42948.938193,P1Y,0,NA,A,PU,_Z,2,NA,NA,FALSE,WB_WDI,WB_WDI_NY_GDP_PCAP_CD,DEU,_T,_T,_T,_Z,_Z,_Z,2016,A,USD,NA
1912.479913,P1Y,0,NA,A,PU,_Z,2,NA,NA,FALSE,WB_WDI,WB_WDI_NY_GDP_PCAP_CD,GHA,_T,_T,_T,_Z,_Z,_Z,2016,A,USD,NA
17919.242638,P1Y,0,NA,A,PU,_Z,2,NA,NA,FALSE,WB_WDI,WB_WDI_NY_GDP_PCAP_CD,GRC,_T,_T,_T,_Z,_Z,_Z,2016,A,USD,NA
48181.745354,P1Y,0,NA,A,PU,_Z,2,NA,NA,FALSE,WB_WDI,WB_WDI_NY_GDP_PCAP_CD,GRL,_T,_T,_T,_Z,_Z,_Z,2016,A,USD,NA
9221.234611,P1Y,0,NA,A,PU,_Z,2,NA,NA,FALSE,WB_WDI,WB_WDI_NY_GDP_PCAP_CD,GRD,_T,_T,_T,_Z,_Z,_Z,2016,A,USD,NA
35930.65949,P1Y,0,NA,A,PU,_Z,2,NA,NA,FALSE,WB_WDI,WB_WDI_NY_GDP_PCAP_CD,GUM,_T,_T,_T,_Z,_Z,_Z,2016,A,USD,NA
4060.137847,P1Y,0,NA,A,PU,_Z,2,NA,NA,FALSE,WB_WDI,WB_WDI_NY_GDP_PCAP_CD,GTM,_T,_T,_T,_Z,_Z,_Z,2016,A,USD,NA
711.99651,P1Y,0,NA,A,PU,_Z,2,NA,NA,FALSE,WB_WDI,WB_WDI_NY_GDP_PCAP_CD,GIN,_T,_T,_T,_Z,_Z,_Z,2016,A,USD,NA
679.665387,P1Y,0,NA,A,PU,_Z,2,NA,NA,FALSE,WB_WDI,WB_WDI_NY_GDP_PCAP_CD,GNB,_T,_T,_T,_Z,_Z,_Z,2016,A,USD,NA
1398.58702,P1Y,0,NA,A,PU,_Z,2,NA,NA,FALSE,WB_WDI,WB_WDI_NY_GDP_PCAP_CD,CMR,_T,_T,_T,_Z,_Z,_Z,2010,A,USD,NA
47560.837883,P1Y,0,NA,A,PU,_Z,2,NA,NA,FALSE,WB_WDI,WB_WDI_NY_GDP_PCAP_CD,CAN,_T,_T,_T,_Z,_Z,_Z,2010,A,USD,NA
76837.669964,P1Y,0,NA,A,PU,_Z,2,NA,NA,FALSE,WB_WDI,WB_WDI_NY_GDP_PCAP_CD,CYM,_T,_T,_T,_Z,_Z,_Z,2010,A,USD,NA
476.873787,P1Y,0,NA,A,PU,_Z,2,NA,NA,FALSE,WB_WDI,WB_WDI_NY_GDP_PCAP_CD,CAF,_T,_T,_T,_Z,_Z,_Z,2010,A,USD,NA
1141.800693,P1Y,0,NA,A,PU,_Z,2,NA,NA,FALSE,WB_WDI,WB_WDI_NY_GDP_PCAP_CD,TCD,_T,_T,_T,_Z,_Z,_Z,2010,A,USD,NA
56123.459796,P1Y,0,NA,A,PU,_Z,2,NA,NA,FALSE,WB_WDI,WB_WDI_NY_GDP_PCAP_CD,CHI,_T,_T,_T,_Z,_Z,_Z,2010,A,USD,NA
12632.870472,P1Y,0,NA,A,PU,_Z,2,NA,NA,FALSE,WB_WDI,WB_WDI_NY_GDP_PCAP_CD,CHL,_T,_T,_T,_Z,_Z,_Z,2010,A,USD,NA
4629.245517,P1Y,0,NA,A,PU,_Z,2,NA,NA,FALSE,WB_WDI,WB_WDI_NY_GDP_PCAP_CD,CHN,_T,_T,_T,_Z,_Z,_Z,2010,A,USD,NA
6398.295845,P1Y,0,NA,A,PU,_Z,2,NA,NA,FALSE,WB_WDI,WB_WDI_NY_GDP_PCAP_CD,COL,_T,_T,_T,_Z,_Z,_Z,2010,A,USD,NA
1386.575336,P1Y,0,NA,A,PU,_Z,2,NA,NA,FALSE,WB_WDI,WB_WDI_NY_GDP_PCAP_CD,COM,_T,_T,_T,_Z,_Z,_Z,2010,A,USD,NA
352.400399,P1Y,0,NA,A,PU,_Z,2,NA,NA,FALSE,WB_WDI,WB_WDI_NY_GDP_PCAP_CD,COD,_T,_T,_T,_Z,_Z,_Z,2010,A,USD,NA
2946.557981,P1Y,0,NA,A,PU,_Z,2,NA,NA,FALSE,WB_WDI,WB_WDI_NY_GDP_PCAP_CD,COG,_T,_T,_T,_Z,_Z,_Z,2010,A,USD,NA
21474.725712,P1Y,0,NA,A,PU,_Z,2,NA,NA,FALSE,WB_WDI,WB_WDI_NY_GDP_PCAP_CD,GRC,_T,_T,_T,_Z,_Z,_Z,2014,A,USD,NA
50485.224414,P1Y,0,NA,A,PU,_Z,2,NA,NA,FALSE,WB_WDI,WB_WDI_NY_GDP_PCAP_CD,GRL,_T,_T,_T,_Z,_Z,_Z,2014,A,USD,NA
7986.334212,P1Y,0,NA,A,PU,_Z,2,NA,NA,FALSE,WB_WDI,WB_WDI_NY_GDP_PCAP_CD,GRD,_T,_T,_T,_Z,_Z,_Z,2014,A,USD,NA
33900.148653,P1Y,0,NA,A,PU,_Z,2,NA,NA,FALSE,WB_WDI,WB_WDI_NY_GDP_PCAP_CD,GUM,_T,_T,_T,_Z,_Z,_Z,2014,A,USD,NA
3689.145104,P1Y,0,NA,A,PU,_Z,2,NA,NA,FALSE,WB_WDI,WB_WDI_NY_GDP_PCAP_CD,GTM,_T,_T,_T,_Z,_Z,_Z,2014,A,USD,NA
765.146999,P1Y,0,NA,A,PU,_Z,2,NA,NA,FALSE,WB_WDI,WB_WDI_NY_GDP_PCAP_CD,GIN,_T,_T,_T,_Z,_Z,_Z,2014,A,USD,NA
652.022501,P1Y,0,NA,A,PU,_Z,2,NA,NA,FALSE,WB_WDI,WB_WDI_NY_GDP_PCAP_CD,GNB,_T,_T,_T,_Z,_Z,_Z,2014,A,USD,NA
5472.688205,P1Y,0,NA,A,PU,_Z,2,NA,NA,FALSE,WB_WDI,WB_WDI_NY_GDP_PCAP_CD,GUY,_T,_T,_T,_Z,_Z,_Z,2014,A,USD,NA
1460.188986,P1Y,0,NA,A,PU,_Z,2,NA,NA,FALSE,WB_WDI,WB_WDI_NY_GDP_PCAP_CD,HTI,_T,_T,_T,_Z,_Z,_Z,2014,A,USD,NA
2179.88172,P1Y,0,NA,A,PU,_Z,2,NA,NA,FALSE,WB_WDI,WB_WDI_NY_GDP_PCAP_CD,HND,_T,_T,_T,_Z,_Z,_Z,2014,A,USD,NA
40315.373951,P1Y,0,NA,A,PU,_Z,2,NA,NA,FALSE,WB_WDI,WB_WDI_NY_GDP_PCAP_CD,HKG,_T,_T,_T,_Z,_Z,_Z,2014,A,USD,NA
14352.501883,P1Y,0,NA,A,PU,_Z,2,NA,NA,FALSE,WB_WDI,WB_WDI_NY_GDP_PCAP_CD,HUN,_T,_T,_T,_Z,_Z,_Z,2014,A,USD,NA
9497.674116,P1Y,0,NA,A,PU,_Z,2,NA,NA,FALSE,WB_WDI,WB_WDI_NY_GDP_PCAP_CD,ROU,_T,_T,_T,_Z,_Z,_Z,2013,A,USD,NA
15941.448242,P1Y,0,NA,A,PU,_Z,2,NA,NA,FALSE,WB_WDI,WB_WDI_NY_GDP_PCAP_CD,RUS,_T,_T,_T,_Z,_Z,_Z,2013,A,USD,NA
695.397141,P1Y,0,NA,A,PU,_Z,2,NA,NA,FALSE,WB_WDI,WB_WDI_NY_GDP_PCAP_CD,RWA,_T,_T,_T,_Z,_Z,_Z,2013,A,USD,NA
4023.525401,P1Y,0,NA,A,PU,_Z,2,NA,NA,FALSE,WB_WDI,WB_WDI_NY_GDP_PCAP_CD,WSM,_T,_T,_T,_Z,_Z,_Z,2013,A,USD,NA
50807.820634,P1Y,0,NA,A,PU,_Z,2,NA,NA,FALSE,WB_WDI,WB_WDI_NY_GDP_PCAP_CD,SMR,_T,_T,_T,_Z,_Z,_Z,2013,A,USD,NA
1382.575784,P1Y,0,NA,A,PU,_Z,2,NA,NA,FALSE,WB_WDI,WB_WDI_NY_GDP_PCAP_CD,STP,_T,_T,_T,_Z,_Z,_Z,2013,A,USD,NA
27865.465605,P1Y,0,NA,A,PU,_Z,2,NA,NA,FALSE,WB_WDI,WB_WDI_NY_GDP_PCAP_CD,SAU,_T,_T,_T,_Z,_Z,_Z,2013,A,USD,NA
1379.831966,P1Y,0,NA,A,PU,_Z,2,NA,NA,FALSE,WB_WDI,WB_WDI_NY_GDP_PCAP_CD,SEN,_T,_T,_T,_Z,_Z,_Z,2013,A,USD,NA
7040.418121,P1Y,0,NA,A,PU,_Z,2,NA,NA,FALSE,WB_WDI,WB_WDI_NY_GDP_PCAP_CD,SRB,_T,_T,_T,_Z,_Z,_Z,2013,A,USD,NA
14821.292148,P1Y,0,NA,A,PU,_Z,2,NA,NA,FALSE,WB_WDI,WB_WDI_NY_GDP_PCAP_CD,SYC,_T,_T,_T,_Z,_Z,_Z,2013,A,USD,NA
1117.471831,P1Y,0,NA,A,PU,_Z,2,NA,NA,FALSE,WB_WDI,WB_WDI_NY_GDP_PCAP_CD,SLE,_T,_T,_T,_Z,_Z,_Z,2013,A,USD,NA
56967.425794,P1Y,0,NA,A,PU,_Z,2,NA,NA,FALSE,WB_WDI,WB_WDI_NY_GDP_PCAP_CD,SGP,_T,_T,_T,_Z,_Z,_Z,2013,A,USD,NA
1843.553363,P1Y,0,NA,A,PU,_Z,2,NA,NA,FALSE,WB_WDI,WB_WDI_NY_GDP_PCAP_CD,KIR,_T,_T,_T,_Z,_Z,_Z,2012,A,USD,NA
26600.547743,P1Y,0,NA,A,PU,_Z,2,NA,NA,FALSE,WB_WDI,WB_WDI_NY_GDP_PCAP_CD,KOR,_T,_T,_T,_Z,_Z,_Z,2012,A,USD,NA
3410.65498,P1Y,0,NA,A,PU,_Z,2,NA,NA,FALSE,WB_WDI,WB_WDI_NY_GDP_PCAP_CD,XKX,_T,_T,_T,_Z,_Z,_Z,2012,A,USD,NA
52155.222583,P1Y,0,NA,A,PU,_Z,2,NA,NA,FALSE,WB_WDI,WB_WDI_NY_GDP_PCAP_CD,KWT,_T,_T,_T,_Z,_Z,_Z,2012,A,USD,NA
1168.622447,P1Y,0,NA,A,PU,_Z,2,NA,NA,FALSE,WB_WDI,WB_WDI_NY_GDP_PCAP_CD,KGZ,_T,_T,_T,_Z,_Z,_Z,2012,A,USD,NA
1563.565077,P1Y,0,NA,A,PU,_Z,2,NA,NA,FALSE,WB_WDI,WB_WDI_NY_GDP_PCAP_CD,LAO,_T,_T,_T,_Z,_Z,_Z,2012,A,USD,NA
13329.349993,P1Y,0,NA,A,PU,_Z,2,NA,NA,FALSE,WB_WDI,WB_WDI_NY_GDP_PCAP_CD,LVA,_T,_T,_T,_Z,_Z,_Z,2012,A,USD,NA
8406.984056,P1Y,0,NA,A,PU,_Z,2,NA,NA,FALSE,WB_WDI,WB_WDI_NY_GDP_PCAP_CD,LBN,_T,_T,_T,_Z,_Z,_Z,2012,A,USD,NA
1217.930712,P1Y,0,NA,A,PU,_Z,2,NA,NA,FALSE,WB_WDI,WB_WDI_NY_GDP_PCAP_CD,LSO,_T,_T,_T,_Z,_Z,_Z,2012,A,USD,NA
638.368751,P1Y,0,NA,A,PU,_Z,2,NA,NA,FALSE,WB_WDI,WB_WDI_NY_GDP_PCAP_CD,LBR,_T,_T,_T,_Z,_Z,_Z,2012,A,USD,NA
14975.89028,P1Y,0,NA,A,PU,_Z,2,NA,NA,FALSE,WB_WDI,WB_WDI_NY_GDP_PCAP_CD,LBY,_T,_T,_T,_Z,_Z,_Z,2012,A,USD,NA
14832.361161,P1Y,0,NA,A,PU,_Z,2,NA,NA,FALSE,WB_WDI,WB_WDI_NY_GDP_PCAP_CD,PAN,_T,_T,_T,_Z,_Z,_Z,2016,A,USD,NA
2316.394798,P1Y,0,NA,A,PU,_Z,2,NA,NA,FALSE,WB_WDI,WB_WDI_NY_GDP_PCAP_CD,PNG,_T,_T,_T,_Z,_Z,_Z,2016,A,USD,NA
5775.159634,P1Y,0,NA,A,PU,_Z,2,NA,NA,FALSE,WB_WDI,WB_WDI_NY_GDP_PCAP_CD,PRY,_T,_T,_T,_Z,_Z,_Z,2016,A,USD,NA
6217.036,P1Y,0,NA,A,PU,_Z,2,NA,NA,FALSE,WB_WDI,WB_WDI_NY_GDP_PCAP_CD,PER,_T,_T,_T,_Z,_Z,_Z,2016,A,USD,NA
2985.19564,P1Y,0,NA,A,PU,_Z,2,NA,NA,FALSE,WB_WDI,WB_WDI_NY_GDP_PCAP_CD,PHL,_T,_T,_T,_Z,_Z,_Z,2016,A,USD,NA
12464.012104,P1Y,0,NA,A,PU,_Z,2,NA,NA,FALSE,WB_WDI,WB_WDI_NY_GDP_PCAP_CD,POL,_T,_T,_T,_Z,_Z,_Z,2016,A,USD,NA
19980.280887,P1Y,0,NA,A,PU,_Z,2,NA,NA,FALSE,WB_WDI,WB_WDI_NY_GDP_PCAP_CD,PRT,_T,_T,_T,_Z,_Z,_Z,2016,A,USD,NA
29978.088927,P1Y,0,NA,A,PU,_Z,2,NA,NA,FALSE,WB_WDI,WB_WDI_NY_GDP_PCAP_CD,PRI,_T,_T,_T,_Z,_Z,_Z,2016,A,USD,NA
61253.637548,P1Y,0,NA,A,PU,_Z,2,NA,NA,FALSE,WB_WDI,WB_WDI_NY_GDP_PCAP_CD,QAT,_T,_T,_T,_Z,_Z,_Z,2016,A,USD,NA
9404.540059,P1Y,0,NA,A,PU,_Z,2,NA,NA,FALSE,WB_WDI,WB_WDI_NY_GDP_PCAP_CD,ROU,_T,_T,_T,_Z,_Z,_Z,2016,A,USD,NA
8663.158203,P1Y,0,NA,A,PU,_Z,2,NA,NA,FALSE,WB_WDI,WB_WDI_NY_GDP_PCAP_CD,RUS,_T,_T,_T,_Z,_Z,_Z,2016,A,USD,NA
1447.427775,P1Y,0,NA,A,PU,_Z,2,NA,NA,FALSE,WB_WDI,WB_WDI_NY_GDP_PCAP_CD,AFE,_T,_T,_T,_Z,_Z,_Z,2008,A,USD,NA
1668.615653,P1Y,0,NA,A,PU,_Z,2,NA,NA,FALSE,WB_WDI,WB_WDI_NY_GDP_PCAP_CD,AFW,_T,_T,_T,_Z,_Z,_Z,2008,A,USD,NA
6100.539376,P1Y,0,NA,A,PU,_Z,2,NA,NA,FALSE,WB_WDI,WB_WDI_NY_GDP_PCAP_CD,ARB,_T,_T,_T,_Z,_Z,_Z,2008,A,USD,NA
13890.130309,P1Y,0,NA,A,PU,_Z,2,NA,NA,FALSE,WB_WDI,WB_WDI_NY_GDP_PCAP_CD,CSS,_T,_T,_T,_Z,_Z,_Z,2008,A,USD,NA
14534.246752,P1Y,0,NA,A,PU,_Z,2,NA,NA,FALSE,WB_WDI,WB_WDI_NY_GDP_PCAP_CD,CEB,_T,_T,_T,_Z,_Z,_Z,2008,A,USD,NA
2595.480336,P1Y,0,NA,A,PU,_Z,2,NA,NA,FALSE,WB_WDI,WB_WDI_NY_GDP_PCAP_CD,EAR,_T,_T,_T,_Z,_Z,_Z,2008,A,USD,NA
6593.644773,P1Y,0,NA,A,PU,_Z,2,NA,NA,FALSE,WB_WDI,WB_WDI_NY_GDP_PCAP_CD,EAS,_T,_T,_T,_Z,_Z,_Z,2008,A,USD,NA
3117.832792,P1Y,0,NA,A,PU,_Z,2,NA,NA,FALSE,WB_WDI,WB_WDI_NY_GDP_PCAP_CD,EAP,_T,_T,_T,_Z,_Z,_Z,2008,A,USD,NA
3154.169173,P1Y,0,NA,A,PU,_Z,2,NA,NA,FALSE,WB_WDI,WB_WDI_NY_GDP_PCAP_CD,TEA,_T,_T,_T,_Z,_Z,_Z,2008,A,USD,NA
41406.659892,P1Y,0,NA,A,PU,_Z,2,NA,NA,FALSE,WB_WDI,WB_WDI_NY_GDP_PCAP_CD,EMU,_T,_T,_T,_Z,_Z,_Z,2008,A,USD,NA
26536.484636,P1Y,0,NA,A,PU,_Z,2,NA,NA,FALSE,WB_WDI,WB_WDI_NY_GDP_PCAP_CD,ECS,_T,_T,_T,_Z,_Z,_Z,2008,A,USD,NA
6191.249019,P1Y,0,NA,A,PU,_Z,2,NA,NA,FALSE,WB_WDI,WB_WDI_NY_GDP_PCAP_CD,ECA,_T,_T,_T,_Z,_Z,_Z,2008,A,USD,NA
8951.350767,P1Y,0,NA,A,PU,_Z,2,NA,NA,FALSE,WB_WDI,WB_WDI_NY_GDP_PCAP_CD,TEC,_T,_T,_T,_Z,_Z,_Z,2008,A,USD,NA
37160.010217,P1Y,0,NA,A,PU,_Z,2,NA,NA,FALSE,WB_WDI,WB_WDI_NY_GDP_PCAP_CD,EUU,_T,_T,_T,_Z,_Z,_Z,2008,A,USD,NA
797.85398,P1Y,0,NA,A,PU,_Z,2,NA,NA,FALSE,WB_WDI,WB_WDI_NY_GDP_PCAP_CD,HPC,_T,_T,_T,_Z,_Z,_Z,2008,A,USD,NA
36948.693739,P1Y,0,NA,A,PU,_Z,2,NA,NA,FALSE,WB_WDI,WB_WDI_NY_GDP_PCAP_CD,HIC,_T,_T,_T,_Z,_Z,_Z,2008,A,USD,NA
3945.346082,P1Y,0,NA,A,PU,_Z,2,NA,NA,FALSE,WB_WDI,WB_WDI_NY_GDP_PCAP_CD,IBD,_T,_T,_T,_Z,_Z,_Z,2008,A,USD,NA
3246.160836,P1Y,0,NA,A,PU,_Z,2,NA,NA,FALSE,WB_WDI,WB_WDI_NY_GDP_PCAP_CD,IBT,_T,_T,_T,_Z,_Z,_Z,2008,A,USD,NA
1479.932697,P1Y,0,NA,A,PU,_Z,2,NA,NA,FALSE,WB_WDI,WB_WDI_NY_GDP_PCAP_CD,IDB,_T,_T,_T,_Z,_Z,_Z,2008,A,USD,NA
791.399137,P1Y,0,NA,A,PU,_Z,2,NA,NA,FALSE,WB_WDI,WB_WDI_NY_GDP_PCAP_CD,IDX,_T,_T,_T,_Z,_Z,_Z,2008,A,USD,NA
1033.532013,P1Y,0,NA,A,PU,_Z,2,NA,NA,FALSE,WB_WDI,WB_WDI_NY_GDP_PCAP_CD,IDA,_T,_T,_T,_Z,_Z,_Z,2008,A,USD,NA
5453.262925,P1Y,0,NA,A,PU,_Z,2,NA,NA,FALSE,WB_WDI,WB_WDI_NY_GDP_PCAP_CD,LTE,_T,_T,_T,_Z,_Z,_Z,2008,A,USD,NA
8077.965319,P1Y,0,NA,A,PU,_Z,2,NA,NA,FALSE,WB_WDI,WB_WDI_NY_GDP_PCAP_CD,LCN,_T,_T,_T,_Z,_Z,_Z,2008,A,USD,NA
7812.589763,P1Y,0,NA,A,PU,_Z,2,NA,NA,FALSE,WB_WDI,WB_WDI_NY_GDP_PCAP_CD,LAC,_T,_T,_T,_Z,_Z,_Z,2008,A,USD,NA
7989.380121,P1Y,0,NA,A,PU,_Z,2,NA,NA,FALSE,WB_WDI,WB_WDI_NY_GDP_PCAP_CD,TLA,_T,_T,_T,_Z,_Z,_Z,2008,A,USD,NA
778.954487,P1Y,0,NA,A,PU,_Z,2,NA,NA,FALSE,WB_WDI,WB_WDI_NY_GDP_PCAP_CD,LDC,_T,_T,_T,_Z,_Z,_Z,2008,A,USD,NA
2864.715133,P1Y,0,NA,A,PU,_Z,2,NA,NA,FALSE,WB_WDI,WB_WDI_NY_GDP_PCAP_CD,LMY,_T,_T,_T,_Z,_Z,_Z,2008,A,USD,NA
3279.182695,P1Y,0,NA,A,PU,_Z,2,NA,NA,FALSE,WB_WDI,WB_WDI_NY_GDP_PCAP_CD,WSM,_T,_T,_T,_Z,_Z,_Z,2009,A,USD,NA
62429.020274,P1Y,0,NA,A,PU,_Z,2,NA,NA,FALSE,WB_WDI,WB_WDI_NY_GDP_PCAP_CD,SMR,_T,_T,_T,_Z,_Z,_Z,2009,A,USD,NA
1128.280462,P1Y,0,NA,A,PU,_Z,2,NA,NA,FALSE,WB_WDI,WB_WDI_NY_GDP_PCAP_CD,STP,_T,_T,_T,_Z,_Z,_Z,2009,A,USD,NA
17718.391165,P1Y,0,NA,A,PU,_Z,2,NA,NA,FALSE,WB_WDI,WB_WDI_NY_GDP_PCAP_CD,SAU,_T,_T,_T,_Z,_Z,_Z,2009,A,USD,NA
1308.694043,P1Y,0,NA,A,PU,_Z,2,NA,NA,FALSE,WB_WDI,WB_WDI_NY_GDP_PCAP_CD,SEN,_T,_T,_T,_Z,_Z,_Z,2009,A,USD,NA
6414.044846,P1Y,0,NA,A,PU,_Z,2,NA,NA,FALSE,WB_WDI,WB_WDI_NY_GDP_PCAP_CD,SRB,_T,_T,_T,_Z,_Z,_Z,2009,A,USD,NA
9747.091805,P1Y,0,NA,A,PU,_Z,2,NA,NA,FALSE,WB_WDI,WB_WDI_NY_GDP_PCAP_CD,SYC,_T,_T,_T,_Z,_Z,_Z,2009,A,USD,NA
652.845807,P1Y,0,NA,A,PU,_Z,2,NA,NA,FALSE,WB_WDI,WB_WDI_NY_GDP_PCAP_CD,SLE,_T,_T,_T,_Z,_Z,_Z,2009,A,USD,NA
38926.805437,P1Y,0,NA,A,PU,_Z,2,NA,NA,FALSE,WB_WDI,WB_WDI_NY_GDP_PCAP_CD,SGP,_T,_T,_T,_Z,_Z,_Z,2009,A,USD,NA
25528.412619,P1Y,0,NA,A,PU,_Z,2,NA,NA,FALSE,WB_WDI,WB_WDI_NY_GDP_PCAP_CD,SXM,_T,_T,_T,_Z,_Z,_Z,2009,A,USD,NA
16586.752781,P1Y,0,NA,A,PU,_Z,2,NA,NA,FALSE,WB_WDI,WB_WDI_NY_GDP_PCAP_CD,SVK,_T,_T,_T,_Z,_Z,_Z,2009,A,USD,NA
24501.789729,P1Y,0,NA,A,PU,_Z,2,NA,NA,FALSE,WB_WDI,WB_WDI_NY_GDP_PCAP_CD,SVN,_T,_T,_T,_Z,_Z,_Z,2009,A,USD,NA
1554.70671,P1Y,0,NA,A,PU,_Z,2,NA,NA,FALSE,WB_WDI,WB_WDI_NY_GDP_PCAP_CD,SLB,_T,_T,_T,_Z,_Z,_Z,2009,A,USD,NA
4952.733555,P1Y,0,NA,A,PU,_Z,2,NA,NA,FALSE,WB_WDI,WB_WDI_NY_GDP_PCAP_CD,IRN,_T,_T,_T,_Z,_Z,_Z,2015,A,USD,NA
4440.141893,P1Y,0,NA,A,PU,_Z,2,NA,NA,FALSE,WB_WDI,WB_WDI_NY_GDP_PCAP_CD,IRQ,_T,_T,_T,_Z,_Z,_Z,2015,A,USD,NA
64250.138518,P1Y,0,NA,A,PU,_Z,2,NA,NA,FALSE,WB_WDI,WB_WDI_NY_GDP_PCAP_CD,IRL,_T,_T,_T,_Z,_Z,_Z,2015,A,USD,NA
84753.518742,P1Y,0,NA,A,PU,_Z,2,NA,NA,FALSE,WB_WDI,WB_WDI_NY_GDP_PCAP_CD,IMN,_T,_T,_T,_Z,_Z,_Z,2015,A,USD,NA
36138.135614,P1Y,0,NA,A,PU,_Z,2,NA,NA,FALSE,WB_WDI,WB_WDI_NY_GDP_PCAP_CD,ISR,_T,_T,_T,_Z,_Z,_Z,2015,A,USD,NA
30639.882975,P1Y,0,NA,A,PU,_Z,2,NA,NA,FALSE,WB_WDI,WB_WDI_NY_GDP_PCAP_CD,ITA,_T,_T,_T,_Z,_Z,_Z,2015,A,USD,NA
5339.307183,P1Y,0,NA,A,PU,_Z,2,NA,NA,FALSE,WB_WDI,WB_WDI_NY_GDP_PCAP_CD,JAM,_T,_T,_T,_Z,_Z,_Z,2015,A,USD,NA
35664.644611,P1Y,0,NA,A,PU,_Z,2,NA,NA,FALSE,WB_WDI,WB_WDI_NY_GDP_PCAP_CD,JPN,_T,_T,_T,_Z,_Z,_Z,2015,A,USD,NA
4441.61896,P1Y,0,NA,A,PU,_Z,2,NA,NA,FALSE,WB_WDI,WB_WDI_NY_GDP_PCAP_CD,JOR,_T,_T,_T,_Z,_Z,_Z,2015,A,USD,NA
10196.122626,P1Y,0,NA,A,PU,_Z,2,NA,NA,FALSE,WB_WDI,WB_WDI_NY_GDP_PCAP_CD,KAZ,_T,_T,_T,_Z,_Z,_Z,2015,A,USD,NA
1489.119598,P1Y,0,NA,A,PU,_Z,2,NA,NA,FALSE,WB_WDI,WB_WDI_NY_GDP_PCAP_CD,KEN,_T,_T,_T,_Z,_Z,_Z,2015,A,USD,NA
1204.364755,P1Y,0,NA,A,PU,_Z,2,NA,NA,FALSE,WB_WDI,WB_WDI_NY_GDP_PCAP_CD,PAK,_T,_T,_T,_Z,_Z,_Z,2012,A,USD,NA
12098.412433,P1Y,0,NA,A,PU,_Z,2,NA,NA,FALSE,WB_WDI,WB_WDI_NY_GDP_PCAP_CD,PLW,_T,_T,_T,_Z,_Z,_Z,2012,A,USD,NA
11064.806361,P1Y,0,NA,A,PU,_Z,2,NA,NA,FALSE,WB_WDI,WB_WDI_NY_GDP_PCAP_CD,PAN,_T,_T,_T,_Z,_Z,_Z,2012,A,USD,NA
2635.087363,P1Y,0,NA,A,PU,_Z,2,NA,NA,FALSE,WB_WDI,WB_WDI_NY_GDP_PCAP_CD,PNG,_T,_T,_T,_Z,_Z,_Z,2012,A,USD,NA
5642.169917,P1Y,0,NA,A,PU,_Z,2,NA,NA,FALSE,WB_WDI,WB_WDI_NY_GDP_PCAP_CD,PRY,_T,_T,_T,_Z,_Z,_Z,2012,A,USD,NA
6519.37853,P1Y,0,NA,A,PU,_Z,2,NA,NA,FALSE,WB_WDI,WB_WDI_NY_GDP_PCAP_CD,PER,_T,_T,_T,_Z,_Z,_Z,2012,A,USD,NA
2614.616444,P1Y,0,NA,A,PU,_Z,2,NA,NA,FALSE,WB_WDI,WB_WDI_NY_GDP_PCAP_CD,PHL,_T,_T,_T,_Z,_Z,_Z,2012,A,USD,NA
13087.420943,P1Y,0,NA,A,PU,_Z,2,NA,NA,FALSE,WB_WDI,WB_WDI_NY_GDP_PCAP_CD,POL,_T,_T,_T,_Z,_Z,_Z,2012,A,USD,NA
20593.427422,P1Y,0,NA,A,PU,_Z,2,NA,NA,FALSE,WB_WDI,WB_WDI_NY_GDP_PCAP_CD,PRT,_T,_T,_T,_Z,_Z,_Z,2012,A,USD,NA
27742.024477,P1Y,0,NA,A,PU,_Z,2,NA,NA,FALSE,WB_WDI,WB_WDI_NY_GDP_PCAP_CD,PRI,_T,_T,_T,_Z,_Z,_Z,2012,A,USD,NA
108470.378825,P1Y,0,NA,A,PU,_Z,2,NA,NA,FALSE,WB_WDI,WB_WDI_NY_GDP_PCAP_CD,QAT,_T,_T,_T,_Z,_Z,_Z,2012,A,USD,NA
560.621505,P1Y,0,NA,A,PU,_Z,2,NA,NA,FALSE,WB_WDI,WB_WDI_NY_GDP_PCAP_CD,AFG,_T,_T,_T,_Z,_Z,_Z,2010,A,USD,NA
4149.144699,P1Y,0,NA,A,PU,_Z,2,NA,NA,FALSE,WB_WDI,WB_WDI_NY_GDP_PCAP_CD,ALB,_T,_T,_T,_Z,_Z,_Z,2010,A,USD,NA
4912.785855,P1Y,0,NA,A,PU,_Z,2,NA,NA,FALSE,WB_WDI,WB_WDI_NY_GDP_PCAP_CD,DZA,_T,_T,_T,_Z,_Z,_Z,2010,A,USD,NA
10375.172014,P1Y,0,NA,A,PU,_Z,2,NA,NA,FALSE,WB_WDI,WB_WDI_NY_GDP_PCAP_CD,ASM,_T,_T,_T,_Z,_Z,_Z,2010,A,USD,NA
42746.830952,P1Y,0,NA,A,PU,_Z,2,NA,NA,FALSE,WB_WDI,WB_WDI_NY_GDP_PCAP_CD,AND,_T,_T,_T,_Z,_Z,_Z,2010,A,USD,NA
4101.637156,P1Y,0,NA,A,PU,_Z,2,NA,NA,FALSE,WB_WDI,WB_WDI_NY_GDP_PCAP_CD,AGO,_T,_T,_T,_Z,_Z,_Z,2010,A,USD,NA
15217.395079,P1Y,0,NA,A,PU,_Z,2,NA,NA,FALSE,WB_WDI,WB_WDI_NY_GDP_PCAP_CD,ATG,_T,_T,_T,_Z,_Z,_Z,2010,A,USD,NA
10260.131311,P1Y,0,NA,A,PU,_Z,2,NA,NA,FALSE,WB_WDI,WB_WDI_NY_GDP_PCAP_CD,ARG,_T,_T,_T,_Z,_Z,_Z,2010,A,USD,NA
3041.344507,P1Y,0,NA,A,PU,_Z,2,NA,NA,FALSE,WB_WDI,WB_WDI_NY_GDP_PCAP_CD,ARM,_T,_T,_T,_Z,_Z,_Z,2010,A,USD,NA
24093.140151,P1Y,0,NA,A,PU,_Z,2,NA,NA,FALSE,WB_WDI,WB_WDI_NY_GDP_PCAP_CD,ABW,_T,_T,_T,_Z,_Z,_Z,2010,A,USD,NA
52313.893904,P1Y,0,NA,A,PU,_Z,2,NA,NA,FALSE,WB_WDI,WB_WDI_NY_GDP_PCAP_CD,AUS,_T,_T,_T,_Z,_Z,_Z,2010,A,USD,NA
46611.139342,P1Y,0,NA,A,PU,_Z,2,NA,NA,FALSE,WB_WDI,WB_WDI_NY_GDP_PCAP_CD,AUT,_T,_T,_T,_Z,_Z,_Z,2010,A,USD,NA
29054.05812,P1Y,0,NA,A,PU,_Z,2,NA,NA,FALSE,WB_WDI,WB_WDI_NY_GDP_PCAP_CD,GUM,_T,_T,_T,_Z,_Z,_Z,2009,A,USD,NA
2611.646328,P1Y,0,NA,A,PU,_Z,2,NA,NA,FALSE,WB_WDI,WB_WDI_NY_GDP_PCAP_CD,GTM,_T,_T,_T,_Z,_Z,_Z,2009,A,USD,NA
662.185915,P1Y,0,NA,A,PU,_Z,2,NA,NA,FALSE,WB_WDI,WB_WDI_NY_GDP_PCAP_CD,GIN,_T,_T,_T,_Z,_Z,_Z,2009,A,USD,NA
583.19002,P1Y,0,NA,A,PU,_Z,2,NA,NA,FALSE,WB_WDI,WB_WDI_NY_GDP_PCAP_CD,GNB,_T,_T,_T,_Z,_Z,_Z,2009,A,USD,NA
4209.132306,P1Y,0,NA,A,PU,_Z,2,NA,NA,FALSE,WB_WDI,WB_WDI_NY_GDP_PCAP_CD,GUY,_T,_T,_T,_Z,_Z,_Z,2009,A,USD,NA
1196.852871,P1Y,0,NA,A,PU,_Z,2,NA,NA,FALSE,WB_WDI,WB_WDI_NY_GDP_PCAP_CD,HTI,_T,_T,_T,_Z,_Z,_Z,2009,A,USD,NA
1781.157036,P1Y,0,NA,A,PU,_Z,2,NA,NA,FALSE,WB_WDI,WB_WDI_NY_GDP_PCAP_CD,HND,_T,_T,_T,_Z,_Z,_Z,2009,A,USD,NA
30697.538386,P1Y,0,NA,A,PU,_Z,2,NA,NA,FALSE,WB_WDI,WB_WDI_NY_GDP_PCAP_CD,HKG,_T,_T,_T,_Z,_Z,_Z,2009,A,USD,NA
13051.183178,P1Y,0,NA,A,PU,_Z,2,NA,NA,FALSE,WB_WDI,WB_WDI_NY_GDP_PCAP_CD,HUN,_T,_T,_T,_Z,_Z,_Z,2009,A,USD,NA
41483.784368,P1Y,0,NA,A,PU,_Z,2,NA,NA,FALSE,WB_WDI,WB_WDI_NY_GDP_PCAP_CD,ISL,_T,_T,_T,_Z,_Z,_Z,2009,A,USD,NA
1094.949746,P1Y,0,NA,A,PU,_Z,2,NA,NA,FALSE,WB_WDI,WB_WDI_NY_GDP_PCAP_CD,IND,_T,_T,_T,_Z,_Z,_Z,2009,A,USD,NA
2218.485419,P1Y,0,NA,A,PU,_Z,2,NA,NA,FALSE,WB_WDI,WB_WDI_NY_GDP_PCAP_CD,IDN,_T,_T,_T,_Z,_Z,_Z,2009,A,USD,NA
166.162745,P1Y,0,NA,A,PU,_Z,2,NA,NA,FALSE,WB_WDI,WB_WDI_NY_GDP_PCAP_CD,BDI,_T,_T,_T,_Z,_Z,_Z,2007,A,USD,NA
3324.576752,P1Y,0,NA,A,PU,_Z,2,NA,NA,FALSE,WB_WDI,WB_WDI_NY_GDP_PCAP_CD,CPV,_T,_T,_T,_Z,_Z,_Z,2007,A,USD,NA
731.692295,P1Y,0,NA,A,PU,_Z,2,NA,NA,FALSE,WB_WDI,WB_WDI_NY_GDP_PCAP_CD,KHM,_T,_T,_T,_Z,_Z,_Z,2007,A,USD,NA
1325.672482,P1Y,0,NA,A,PU,_Z,2,NA,NA,FALSE,WB_WDI,WB_WDI_NY_GDP_PCAP_CD,CMR,_T,_T,_T,_Z,_Z,_Z,2007,A,USD,NA
44660.083889,P1Y,0,NA,A,PU,_Z,2,NA,NA,FALSE,WB_WDI,WB_WDI_NY_GDP_PCAP_CD,CAN,_T,_T,_T,_Z,_Z,_Z,2007,A,USD,NA
89888.261821,P1Y,0,NA,A,PU,_Z,2,NA,NA,FALSE,WB_WDI,WB_WDI_NY_GDP_PCAP_CD,CYM,_T,_T,_T,_Z,_Z,_Z,2007,A,USD,NA
380.887049,P1Y,0,NA,A,PU,_Z,2,NA,NA,FALSE,WB_WDI,WB_WDI_NY_GDP_PCAP_CD,CAF,_T,_T,_T,_Z,_Z,_Z,2007,A,USD,NA
980.483531,P1Y,0,NA,A,PU,_Z,2,NA,NA,FALSE,WB_WDI,WB_WDI_NY_GDP_PCAP_CD,TCD,_T,_T,_T,_Z,_Z,_Z,2007,A,USD,NA
74139.977994,P1Y,0,NA,A,PU,_Z,2,NA,NA,FALSE,WB_WDI,WB_WDI_NY_GDP_PCAP_CD,CHI,_T,_T,_T,_Z,_Z,_Z,2007,A,USD,NA
10346.413818,P1Y,0,NA,A,PU,_Z,2,NA,NA,FALSE,WB_WDI,WB_WDI_NY_GDP_PCAP_CD,CHL,_T,_T,_T,_Z,_Z,_Z,2007,A,USD,NA
2734.727099,P1Y,0,NA,A,PU,_Z,2,NA,NA,FALSE,WB_WDI,WB_WDI_NY_GDP_PCAP_CD,CHN,_T,_T,_T,_Z,_Z,_Z,2007,A,USD,NA
4769.926147,P1Y,0,NA,A,PU,_Z,2,NA,NA,FALSE,WB_WDI,WB_WDI_NY_GDP_PCAP_CD,COL,_T,_T,_T,_Z,_Z,_Z,2007,A,USD,NA
1568.831934,P1Y,0,NA,A,PU,_Z,2,NA,NA,FALSE,WB_WDI,WB_WDI_NY_GDP_PCAP_CD,PNG,_T,_T,_T,_Z,_Z,_Z,2009,A,USD,NA
3941.848155,P1Y,0,NA,A,PU,_Z,2,NA,NA,FALSE,WB_WDI,WB_WDI_NY_GDP_PCAP_CD,PRY,_T,_T,_T,_Z,_Z,_Z,2009,A,USD,NA
4181.187555,P1Y,0,NA,A,PU,_Z,2,NA,NA,FALSE,WB_WDI,WB_WDI_NY_GDP_PCAP_CD,PER,_T,_T,_T,_Z,_Z,_Z,2009,A,USD,NA
1864.450434,P1Y,0,NA,A,PU,_Z,2,NA,NA,FALSE,WB_WDI,WB_WDI_NY_GDP_PCAP_CD,PHL,_T,_T,_T,_Z,_Z,_Z,2009,A,USD,NA
11556.302687,P1Y,0,NA,A,PU,_Z,2,NA,NA,FALSE,WB_WDI,WB_WDI_NY_GDP_PCAP_CD,POL,_T,_T,_T,_Z,_Z,_Z,2009,A,USD,NA
23151.215413,P1Y,0,NA,A,PU,_Z,2,NA,NA,FALSE,WB_WDI,WB_WDI_NY_GDP_PCAP_CD,PRT,_T,_T,_T,_Z,_Z,_Z,2009,A,USD,NA
25768.725888,P1Y,0,NA,A,PU,_Z,2,NA,NA,FALSE,WB_WDI,WB_WDI_NY_GDP_PCAP_CD,PRI,_T,_T,_T,_Z,_Z,_Z,2009,A,USD,NA
60785.735155,P1Y,0,NA,A,PU,_Z,2,NA,NA,FALSE,WB_WDI,WB_WDI_NY_GDP_PCAP_CD,QAT,_T,_T,_T,_Z,_Z,_Z,2009,A,USD,NA
8548.454341,P1Y,0,NA,A,PU,_Z,2,NA,NA,FALSE,WB_WDI,WB_WDI_NY_GDP_PCAP_CD,ROU,_T,_T,_T,_Z,_Z,_Z,2009,A,USD,NA
8562.824219,P1Y,0,NA,A,PU,_Z,2,NA,NA,FALSE,WB_WDI,WB_WDI_NY_GDP_PCAP_CD,RUS,_T,_T,_T,_Z,_Z,_Z,2009,A,USD,NA
556.973996,P1Y,0,NA,A,PU,_Z,2,NA,NA,FALSE,WB_WDI,WB_WDI_NY_GDP_PCAP_CD,RWA,_T,_T,_T,_Z,_Z,_Z,2009,A,USD,NA
5711.814589,P1Y,0,NA,A,PU,_Z,2,NA,NA,FALSE,WB_WDI,WB_WDI_NY_GDP_PCAP_CD,BLZ,_T,_T,_T,_Z,_Z,_Z,2008,A,USD,NA
1060.602545,P1Y,0,NA,A,PU,_Z,2,NA,NA,FALSE,WB_WDI,WB_WDI_NY_GDP_PCAP_CD,BEN,_T,_T,_T,_Z,_Z,_Z,2008,A,USD,NA
110268.562401,P1Y,0,NA,A,PU,_Z,2,NA,NA,FALSE,WB_WDI,WB_WDI_NY_GDP_PCAP_CD,BMU,_T,_T,_T,_Z,_Z,_Z,2008,A,USD,NA
1919.597749,P1Y,0,NA,A,PU,_Z,2,NA,NA,FALSE,WB_WDI,WB_WDI_NY_GDP_PCAP_CD,BTN,_T,_T,_T,_Z,_Z,_Z,2008,A,USD,NA
1692.672485,P1Y,0,NA,A,PU,_Z,2,NA,NA,FALSE,WB_WDI,WB_WDI_NY_GDP_PCAP_CD,BOL,_T,_T,_T,_Z,_Z,_Z,2008,A,USD,NA
4841.693119,P1Y,0,NA,A,PU,_Z,2,NA,NA,FALSE,WB_WDI,WB_WDI_NY_GDP_PCAP_CD,BIH,_T,_T,_T,_Z,_Z,_Z,2008,A,USD,NA
5503.073953,P1Y,0,NA,A,PU,_Z,2,NA,NA,FALSE,WB_WDI,WB_WDI_NY_GDP_PCAP_CD,BWA,_T,_T,_T,_Z,_Z,_Z,2008,A,USD,NA
8908.331765,P1Y,0,NA,A,PU,_Z,2,NA,NA,FALSE,WB_WDI,WB_WDI_NY_GDP_PCAP_CD,BRA,_T,_T,_T,_Z,_Z,_Z,2008,A,USD,NA
42156.568584,P1Y,0,NA,A,PU,_Z,2,NA,NA,FALSE,WB_WDI,WB_WDI_NY_GDP_PCAP_CD,BRN,_T,_T,_T,_Z,_Z,_Z,2008,A,USD,NA
7271.674437,P1Y,0,NA,A,PU,_Z,2,NA,NA,FALSE,WB_WDI,WB_WDI_NY_GDP_PCAP_CD,BGR,_T,_T,_T,_Z,_Z,_Z,2008,A,USD,NA
619.437533,P1Y,0,NA,A,PU,_Z,2,NA,NA,FALSE,WB_WDI,WB_WDI_NY_GDP_PCAP_CD,BFA,_T,_T,_T,_Z,_Z,_Z,2008,A,USD,NA
3869.053739,P1Y,0,NA,A,PU,_Z,2,NA,NA,FALSE,WB_WDI,WB_WDI_NY_GDP_PCAP_CD,ARM,_T,_T,_T,_Z,_Z,_Z,2017,A,USD,NA
28440.041688,P1Y,0,NA,A,PU,_Z,2,NA,NA,FALSE,WB_WDI,WB_WDI_NY_GDP_PCAP_CD,ABW,_T,_T,_T,_Z,_Z,_Z,2017,A,USD,NA
54117.547719,P1Y,0,NA,A,PU,_Z,2,NA,NA,FALSE,WB_WDI,WB_WDI_NY_GDP_PCAP_CD,AUS,_T,_T,_T,_Z,_Z,_Z,2017,A,USD,NA
47163.742578,P1Y,0,NA,A,PU,_Z,2,NA,NA,FALSE,WB_WDI,WB_WDI_NY_GDP_PCAP_CD,AUT,_T,_T,_T,_Z,_Z,_Z,2017,A,USD,NA
4147.198142,P1Y,0,NA,A,PU,_Z,2,NA,NA,FALSE,WB_WDI,WB_WDI_NY_GDP_PCAP_CD,AZE,_T,_T,_T,_Z,_Z,_Z,2017,A,USD,NA
31875.488175,P1Y,0,NA,A,PU,_Z,2,NA,NA,FALSE,WB_WDI,WB_WDI_NY_GDP_PCAP_CD,BHS,_T,_T,_T,_Z,_Z,_Z,2017,A,USD,NA
24784.769351,P1Y,0,NA,A,PU,_Z,2,NA,NA,FALSE,WB_WDI,WB_WDI_NY_GDP_PCAP_CD,BHR,_T,_T,_T,_Z,_Z,_Z,2017,A,USD,NA
1811.082217,P1Y,0,NA,A,PU,_Z,2,NA,NA,FALSE,WB_WDI,WB_WDI_NY_GDP_PCAP_CD,BGD,_T,_T,_T,_Z,_Z,_Z,2017,A,USD,NA
20870.759643,P1Y,0,NA,A,PU,_Z,2,NA,NA,FALSE,WB_WDI,WB_WDI_NY_GDP_PCAP_CD,BRB,_T,_T,_T,_Z,_Z,_Z,2017,A,USD,NA
5785.544919,P1Y,0,NA,A,PU,_Z,2,NA,NA,FALSE,WB_WDI,WB_WDI_NY_GDP_PCAP_CD,BLR,_T,_T,_T,_Z,_Z,_Z,2017,A,USD,NA
44035.323936,P1Y,0,NA,A,PU,_Z,2,NA,NA,FALSE,WB_WDI,WB_WDI_NY_GDP_PCAP_CD,BEL,_T,_T,_T,_Z,_Z,_Z,2017,A,USD,NA
1019.222107,P1Y,0,NA,A,PU,_Z,2,NA,NA,FALSE,WB_WDI,WB_WDI_NY_GDP_PCAP_CD,SDN,_T,_T,_T,_Z,_Z,_Z,2012,A,USD,NA
8851.240507,P1Y,0,NA,A,PU,_Z,2,NA,NA,FALSE,WB_WDI,WB_WDI_NY_GDP_PCAP_CD,SUR,_T,_T,_T,_Z,_Z,_Z,2012,A,USD,NA
57749.561542,P1Y,0,NA,A,PU,_Z,2,NA,NA,FALSE,WB_WDI,WB_WDI_NY_GDP_PCAP_CD,SWE,_T,_T,_T,_Z,_Z,_Z,2012,A,USD,NA
87269.559478,P1Y,0,NA,A,PU,_Z,2,NA,NA,FALSE,WB_WDI,WB_WDI_NY_GDP_PCAP_CD,CHE,_T,_T,_T,_Z,_Z,_Z,2012,A,USD,NA
1897.66115,P1Y,0,NA,A,PU,_Z,2,NA,NA,FALSE,WB_WDI,WB_WDI_NY_GDP_PCAP_CD,SYR,_T,_T,_T,_Z,_Z,_Z,2012,A,USD,NA
952.45282,P1Y,0,NA,A,PU,_Z,2,NA,NA,FALSE,WB_WDI,WB_WDI_NY_GDP_PCAP_CD,TJK,_T,_T,_T,_Z,_Z,_Z,2012,A,USD,NA
861.96991,P1Y,0,NA,A,PU,_Z,2,NA,NA,FALSE,WB_WDI,WB_WDI_NY_GDP_PCAP_CD,TZA,_T,_T,_T,_Z,_Z,_Z,2012,A,USD,NA
5725.528028,P1Y,0,NA,A,PU,_Z,2,NA,NA,FALSE,WB_WDI,WB_WDI_NY_GDP_PCAP_CD,THA,_T,_T,_T,_Z,_Z,_Z,2012,A,USD,NA
1022.619032,P1Y,0,NA,A,PU,_Z,2,NA,NA,FALSE,WB_WDI,WB_WDI_NY_GDP_PCAP_CD,TLS,_T,_T,_T,_Z,_Z,_Z,2012,A,USD,NA
813.611525,P1Y,0,NA,A,PU,_Z,2,NA,NA,FALSE,WB_WDI,WB_WDI_NY_GDP_PCAP_CD,TGO,_T,_T,_T,_Z,_Z,_Z,2012,A,USD,NA
4384.170587,P1Y,0,NA,A,PU,_Z,2,NA,NA,FALSE,WB_WDI,WB_WDI_NY_GDP_PCAP_CD,TON,_T,_T,_T,_Z,_Z,_Z,2012,A,USD,NA
4542.96609,P1Y,0,NA,A,PU,_Z,2,NA,NA,FALSE,WB_WDI,WB_WDI_NY_GDP_PCAP_CD,IRQ,_T,_T,_T,_Z,_Z,_Z,2008,A,USD,NA
61353.106563,P1Y,0,NA,A,PU,_Z,2,NA,NA,FALSE,WB_WDI,WB_WDI_NY_GDP_PCAP_CD,IRL,_T,_T,_T,_Z,_Z,_Z,2008,A,USD,NA
72276.774133,P1Y,0,NA,A,PU,_Z,2,NA,NA,FALSE,WB_WDI,WB_WDI_NY_GDP_PCAP_CD,IMN,_T,_T,_T,_Z,_Z,_Z,2008,A,USD,NA
30231.019101,P1Y,0,NA,A,PU,_Z,2,NA,NA,FALSE,WB_WDI,WB_WDI_NY_GDP_PCAP_CD,ISR,_T,_T,_T,_Z,_Z,_Z,2008,A,USD,NA
40828.579558,P1Y,0,NA,A,PU,_Z,2,NA,NA,FALSE,WB_WDI,WB_WDI_NY_GDP_PCAP_CD,ITA,_T,_T,_T,_Z,_Z,_Z,2008,A,USD,NA
5029.800953,P1Y,0,NA,A,PU,_Z,2,NA,NA,FALSE,WB_WDI,WB_WDI_NY_GDP_PCAP_CD,JAM,_T,_T,_T,_Z,_Z,_Z,2008,A,USD,NA
40294.208131,P1Y,0,NA,A,PU,_Z,2,NA,NA,FALSE,WB_WDI,WB_WDI_NY_GDP_PCAP_CD,JPN,_T,_T,_T,_Z,_Z,_Z,2008,A,USD,NA
3669.830127,P1Y,0,NA,A,PU,_Z,2,NA,NA,FALSE,WB_WDI,WB_WDI_NY_GDP_PCAP_CD,JOR,_T,_T,_T,_Z,_Z,_Z,2008,A,USD,NA
8123.547059,P1Y,0,NA,A,PU,_Z,2,NA,NA,FALSE,WB_WDI,WB_WDI_NY_GDP_PCAP_CD,KAZ,_T,_T,_T,_Z,_Z,_Z,2008,A,USD,NA
915.544355,P1Y,0,NA,A,PU,_Z,2,NA,NA,FALSE,WB_WDI,WB_WDI_NY_GDP_PCAP_CD,KEN,_T,_T,_T,_Z,_Z,_Z,2008,A,USD,NA
1410.622469,P1Y,0,NA,A,PU,_Z,2,NA,NA,FALSE,WB_WDI,WB_WDI_NY_GDP_PCAP_CD,KIR,_T,_T,_T,_Z,_Z,_Z,2008,A,USD,NA
22252.312511,P1Y,0,NA,A,PU,_Z,2,NA,NA,FALSE,WB_WDI,WB_WDI_NY_GDP_PCAP_CD,KOR,_T,_T,_T,_Z,_Z,_Z,2008,A,USD,NA
6548.036538,P1Y,0,NA,A,PU,_Z,2,NA,NA,FALSE,WB_WDI,WB_WDI_NY_GDP_PCAP_CD,SRB,_T,_T,_T,_Z,_Z,_Z,2017,A,USD,NA
17480.365191,P1Y,0,NA,A,PU,_Z,2,NA,NA,FALSE,WB_WDI,WB_WDI_NY_GDP_PCAP_CD,SYC,_T,_T,_T,_Z,_Z,_Z,2017,A,USD,NA
779.186008,P1Y,0,NA,A,PU,_Z,2,NA,NA,FALSE,WB_WDI,WB_WDI_NY_GDP_PCAP_CD,SLE,_T,_T,_T,_Z,_Z,_Z,2017,A,USD,NA
61436.13255,P1Y,0,NA,A,PU,_Z,2,NA,NA,FALSE,WB_WDI,WB_WDI_NY_GDP_PCAP_CD,SGP,_T,_T,_T,_Z,_Z,_Z,2017,A,USD,NA
34701.305849,P1Y,0,NA,A,PU,_Z,2,NA,NA,FALSE,WB_WDI,WB_WDI_NY_GDP_PCAP_CD,SXM,_T,_T,_T,_Z,_Z,_Z,2017,A,USD,NA
17645.529872,P1Y,0,NA,A,PU,_Z,2,NA,NA,FALSE,WB_WDI,WB_WDI_NY_GDP_PCAP_CD,SVK,_T,_T,_T,_Z,_Z,_Z,2017,A,USD,NA
23303.077706,P1Y,0,NA,A,PU,_Z,2,NA,NA,FALSE,WB_WDI,WB_WDI_NY_GDP_PCAP_CD,SVN,_T,_T,_T,_Z,_Z,_Z,2017,A,USD,NA
2143.576705,P1Y,0,NA,A,PU,_Z,2,NA,NA,FALSE,WB_WDI,WB_WDI_NY_GDP_PCAP_CD,SLB,_T,_T,_T,_Z,_Z,_Z,2017,A,USD,NA
510.939952,P1Y,0,NA,A,PU,_Z,2,NA,NA,FALSE,WB_WDI,WB_WDI_NY_GDP_PCAP_CD,SOM,_T,_T,_T,_Z,_Z,_Z,2017,A,USD,NA
6618.335083,P1Y,0,NA,A,PU,_Z,2,NA,NA,FALSE,WB_WDI,WB_WDI_NY_GDP_PCAP_CD,ZAF,_T,_T,_T,_Z,_Z,_Z,2017,A,USD,NA
28381.34256,P1Y,0,NA,A,PU,_Z,2,NA,NA,FALSE,WB_WDI,WB_WDI_NY_GDP_PCAP_CD,ESP,_T,_T,_T,_Z,_Z,_Z,2017,A,USD,NA
24596.893802,P1Y,0,NA,A,PU,_Z,2,NA,NA,FALSE,WB_WDI,WB_WDI_NY_GDP_PCAP_CD,TCA,_T,_T,_T,_Z,_Z,_Z,2009,A,USD,NA
2683.967495,P1Y,0,NA,A,PU,_Z,2,NA,NA,FALSE,WB_WDI,WB_WDI_NY_GDP_PCAP_CD,TUV,_T,_T,_T,_Z,_Z,_Z,2009,A,USD,NA
798.94709,P1Y,0,NA,A,PU,_Z,2,NA,NA,FALSE,WB_WDI,WB_WDI_NY_GDP_PCAP_CD,UGA,_T,_T,_T,_Z,_Z,_Z,2009,A,USD,NA
2607.087646,P1Y,0,NA,A,PU,_Z,2,NA,NA,FALSE,WB_WDI,WB_WDI_NY_GDP_PCAP_CD,UKR,_T,_T,_T,_Z,_Z,_Z,2009,A,USD,NA
37803.066374,P1Y,0,NA,A,PU,_Z,2,NA,NA,FALSE,WB_WDI,WB_WDI_NY_GDP_PCAP_CD,ARE,_T,_T,_T,_Z,_Z,_Z,2009,A,USD,NA
39009.371555,P1Y,0,NA,A,PU,_Z,2,NA,NA,FALSE,WB_WDI,WB_WDI_NY_GDP_PCAP_CD,GBR,_T,_T,_T,_Z,_Z,_Z,2009,A,USD,NA
47194.950089,P1Y,0,NA,A,PU,_Z,2,NA,NA,FALSE,WB_WDI,WB_WDI_NY_GDP_PCAP_CD,USA,_T,_T,_T,_Z,_Z,_Z,2009,A,USD,NA
9881.395731,P1Y,0,NA,A,PU,_Z,2,NA,NA,FALSE,WB_WDI,WB_WDI_NY_GDP_PCAP_CD,URY,_T,_T,_T,_Z,_Z,_Z,2009,A,USD,NA
1205.799355,P1Y,0,NA,A,PU,_Z,2,NA,NA,FALSE,WB_WDI,WB_WDI_NY_GDP_PCAP_CD,UZB,_T,_T,_T,_Z,_Z,_Z,2009,A,USD,NA
2546.383246,P1Y,0,NA,A,PU,_Z,2,NA,NA,FALSE,WB_WDI,WB_WDI_NY_GDP_PCAP_CD,VUT,_T,_T,_T,_Z,_Z,_Z,2009,A,USD,NA
11596.602192,P1Y,0,NA,A,PU,_Z,2,NA,NA,FALSE,WB_WDI,WB_WDI_NY_GDP_PCAP_CD,VEN,_T,_T,_T,_Z,_Z,_Z,2009,A,USD,NA
1226.169761,P1Y,0,NA,A,PU,_Z,2,NA,NA,FALSE,WB_WDI,WB_WDI_NY_GDP_PCAP_CD,VNM,_T,_T,_T,_Z,_Z,_Z,2009,A,USD,NA
38753.182539,P1Y,0,NA,A,PU,_Z,2,NA,NA,FALSE,WB_WDI,WB_WDI_NY_GDP_PCAP_CD,VIR,_T,_T,_T,_Z,_Z,_Z,2009,A,USD,NA
8265.788206,P1Y,0,NA,A,PU,_Z,2,NA,NA,FALSE,WB_WDI,WB_WDI_NY_GDP_PCAP_CD,CRI,_T,_T,_T,_Z,_Z,_Z,2010,A,USD,NA
1553.54887,P1Y,0,NA,A,PU,_Z,2,NA,NA,FALSE,WB_WDI,WB_WDI_NY_GDP_PCAP_CD,CIV,_T,_T,_T,_Z,_Z,_Z,2010,A,USD,NA
13729.747287,P1Y,0,NA,A,PU,_Z,2,NA,NA,FALSE,WB_WDI,WB_WDI_NY_GDP_PCAP_CD,HRV,_T,_T,_T,_Z,_Z,_Z,2010,A,USD,NA
5272.267558,P1Y,0,NA,A,PU,_Z,2,NA,NA,FALSE,WB_WDI,WB_WDI_NY_GDP_PCAP_CD,CUB,_T,_T,_T,_Z,_Z,_Z,2010,A,USD,NA
19847.231013,P1Y,0,NA,A,PU,_Z,2,NA,NA,FALSE,WB_WDI,WB_WDI_NY_GDP_PCAP_CD,CUW,_T,_T,_T,_Z,_Z,_Z,2010,A,USD,NA
31105.027344,P1Y,0,NA,A,PU,_Z,2,NA,NA,FALSE,WB_WDI,WB_WDI_NY_GDP_PCAP_CD,CYP,_T,_T,_T,_Z,_Z,_Z,2010,A,USD,NA
20160.435508,P1Y,0,NA,A,PU,_Z,2,NA,NA,FALSE,WB_WDI,WB_WDI_NY_GDP_PCAP_CD,CZE,_T,_T,_T,_Z,_Z,_Z,2010,A,USD,NA
58104.544559,P1Y,0,NA,A,PU,_Z,2,NA,NA,FALSE,WB_WDI,WB_WDI_NY_GDP_PCAP_CD,DNK,_T,_T,_T,_Z,_Z,_Z,2010,A,USD,NA
1213.233526,P1Y,0,NA,A,PU,_Z,2,NA,NA,FALSE,WB_WDI,WB_WDI_NY_GDP_PCAP_CD,DJI,_T,_T,_T,_Z,_Z,_Z,2010,A,USD,NA
7549.619647,P1Y,0,NA,A,PU,_Z,2,NA,NA,FALSE,WB_WDI,WB_WDI_NY_GDP_PCAP_CD,DMA,_T,_T,_T,_Z,_Z,_Z,2010,A,USD,NA
5478.624704,P1Y,0,NA,A,PU,_Z,2,NA,NA,FALSE,WB_WDI,WB_WDI_NY_GDP_PCAP_CD,DOM,_T,_T,_T,_Z,_Z,_Z,2010,A,USD,NA
6459.035037,P1Y,0,NA,A,PU,_Z,2,NA,NA,FALSE,WB_WDI,WB_WDI_NY_GDP_PCAP_CD,DMA,_T,_T,_T,_Z,_Z,_Z,2007,A,USD,NA
4649.645589,P1Y,0,NA,A,PU,_Z,2,NA,NA,FALSE,WB_WDI,WB_WDI_NY_GDP_PCAP_CD,DOM,_T,_T,_T,_Z,_Z,_Z,2007,A,USD,NA
3478.924888,P1Y,0,NA,A,PU,_Z,2,NA,NA,FALSE,WB_WDI,WB_WDI_NY_GDP_PCAP_CD,ECU,_T,_T,_T,_Z,_Z,_Z,2007,A,USD,NA
1547.741707,P1Y,0,NA,A,PU,_Z,2,NA,NA,FALSE,WB_WDI,WB_WDI_NY_GDP_PCAP_CD,EGY,_T,_T,_T,_Z,_Z,_Z,2007,A,USD,NA
2830.656938,P1Y,0,NA,A,PU,_Z,2,NA,NA,FALSE,WB_WDI,WB_WDI_NY_GDP_PCAP_CD,SLV,_T,_T,_T,_Z,_Z,_Z,2007,A,USD,NA
12616.953294,P1Y,0,NA,A,PU,_Z,2,NA,NA,FALSE,WB_WDI,WB_WDI_NY_GDP_PCAP_CD,GNQ,_T,_T,_T,_Z,_Z,_Z,2007,A,USD,NA
480.447624,P1Y,0,NA,A,PU,_Z,2,NA,NA,FALSE,WB_WDI,WB_WDI_NY_GDP_PCAP_CD,ERI,_T,_T,_T,_Z,_Z,_Z,2007,A,USD,NA
16745.430801,P1Y,0,NA,A,PU,_Z,2,NA,NA,FALSE,WB_WDI,WB_WDI_NY_GDP_PCAP_CD,EST,_T,_T,_T,_Z,_Z,_Z,2007,A,USD,NA
3109.110976,P1Y,0,NA,A,PU,_Z,2,NA,NA,FALSE,WB_WDI,WB_WDI_NY_GDP_PCAP_CD,SWZ,_T,_T,_T,_Z,_Z,_Z,2007,A,USD,NA
237.146256,P1Y,0,NA,A,PU,_Z,2,NA,NA,FALSE,WB_WDI,WB_WDI_NY_GDP_PCAP_CD,ETH,_T,_T,_T,_Z,_Z,_Z,2007,A,USD,NA
48348.739371,P1Y,0,NA,A,PU,_Z,2,NA,NA,FALSE,WB_WDI,WB_WDI_NY_GDP_PCAP_CD,FRO,_T,_T,_T,_Z,_Z,_Z,2007,A,USD,NA
3762.746928,P1Y,0,NA,A,PU,_Z,2,NA,NA,FALSE,WB_WDI,WB_WDI_NY_GDP_PCAP_CD,FJI,_T,_T,_T,_Z,_Z,_Z,2007,A,USD,NA
189.502075,P1Y,0,NA,A,PU,_Z,2,NA,NA,FALSE,WB_WDI,WB_WDI_NY_GDP_PCAP_CD,BDI,_T,_T,_T,_Z,_Z,_Z,2008,A,USD,NA
3908.648858,P1Y,0,NA,A,PU,_Z,2,NA,NA,FALSE,WB_WDI,WB_WDI_NY_GDP_PCAP_CD,CPV,_T,_T,_T,_Z,_Z,_Z,2008,A,USD,NA
866.284,P1Y,0,NA,A,PU,_Z,2,NA,NA,FALSE,WB_WDI,WB_WDI_NY_GDP_PCAP_CD,KHM,_T,_T,_T,_Z,_Z,_Z,2008,A,USD,NA
1492.142698,P1Y,0,NA,A,PU,_Z,2,NA,NA,FALSE,WB_WDI,WB_WDI_NY_GDP_PCAP_CD,CMR,_T,_T,_T,_Z,_Z,_Z,2008,A,USD,NA
46710.365442,P1Y,0,NA,A,PU,_Z,2,NA,NA,FALSE,WB_WDI,WB_WDI_NY_GDP_PCAP_CD,CAN,_T,_T,_T,_Z,_Z,_Z,2008,A,USD,NA
89655.119622,P1Y,0,NA,A,PU,_Z,2,NA,NA,FALSE,WB_WDI,WB_WDI_NY_GDP_PCAP_CD,CYM,_T,_T,_T,_Z,_Z,_Z,2008,A,USD,NA
437.248275,P1Y,0,NA,A,PU,_Z,2,NA,NA,FALSE,WB_WDI,WB_WDI_NY_GDP_PCAP_CD,CAF,_T,_T,_T,_Z,_Z,_Z,2008,A,USD,NA
1166.368835,P1Y,0,NA,A,PU,_Z,2,NA,NA,FALSE,WB_WDI,WB_WDI_NY_GDP_PCAP_CD,TCD,_T,_T,_T,_Z,_Z,_Z,2008,A,USD,NA
10683.218877,P1Y,0,NA,A,PU,_Z,2,NA,NA,FALSE,WB_WDI,WB_WDI_NY_GDP_PCAP_CD,CHL,_T,_T,_T,_Z,_Z,_Z,2008,A,USD,NA
3523.443021,P1Y,0,NA,A,PU,_Z,2,NA,NA,FALSE,WB_WDI,WB_WDI_NY_GDP_PCAP_CD,CHN,_T,_T,_T,_Z,_Z,_Z,2008,A,USD,NA
5541.836297,P1Y,0,NA,A,PU,_Z,2,NA,NA,FALSE,WB_WDI,WB_WDI_NY_GDP_PCAP_CD,COL,_T,_T,_T,_Z,_Z,_Z,2008,A,USD,NA
2889.146771,P1Y,0,NA,A,PU,_Z,2,NA,NA,FALSE,WB_WDI,WB_WDI_NY_GDP_PCAP_CD,XKX,_T,_T,_T,_Z,_Z,_Z,2008,A,USD,NA
55585.188934,P1Y,0,NA,A,PU,_Z,2,NA,NA,FALSE,WB_WDI,WB_WDI_NY_GDP_PCAP_CD,KWT,_T,_T,_T,_Z,_Z,_Z,2008,A,USD,NA
966.388569,P1Y,0,NA,A,PU,_Z,2,NA,NA,FALSE,WB_WDI,WB_WDI_NY_GDP_PCAP_CD,KGZ,_T,_T,_T,_Z,_Z,_Z,2008,A,USD,NA
885.747376,P1Y,0,NA,A,PU,_Z,2,NA,NA,FALSE,WB_WDI,WB_WDI_NY_GDP_PCAP_CD,LAO,_T,_T,_T,_Z,_Z,_Z,2008,A,USD,NA
15677.608086,P1Y,0,NA,A,PU,_Z,2,NA,NA,FALSE,WB_WDI,WB_WDI_NY_GDP_PCAP_CD,LVA,_T,_T,_T,_Z,_Z,_Z,2008,A,USD,NA
5912.045328,P1Y,0,NA,A,PU,_Z,2,NA,NA,FALSE,WB_WDI,WB_WDI_NY_GDP_PCAP_CD,LBN,_T,_T,_T,_Z,_Z,_Z,2008,A,USD,NA
898.482518,P1Y,0,NA,A,PU,_Z,2,NA,NA,FALSE,WB_WDI,WB_WDI_NY_GDP_PCAP_CD,LSO,_T,_T,_T,_Z,_Z,_Z,2008,A,USD,NA
451.713856,P1Y,0,NA,A,PU,_Z,2,NA,NA,FALSE,WB_WDI,WB_WDI_NY_GDP_PCAP_CD,LBR,_T,_T,_T,_Z,_Z,_Z,2008,A,USD,NA
13906.140782,P1Y,0,NA,A,PU,_Z,2,NA,NA,FALSE,WB_WDI,WB_WDI_NY_GDP_PCAP_CD,LBY,_T,_T,_T,_Z,_Z,_Z,2008,A,USD,NA
143249.227302,P1Y,0,NA,A,PU,_Z,2,NA,NA,FALSE,WB_WDI,WB_WDI_NY_GDP_PCAP_CD,LIE,_T,_T,_T,_Z,_Z,_Z,2008,A,USD,NA
14955.534546,P1Y,0,NA,A,PU,_Z,2,NA,NA,FALSE,WB_WDI,WB_WDI_NY_GDP_PCAP_CD,LTU,_T,_T,_T,_Z,_Z,_Z,2008,A,USD,NA
120422.137934,P1Y,0,NA,A,PU,_Z,2,NA,NA,FALSE,WB_WDI,WB_WDI_NY_GDP_PCAP_CD,LUX,_T,_T,_T,_Z,_Z,_Z,2008,A,USD,NA
38888.511804,P1Y,0,NA,A,PU,_Z,2,NA,NA,FALSE,WB_WDI,WB_WDI_NY_GDP_PCAP_CD,MAC,_T,_T,_T,_Z,_Z,_Z,2008,A,USD,NA
8944.110266,P1Y,0,NA,A,PU,_Z,2,NA,NA,FALSE,WB_WDI,WB_WDI_NY_GDP_PCAP_CD,ARG,_T,_T,_T,_Z,_Z,_Z,2008,A,USD,NA
3777.668593,P1Y,0,NA,A,PU,_Z,2,NA,NA,FALSE,WB_WDI,WB_WDI_NY_GDP_PCAP_CD,ARM,_T,_T,_T,_Z,_Z,_Z,2008,A,USD,NA
28171.909401,P1Y,0,NA,A,PU,_Z,2,NA,NA,FALSE,WB_WDI,WB_WDI_NY_GDP_PCAP_CD,ABW,_T,_T,_T,_Z,_Z,_Z,2008,A,USD,NA
49811.206722,P1Y,0,NA,A,PU,_Z,2,NA,NA,FALSE,WB_WDI,WB_WDI_NY_GDP_PCAP_CD,AUS,_T,_T,_T,_Z,_Z,_Z,2008,A,USD,NA
51581.398236,P1Y,0,NA,A,PU,_Z,2,NA,NA,FALSE,WB_WDI,WB_WDI_NY_GDP_PCAP_CD,AUT,_T,_T,_T,_Z,_Z,_Z,2008,A,USD,NA
5574.468104,P1Y,0,NA,A,PU,_Z,2,NA,NA,FALSE,WB_WDI,WB_WDI_NY_GDP_PCAP_CD,AZE,_T,_T,_T,_Z,_Z,_Z,2008,A,USD,NA
29392.382442,P1Y,0,NA,A,PU,_Z,2,NA,NA,FALSE,WB_WDI,WB_WDI_NY_GDP_PCAP_CD,BHS,_T,_T,_T,_Z,_Z,_Z,2008,A,USD,NA
23299.499278,P1Y,0,NA,A,PU,_Z,2,NA,NA,FALSE,WB_WDI,WB_WDI_NY_GDP_PCAP_CD,BHR,_T,_T,_T,_Z,_Z,_Z,2008,A,USD,NA
613.062041,P1Y,0,NA,A,PU,_Z,2,NA,NA,FALSE,WB_WDI,WB_WDI_NY_GDP_PCAP_CD,BGD,_T,_T,_T,_Z,_Z,_Z,2008,A,USD,NA
17565.692997,P1Y,0,NA,A,PU,_Z,2,NA,NA,FALSE,WB_WDI,WB_WDI_NY_GDP_PCAP_CD,BRB,_T,_T,_T,_Z,_Z,_Z,2008,A,USD,NA
6376.175692,P1Y,0,NA,A,PU,_Z,2,NA,NA,FALSE,WB_WDI,WB_WDI_NY_GDP_PCAP_CD,BLR,_T,_T,_T,_Z,_Z,_Z,2008,A,USD,NA
48303.397956,P1Y,0,NA,A,PU,_Z,2,NA,NA,FALSE,WB_WDI,WB_WDI_NY_GDP_PCAP_CD,BEL,_T,_T,_T,_Z,_Z,_Z,2008,A,USD,NA
13708.75259,P1Y,0,NA,A,PU,_Z,2,NA,NA,FALSE,WB_WDI,WB_WDI_NY_GDP_PCAP_CD,CSS,_T,_T,_T,_Z,_Z,_Z,2017,A,USD,NA
14339.848859,P1Y,0,NA,A,PU,_Z,2,NA,NA,FALSE,WB_WDI,WB_WDI_NY_GDP_PCAP_CD,CEB,_T,_T,_T,_Z,_Z,_Z,2017,A,USD,NA
3457.917195,P1Y,0,NA,A,PU,_Z,2,NA,NA,FALSE,WB_WDI,WB_WDI_NY_GDP_PCAP_CD,EAR,_T,_T,_T,_Z,_Z,_Z,2017,A,USD,NA
10612.793079,P1Y,0,NA,A,PU,_Z,2,NA,NA,FALSE,WB_WDI,WB_WDI_NY_GDP_PCAP_CD,EAS,_T,_T,_T,_Z,_Z,_Z,2017,A,USD,NA
7241.983213,P1Y,0,NA,A,PU,_Z,2,NA,NA,FALSE,WB_WDI,WB_WDI_NY_GDP_PCAP_CD,EAP,_T,_T,_T,_Z,_Z,_Z,2017,A,USD,NA
7323.571124,P1Y,0,NA,A,PU,_Z,2,NA,NA,FALSE,WB_WDI,WB_WDI_NY_GDP_PCAP_CD,TEA,_T,_T,_T,_Z,_Z,_Z,2017,A,USD,NA
36691.210917,P1Y,0,NA,A,PU,_Z,2,NA,NA,FALSE,WB_WDI,WB_WDI_NY_GDP_PCAP_CD,EMU,_T,_T,_T,_Z,_Z,_Z,2017,A,USD,NA
23839.731972,P1Y,0,NA,A,PU,_Z,2,NA,NA,FALSE,WB_WDI,WB_WDI_NY_GDP_PCAP_CD,ECS,_T,_T,_T,_Z,_Z,_Z,2017,A,USD,NA
6129.930835,P1Y,0,NA,A,PU,_Z,2,NA,NA,FALSE,WB_WDI,WB_WDI_NY_GDP_PCAP_CD,ECA,_T,_T,_T,_Z,_Z,_Z,2017,A,USD,NA
8571.09823,P1Y,0,NA,A,PU,_Z,2,NA,NA,FALSE,WB_WDI,WB_WDI_NY_GDP_PCAP_CD,TEC,_T,_T,_T,_Z,_Z,_Z,2017,A,USD,NA
33394.594493,P1Y,0,NA,A,PU,_Z,2,NA,NA,FALSE,WB_WDI,WB_WDI_NY_GDP_PCAP_CD,EUU,_T,_T,_T,_Z,_Z,_Z,2017,A,USD,NA
944.105801,P1Y,0,NA,A,PU,_Z,2,NA,NA,FALSE,WB_WDI,WB_WDI_NY_GDP_PCAP_CD,HPC,_T,_T,_T,_Z,_Z,_Z,2017,A,USD,NA
38970.466037,P1Y,0,NA,A,PU,_Z,2,NA,NA,FALSE,WB_WDI,WB_WDI_NY_GDP_PCAP_CD,HIC,_T,_T,_T,_Z,_Z,_Z,2017,A,USD,NA
9183.552483,P1Y,0,NA,A,PU,_Z,2,NA,NA,FALSE,WB_WDI,WB_WDI_NY_GDP_PCAP_CD,LCN,_T,_T,_T,_Z,_Z,_Z,2010,A,USD,NA
8899.090669,P1Y,0,NA,A,PU,_Z,2,NA,NA,FALSE,WB_WDI,WB_WDI_NY_GDP_PCAP_CD,LAC,_T,_T,_T,_Z,_Z,_Z,2010,A,USD,NA
9115.373725,P1Y,0,NA,A,PU,_Z,2,NA,NA,FALSE,WB_WDI,WB_WDI_NY_GDP_PCAP_CD,TLA,_T,_T,_T,_Z,_Z,_Z,2010,A,USD,NA
831.843841,P1Y,0,NA,A,PU,_Z,2,NA,NA,FALSE,WB_WDI,WB_WDI_NY_GDP_PCAP_CD,LDC,_T,_T,_T,_Z,_Z,_Z,2010,A,USD,NA
3399.250913,P1Y,0,NA,A,PU,_Z,2,NA,NA,FALSE,WB_WDI,WB_WDI_NY_GDP_PCAP_CD,LMY,_T,_T,_T,_Z,_Z,_Z,2010,A,USD,NA
736.837103,P1Y,0,NA,A,PU,_Z,2,NA,NA,FALSE,WB_WDI,WB_WDI_NY_GDP_PCAP_CD,LIC,_T,_T,_T,_Z,_Z,_Z,2010,A,USD,NA
1586.514686,P1Y,0,NA,A,PU,_Z,2,NA,NA,FALSE,WB_WDI,WB_WDI_NY_GDP_PCAP_CD,LMC,_T,_T,_T,_Z,_Z,_Z,2010,A,USD,NA
4874.743746,P1Y,0,NA,A,PU,_Z,2,NA,NA,FALSE,WB_WDI,WB_WDI_NY_GDP_PCAP_CD,MEA,_T,_T,_T,_Z,_Z,_Z,2010,A,USD,NA
2821.508666,P1Y,0,NA,A,PU,_Z,2,NA,NA,FALSE,WB_WDI,WB_WDI_NY_GDP_PCAP_CD,MNA,_T,_T,_T,_Z,_Z,_Z,2010,A,USD,NA
2823.254079,P1Y,0,NA,A,PU,_Z,2,NA,NA,FALSE,WB_WDI,WB_WDI_NY_GDP_PCAP_CD,TMN,_T,_T,_T,_Z,_Z,_Z,2010,A,USD,NA
3664.921623,P1Y,0,NA,A,PU,_Z,2,NA,NA,FALSE,WB_WDI,WB_WDI_NY_GDP_PCAP_CD,MIC,_T,_T,_T,_Z,_Z,_Z,2010,A,USD,NA
48545.811319,P1Y,0,NA,A,PU,_Z,2,NA,NA,FALSE,WB_WDI,WB_WDI_NY_GDP_PCAP_CD,NAC,_T,_T,_T,_Z,_Z,_Z,2010,A,USD,NA
35218.237701,P1Y,0,NA,A,PU,_Z,2,NA,NA,FALSE,WB_WDI,WB_WDI_NY_GDP_PCAP_CD,OED,_T,_T,_T,_Z,_Z,_Z,2010,A,USD,NA
51060.324259,P1Y,0,NA,A,PU,_Z,2,NA,NA,FALSE,WB_WDI,WB_WDI_NY_GDP_PCAP_CD,FIN,_T,_T,_T,_Z,_Z,_Z,2011,A,USD,NA
43929.784087,P1Y,0,NA,A,PU,_Z,2,NA,NA,FALSE,WB_WDI,WB_WDI_NY_GDP_PCAP_CD,FRA,_T,_T,_T,_Z,_Z,_Z,2011,A,USD,NA
22831.518535,P1Y,0,NA,A,PU,_Z,2,NA,NA,FALSE,WB_WDI,WB_WDI_NY_GDP_PCAP_CD,PYF,_T,_T,_T,_Z,_Z,_Z,2011,A,USD,NA
10219.113934,P1Y,0,NA,A,PU,_Z,2,NA,NA,FALSE,WB_WDI,WB_WDI_NY_GDP_PCAP_CD,GAB,_T,_T,_T,_Z,_Z,_Z,2011,A,USD,NA
710.608411,P1Y,0,NA,A,PU,_Z,2,NA,NA,FALSE,WB_WDI,WB_WDI_NY_GDP_PCAP_CD,GMB,_T,_T,_T,_Z,_Z,_Z,2011,A,USD,NA
4119.668183,P1Y,0,NA,A,PU,_Z,2,NA,NA,FALSE,WB_WDI,WB_WDI_NY_GDP_PCAP_CD,GEO,_T,_T,_T,_Z,_Z,_Z,2011,A,USD,NA
47630.976188,P1Y,0,NA,A,PU,_Z,2,NA,NA,FALSE,WB_WDI,WB_WDI_NY_GDP_PCAP_CD,DEU,_T,_T,_T,_Z,_Z,_Z,2011,A,USD,NA
1507.435732,P1Y,0,NA,A,PU,_Z,2,NA,NA,FALSE,WB_WDI,WB_WDI_NY_GDP_PCAP_CD,GHA,_T,_T,_T,_Z,_Z,_Z,2011,A,USD,NA
25504.786651,P1Y,0,NA,A,PU,_Z,2,NA,NA,FALSE,WB_WDI,WB_WDI_NY_GDP_PCAP_CD,GRC,_T,_T,_T,_Z,_Z,_Z,2011,A,USD,NA
47186.875997,P1Y,0,NA,A,PU,_Z,2,NA,NA,FALSE,WB_WDI,WB_WDI_NY_GDP_PCAP_CD,GRL,_T,_T,_T,_Z,_Z,_Z,2011,A,USD,NA
6947.381361,P1Y,0,NA,A,PU,_Z,2,NA,NA,FALSE,WB_WDI,WB_WDI_NY_GDP_PCAP_CD,GRD,_T,_T,_T,_Z,_Z,_Z,2011,A,USD,NA
29926.205244,P1Y,0,NA,A,PU,_Z,2,NA,NA,FALSE,WB_WDI,WB_WDI_NY_GDP_PCAP_CD,GUM,_T,_T,_T,_Z,_Z,_Z,2011,A,USD,NA
20038.416318,P1Y,0,NA,A,PU,_Z,2,NA,NA,FALSE,WB_WDI,WB_WDI_NY_GDP_PCAP_CD,CZE,_T,_T,_T,_Z,_Z,_Z,2014,A,USD,NA
62520.450975,P1Y,0,NA,A,PU,_Z,2,NA,NA,FALSE,WB_WDI,WB_WDI_NY_GDP_PCAP_CD,DNK,_T,_T,_T,_Z,_Z,_Z,2014,A,USD,NA
2214.620841,P1Y,0,NA,A,PU,_Z,2,NA,NA,FALSE,WB_WDI,WB_WDI_NY_GDP_PCAP_CD,DJI,_T,_T,_T,_Z,_Z,_Z,2014,A,USD,NA
8131.748761,P1Y,0,NA,A,PU,_Z,2,NA,NA,FALSE,WB_WDI,WB_WDI_NY_GDP_PCAP_CD,DMA,_T,_T,_T,_Z,_Z,_Z,2014,A,USD,NA
6496.45167,P1Y,0,NA,A,PU,_Z,2,NA,NA,FALSE,WB_WDI,WB_WDI_NY_GDP_PCAP_CD,DOM,_T,_T,_T,_Z,_Z,_Z,2014,A,USD,NA
6405.799793,P1Y,0,NA,A,PU,_Z,2,NA,NA,FALSE,WB_WDI,WB_WDI_NY_GDP_PCAP_CD,ECU,_T,_T,_T,_Z,_Z,_Z,2014,A,USD,NA
3133.391023,P1Y,0,NA,A,PU,_Z,2,NA,NA,FALSE,WB_WDI,WB_WDI_NY_GDP_PCAP_CD,EGY,_T,_T,_T,_Z,_Z,_Z,2014,A,USD,NA
3666.012489,P1Y,0,NA,A,PU,_Z,2,NA,NA,FALSE,WB_WDI,WB_WDI_NY_GDP_PCAP_CD,SLV,_T,_T,_T,_Z,_Z,_Z,2014,A,USD,NA
15548.662466,P1Y,0,NA,A,PU,_Z,2,NA,NA,FALSE,WB_WDI,WB_WDI_NY_GDP_PCAP_CD,GNQ,_T,_T,_T,_Z,_Z,_Z,2014,A,USD,NA
20581.789899,P1Y,0,NA,A,PU,_Z,2,NA,NA,FALSE,WB_WDI,WB_WDI_NY_GDP_PCAP_CD,EST,_T,_T,_T,_Z,_Z,_Z,2014,A,USD,NA
2462.201273,P1Y,0,NA,A,PU,_Z,2,NA,NA,FALSE,WB_WDI,WB_WDI_NY_GDP_PCAP_CD,SYR,_T,_T,_T,_Z,_Z,_Z,2009,A,USD,NA
664.795656,P1Y,0,NA,A,PU,_Z,2,NA,NA,FALSE,WB_WDI,WB_WDI_NY_GDP_PCAP_CD,TJK,_T,_T,_T,_Z,_Z,_Z,2009,A,USD,NA
693.823547,P1Y,0,NA,A,PU,_Z,2,NA,NA,FALSE,WB_WDI,WB_WDI_NY_GDP_PCAP_CD,TZA,_T,_T,_T,_Z,_Z,_Z,2009,A,USD,NA
4135.43987,P1Y,0,NA,A,PU,_Z,2,NA,NA,FALSE,WB_WDI,WB_WDI_NY_GDP_PCAP_CD,THA,_T,_T,_T,_Z,_Z,_Z,2009,A,USD,NA
686.579296,P1Y,0,NA,A,PU,_Z,2,NA,NA,FALSE,WB_WDI,WB_WDI_NY_GDP_PCAP_CD,TLS,_T,_T,_T,_Z,_Z,_Z,2009,A,USD,NA
770.17287,P1Y,0,NA,A,PU,_Z,2,NA,NA,FALSE,WB_WDI,WB_WDI_NY_GDP_PCAP_CD,TGO,_T,_T,_T,_Z,_Z,_Z,2009,A,USD,NA
2914.23774,P1Y,0,NA,A,PU,_Z,2,NA,NA,FALSE,WB_WDI,WB_WDI_NY_GDP_PCAP_CD,TON,_T,_T,_T,_Z,_Z,_Z,2009,A,USD,NA
14634.0565,P1Y,0,NA,A,PU,_Z,2,NA,NA,FALSE,WB_WDI,WB_WDI_NY_GDP_PCAP_CD,TTO,_T,_T,_T,_Z,_Z,_Z,2009,A,USD,NA
4080.090324,P1Y,0,NA,A,PU,_Z,2,NA,NA,FALSE,WB_WDI,WB_WDI_NY_GDP_PCAP_CD,TUN,_T,_T,_T,_Z,_Z,_Z,2009,A,USD,NA
9076.924722,P1Y,0,NA,A,PU,_Z,2,NA,NA,FALSE,WB_WDI,WB_WDI_NY_GDP_PCAP_CD,TUR,_T,_T,_T,_Z,_Z,_Z,2009,A,USD,NA
3707.978507,P1Y,0,NA,A,PU,_Z,2,NA,NA,FALSE,WB_WDI,WB_WDI_NY_GDP_PCAP_CD,TKM,_T,_T,_T,_Z,_Z,_Z,2009,A,USD,NA
47551.674084,P1Y,0,NA,A,PU,_Z,2,NA,NA,FALSE,WB_WDI,WB_WDI_NY_GDP_PCAP_CD,FIN,_T,_T,_T,_Z,_Z,_Z,2012,A,USD,NA
40863.581441,P1Y,0,NA,A,PU,_Z,2,NA,NA,FALSE,WB_WDI,WB_WDI_NY_GDP_PCAP_CD,FRA,_T,_T,_T,_Z,_Z,_Z,2012,A,USD,NA
20846.545748,P1Y,0,NA,A,PU,_Z,2,NA,NA,FALSE,WB_WDI,WB_WDI_NY_GDP_PCAP_CD,PYF,_T,_T,_T,_Z,_Z,_Z,2012,A,USD,NA
9296.965879,P1Y,0,NA,A,PU,_Z,2,NA,NA,FALSE,WB_WDI,WB_WDI_NY_GDP_PCAP_CD,GAB,_T,_T,_T,_Z,_Z,_Z,2012,A,USD,NA
692.579362,P1Y,0,NA,A,PU,_Z,2,NA,NA,FALSE,WB_WDI,WB_WDI_NY_GDP_PCAP_CD,GMB,_T,_T,_T,_Z,_Z,_Z,2012,A,USD,NA
4530.695334,P1Y,0,NA,A,PU,_Z,2,NA,NA,FALSE,WB_WDI,WB_WDI_NY_GDP_PCAP_CD,GEO,_T,_T,_T,_Z,_Z,_Z,2012,A,USD,NA
44718.015921,P1Y,0,NA,A,PU,_Z,2,NA,NA,FALSE,WB_WDI,WB_WDI_NY_GDP_PCAP_CD,DEU,_T,_T,_T,_Z,_Z,_Z,2012,A,USD,NA
1543.775242,P1Y,0,NA,A,PU,_Z,2,NA,NA,FALSE,WB_WDI,WB_WDI_NY_GDP_PCAP_CD,GHA,_T,_T,_T,_Z,_Z,_Z,2012,A,USD,NA
21624.346053,P1Y,0,NA,A,PU,_Z,2,NA,NA,FALSE,WB_WDI,WB_WDI_NY_GDP_PCAP_CD,GRC,_T,_T,_T,_Z,_Z,_Z,2012,A,USD,NA
45936.956282,P1Y,0,NA,A,PU,_Z,2,NA,NA,FALSE,WB_WDI,WB_WDI_NY_GDP_PCAP_CD,GRL,_T,_T,_T,_Z,_Z,_Z,2012,A,USD,NA
7092.719854,P1Y,0,NA,A,PU,_Z,2,NA,NA,FALSE,WB_WDI,WB_WDI_NY_GDP_PCAP_CD,GRD,_T,_T,_T,_Z,_Z,_Z,2012,A,USD,NA
28529.732469,P1Y,0,NA,A,PU,_Z,2,NA,NA,FALSE,WB_WDI,WB_WDI_NY_GDP_PCAP_CD,SXM,_T,_T,_T,_Z,_Z,_Z,2013,A,USD,NA
18312.780515,P1Y,0,NA,A,PU,_Z,2,NA,NA,FALSE,WB_WDI,WB_WDI_NY_GDP_PCAP_CD,SVK,_T,_T,_T,_Z,_Z,_Z,2013,A,USD,NA
23236.965532,P1Y,0,NA,A,PU,_Z,2,NA,NA,FALSE,WB_WDI,WB_WDI_NY_GDP_PCAP_CD,SVN,_T,_T,_T,_Z,_Z,_Z,2013,A,USD,NA
2161.386275,P1Y,0,NA,A,PU,_Z,2,NA,NA,FALSE,WB_WDI,WB_WDI_NY_GDP_PCAP_CD,SLB,_T,_T,_T,_Z,_Z,_Z,2013,A,USD,NA
393.398704,P1Y,0,NA,A,PU,_Z,2,NA,NA,FALSE,WB_WDI,WB_WDI_NY_GDP_PCAP_CD,SOM,_T,_T,_T,_Z,_Z,_Z,2013,A,USD,NA
7331.654674,P1Y,0,NA,A,PU,_Z,2,NA,NA,FALSE,WB_WDI,WB_WDI_NY_GDP_PCAP_CD,ZAF,_T,_T,_T,_Z,_Z,_Z,2013,A,USD,NA
1650.189434,P1Y,0,NA,A,PU,_Z,2,NA,NA,FALSE,WB_WDI,WB_WDI_NY_GDP_PCAP_CD,SSD,_T,_T,_T,_Z,_Z,_Z,2013,A,USD,NA
29228.84656,P1Y,0,NA,A,PU,_Z,2,NA,NA,FALSE,WB_WDI,WB_WDI_NY_GDP_PCAP_CD,ESP,_T,_T,_T,_Z,_Z,_Z,2013,A,USD,NA
3739.431823,P1Y,0,NA,A,PU,_Z,2,NA,NA,FALSE,WB_WDI,WB_WDI_NY_GDP_PCAP_CD,LKA,_T,_T,_T,_Z,_Z,_Z,2013,A,USD,NA
18580.130195,P1Y,0,NA,A,PU,_Z,2,NA,NA,FALSE,WB_WDI,WB_WDI_NY_GDP_PCAP_CD,KNA,_T,_T,_T,_Z,_Z,_Z,2013,A,USD,NA
9577.217338,P1Y,0,NA,A,PU,_Z,2,NA,NA,FALSE,WB_WDI,WB_WDI_NY_GDP_PCAP_CD,LCA,_T,_T,_T,_Z,_Z,_Z,2013,A,USD,NA
7072.467372,P1Y,0,NA,A,PU,_Z,2,NA,NA,FALSE,WB_WDI,WB_WDI_NY_GDP_PCAP_CD,VCT,_T,_T,_T,_Z,_Z,_Z,2013,A,USD,NA
16636.076913,P1Y,0,NA,A,PU,_Z,2,NA,NA,FALSE,WB_WDI,WB_WDI_NY_GDP_PCAP_CD,SVK,_T,_T,_T,_Z,_Z,_Z,2016,A,USD,NA
21447.83778,P1Y,0,NA,A,PU,_Z,2,NA,NA,FALSE,WB_WDI,WB_WDI_NY_GDP_PCAP_CD,SVN,_T,_T,_T,_Z,_Z,_Z,2016,A,USD,NA
2082.623831,P1Y,0,NA,A,PU,_Z,2,NA,NA,FALSE,WB_WDI,WB_WDI_NY_GDP_PCAP_CD,SLB,_T,_T,_T,_Z,_Z,_Z,2016,A,USD,NA
460.928491,P1Y,0,NA,A,PU,_Z,2,NA,NA,FALSE,WB_WDI,WB_WDI_NY_GDP_PCAP_CD,SOM,_T,_T,_T,_Z,_Z,_Z,2016,A,USD,NA
5651.205852,P1Y,0,NA,A,PU,_Z,2,NA,NA,FALSE,WB_WDI,WB_WDI_NY_GDP_PCAP_CD,ZAF,_T,_T,_T,_Z,_Z,_Z,2016,A,USD,NA
26755.606115,P1Y,0,NA,A,PU,_Z,2,NA,NA,FALSE,WB_WDI,WB_WDI_NY_GDP_PCAP_CD,ESP,_T,_T,_T,_Z,_Z,_Z,2016,A,USD,NA
4149.191894,P1Y,0,NA,A,PU,_Z,2,NA,NA,FALSE,WB_WDI,WB_WDI_NY_GDP_PCAP_CD,LKA,_T,_T,_T,_Z,_Z,_Z,2016,A,USD,NA
21387.541551,P1Y,0,NA,A,PU,_Z,2,NA,NA,FALSE,WB_WDI,WB_WDI_NY_GDP_PCAP_CD,KNA,_T,_T,_T,_Z,_Z,_Z,2016,A,USD,NA
10638.12694,P1Y,0,NA,A,PU,_Z,2,NA,NA,FALSE,WB_WDI,WB_WDI_NY_GDP_PCAP_CD,LCA,_T,_T,_T,_Z,_Z,_Z,2016,A,USD,NA
7656.900429,P1Y,0,NA,A,PU,_Z,2,NA,NA,FALSE,WB_WDI,WB_WDI_NY_GDP_PCAP_CD,VCT,_T,_T,_T,_Z,_Z,_Z,2016,A,USD,NA
1033.215942,P1Y,0,NA,A,PU,_Z,2,NA,NA,FALSE,WB_WDI,WB_WDI_NY_GDP_PCAP_CD,SDN,_T,_T,_T,_Z,_Z,_Z,2016,A,USD,NA
6800.953094,P1Y,0,NA,A,PU,_Z,2,NA,NA,FALSE,WB_WDI,WB_WDI_NY_GDP_PCAP_CD,DOM,_T,_T,_T,_Z,_Z,_Z,2015,A,USD,NA
5976.159681,P1Y,0,NA,A,PU,_Z,2,NA,NA,FALSE,WB_WDI,WB_WDI_NY_GDP_PCAP_CD,ECU,_T,_T,_T,_Z,_Z,_Z,2015,A,USD,NA
3306.981594,P1Y,0,NA,A,PU,_Z,2,NA,NA,FALSE,WB_WDI,WB_WDI_NY_GDP_PCAP_CD,EGY,_T,_T,_T,_Z,_Z,_Z,2015,A,USD,NA
3790.340891,P1Y,0,NA,A,PU,_Z,2,NA,NA,FALSE,WB_WDI,WB_WDI_NY_GDP_PCAP_CD,SLV,_T,_T,_T,_Z,_Z,_Z,2015,A,USD,NA
9068.910032,P1Y,0,NA,A,PU,_Z,2,NA,NA,FALSE,WB_WDI,WB_WDI_NY_GDP_PCAP_CD,GNQ,_T,_T,_T,_Z,_Z,_Z,2015,A,USD,NA
17722.155767,P1Y,0,NA,A,PU,_Z,2,NA,NA,FALSE,WB_WDI,WB_WDI_NY_GDP_PCAP_CD,EST,_T,_T,_T,_Z,_Z,_Z,2015,A,USD,NA
3419.822766,P1Y,0,NA,A,PU,_Z,2,NA,NA,FALSE,WB_WDI,WB_WDI_NY_GDP_PCAP_CD,SWZ,_T,_T,_T,_Z,_Z,_Z,2015,A,USD,NA
597.912113,P1Y,0,NA,A,PU,_Z,2,NA,NA,FALSE,WB_WDI,WB_WDI_NY_GDP_PCAP_CD,ETH,_T,_T,_T,_Z,_Z,_Z,2015,A,USD,NA
52638.266822,P1Y,0,NA,A,PU,_Z,2,NA,NA,FALSE,WB_WDI,WB_WDI_NY_GDP_PCAP_CD,FRO,_T,_T,_T,_Z,_Z,_Z,2015,A,USD,NA
5097.531069,P1Y,0,NA,A,PU,_Z,2,NA,NA,FALSE,WB_WDI,WB_WDI_NY_GDP_PCAP_CD,FJI,_T,_T,_T,_Z,_Z,_Z,2015,A,USD,NA
1150.937586,P1Y,0,NA,A,PU,_Z,2,NA,NA,FALSE,WB_WDI,WB_WDI_NY_GDP_PCAP_CD,DJI,_T,_T,_T,_Z,_Z,_Z,2009,A,USD,NA
7487.490104,P1Y,0,NA,A,PU,_Z,2,NA,NA,FALSE,WB_WDI,WB_WDI_NY_GDP_PCAP_CD,DMA,_T,_T,_T,_Z,_Z,_Z,2009,A,USD,NA
4973.95187,P1Y,0,NA,A,PU,_Z,2,NA,NA,FALSE,WB_WDI,WB_WDI_NY_GDP_PCAP_CD,DOM,_T,_T,_T,_Z,_Z,_Z,2009,A,USD,NA
4053.363311,P1Y,0,NA,A,PU,_Z,2,NA,NA,FALSE,WB_WDI,WB_WDI_NY_GDP_PCAP_CD,ECU,_T,_T,_T,_Z,_Z,_Z,2009,A,USD,NA
2161.639646,P1Y,0,NA,A,PU,_Z,2,NA,NA,FALSE,WB_WDI,WB_WDI_NY_GDP_PCAP_CD,EGY,_T,_T,_T,_Z,_Z,_Z,2009,A,USD,NA
2910.186518,P1Y,0,NA,A,PU,_Z,2,NA,NA,FALSE,WB_WDI,WB_WDI_NY_GDP_PCAP_CD,SLV,_T,_T,_T,_Z,_Z,_Z,2009,A,USD,NA
13232.501938,P1Y,0,NA,A,PU,_Z,2,NA,NA,FALSE,WB_WDI,WB_WDI_NY_GDP_PCAP_CD,GNQ,_T,_T,_T,_Z,_Z,_Z,2009,A,USD,NA
642.925723,P1Y,0,NA,A,PU,_Z,2,NA,NA,FALSE,WB_WDI,WB_WDI_NY_GDP_PCAP_CD,ERI,_T,_T,_T,_Z,_Z,_Z,2009,A,USD,NA
14712.449422,P1Y,0,NA,A,PU,_Z,2,NA,NA,FALSE,WB_WDI,WB_WDI_NY_GDP_PCAP_CD,EST,_T,_T,_T,_Z,_Z,_Z,2009,A,USD,NA
3189.7968,P1Y,0,NA,A,PU,_Z,2,NA,NA,FALSE,WB_WDI,WB_WDI_NY_GDP_PCAP_CD,SWZ,_T,_T,_T,_Z,_Z,_Z,2009,A,USD,NA
368.574712,P1Y,0,NA,A,PU,_Z,2,NA,NA,FALSE,WB_WDI,WB_WDI_NY_GDP_PCAP_CD,ETH,_T,_T,_T,_Z,_Z,_Z,2009,A,USD,NA
2987.545235,P1Y,0,NA,A,PU,_Z,2,NA,NA,FALSE,WB_WDI,WB_WDI_NY_GDP_PCAP_CD,XKX,_T,_T,_T,_Z,_Z,_Z,2010,A,USD,NA
39212.25222,P1Y,0,NA,A,PU,_Z,2,NA,NA,FALSE,WB_WDI,WB_WDI_NY_GDP_PCAP_CD,KWT,_T,_T,_T,_Z,_Z,_Z,2010,A,USD,NA
876.954476,P1Y,0,NA,A,PU,_Z,2,NA,NA,FALSE,WB_WDI,WB_WDI_NY_GDP_PCAP_CD,KGZ,_T,_T,_T,_Z,_Z,_Z,2010,A,USD,NA
1125.916102,P1Y,0,NA,A,PU,_Z,2,NA,NA,FALSE,WB_WDI,WB_WDI_NY_GDP_PCAP_CD,LAO,_T,_T,_T,_Z,_Z,_Z,2010,A,USD,NA
11188.41917,P1Y,0,NA,A,PU,_Z,2,NA,NA,FALSE,WB_WDI,WB_WDI_NY_GDP_PCAP_CD,LVA,_T,_T,_T,_Z,_Z,_Z,2010,A,USD,NA
7625.810516,P1Y,0,NA,A,PU,_Z,2,NA,NA,FALSE,WB_WDI,WB_WDI_NY_GDP_PCAP_CD,LBN,_T,_T,_T,_Z,_Z,_Z,2010,A,USD,NA
1119.475578,P1Y,0,NA,A,PU,_Z,2,NA,NA,FALSE,WB_WDI,WB_WDI_NY_GDP_PCAP_CD,LSO,_T,_T,_T,_Z,_Z,_Z,2010,A,USD,NA
492.252808,P1Y,0,NA,A,PU,_Z,2,NA,NA,FALSE,WB_WDI,WB_WDI_NY_GDP_PCAP_CD,LBR,_T,_T,_T,_Z,_Z,_Z,2010,A,USD,NA
11600.906865,P1Y,0,NA,A,PU,_Z,2,NA,NA,FALSE,WB_WDI,WB_WDI_NY_GDP_PCAP_CD,LBY,_T,_T,_T,_Z,_Z,_Z,2010,A,USD,NA
141089.812849,P1Y,0,NA,A,PU,_Z,2,NA,NA,FALSE,WB_WDI,WB_WDI_NY_GDP_PCAP_CD,LIE,_T,_T,_T,_Z,_Z,_Z,2010,A,USD,NA
11829.122609,P1Y,0,NA,A,PU,_Z,2,NA,NA,FALSE,WB_WDI,WB_WDI_NY_GDP_PCAP_CD,LTU,_T,_T,_T,_Z,_Z,_Z,2010,A,USD,NA
110885.991379,P1Y,0,NA,A,PU,_Z,2,NA,NA,FALSE,WB_WDI,WB_WDI_NY_GDP_PCAP_CD,LUX,_T,_T,_T,_Z,_Z,_Z,2010,A,USD,NA
28149.099786,P1Y,0,NA,A,PU,_Z,2,NA,NA,FALSE,WB_WDI,WB_WDI_NY_GDP_PCAP_CD,SXM,_T,_T,_T,_Z,_Z,_Z,2012,A,USD,NA
17516.969105,P1Y,0,NA,A,PU,_Z,2,NA,NA,FALSE,WB_WDI,WB_WDI_NY_GDP_PCAP_CD,SVK,_T,_T,_T,_Z,_Z,_Z,2012,A,USD,NA
22442.141786,P1Y,0,NA,A,PU,_Z,2,NA,NA,FALSE,WB_WDI,WB_WDI_NY_GDP_PCAP_CD,SVN,_T,_T,_T,_Z,_Z,_Z,2012,A,USD,NA
2066.257386,P1Y,0,NA,A,PU,_Z,2,NA,NA,FALSE,WB_WDI,WB_WDI_NY_GDP_PCAP_CD,SLB,_T,_T,_T,_Z,_Z,_Z,2012,A,USD,NA
350.261947,P1Y,0,NA,A,PU,_Z,2,NA,NA,FALSE,WB_WDI,WB_WDI_NY_GDP_PCAP_CD,SOM,_T,_T,_T,_Z,_Z,_Z,2012,A,USD,NA
8076.976785,P1Y,0,NA,A,PU,_Z,2,NA,NA,FALSE,WB_WDI,WB_WDI_NY_GDP_PCAP_CD,ZAF,_T,_T,_T,_Z,_Z,_Z,2012,A,USD,NA
1109.260501,P1Y,0,NA,A,PU,_Z,2,NA,NA,FALSE,WB_WDI,WB_WDI_NY_GDP_PCAP_CD,SSD,_T,_T,_T,_Z,_Z,_Z,2012,A,USD,NA
28456.443815,P1Y,0,NA,A,PU,_Z,2,NA,NA,FALSE,WB_WDI,WB_WDI_NY_GDP_PCAP_CD,ESP,_T,_T,_T,_Z,_Z,_Z,2012,A,USD,NA
3327.776124,P1Y,0,NA,A,PU,_Z,2,NA,NA,FALSE,WB_WDI,WB_WDI_NY_GDP_PCAP_CD,LKA,_T,_T,_T,_Z,_Z,_Z,2012,A,USD,NA
17532.055901,P1Y,0,NA,A,PU,_Z,2,NA,NA,FALSE,WB_WDI,WB_WDI_NY_GDP_PCAP_CD,KNA,_T,_T,_T,_Z,_Z,_Z,2012,A,USD,NA
9260.300066,P1Y,0,NA,A,PU,_Z,2,NA,NA,FALSE,WB_WDI,WB_WDI_NY_GDP_PCAP_CD,LCA,_T,_T,_T,_Z,_Z,_Z,2012,A,USD,NA
6713.807686,P1Y,0,NA,A,PU,_Z,2,NA,NA,FALSE,WB_WDI,WB_WDI_NY_GDP_PCAP_CD,VCT,_T,_T,_T,_Z,_Z,_Z,2012,A,USD,NA
3581.089308,P1Y,0,NA,A,PU,_Z,2,NA,NA,FALSE,WB_WDI,WB_WDI_NY_GDP_PCAP_CD,PER,_T,_T,_T,_Z,_Z,_Z,2007,A,USD,NA
1712.655433,P1Y,0,NA,A,PU,_Z,2,NA,NA,FALSE,WB_WDI,WB_WDI_NY_GDP_PCAP_CD,PHL,_T,_T,_T,_Z,_Z,_Z,2007,A,USD,NA
11272.529368,P1Y,0,NA,A,PU,_Z,2,NA,NA,FALSE,WB_WDI,WB_WDI_NY_GDP_PCAP_CD,POL,_T,_T,_T,_Z,_Z,_Z,2007,A,USD,NA
22811.056484,P1Y,0,NA,A,PU,_Z,2,NA,NA,FALSE,WB_WDI,WB_WDI_NY_GDP_PCAP_CD,PRT,_T,_T,_T,_Z,_Z,_Z,2007,A,USD,NA
23664.882349,P1Y,0,NA,A,PU,_Z,2,NA,NA,FALSE,WB_WDI,WB_WDI_NY_GDP_PCAP_CD,PRI,_T,_T,_T,_Z,_Z,_Z,2007,A,USD,NA
65954.114643,P1Y,0,NA,A,PU,_Z,2,NA,NA,FALSE,WB_WDI,WB_WDI_NY_GDP_PCAP_CD,QAT,_T,_T,_T,_Z,_Z,_Z,2007,A,USD,NA
8360.337759,P1Y,0,NA,A,PU,_Z,2,NA,NA,FALSE,WB_WDI,WB_WDI_NY_GDP_PCAP_CD,ROU,_T,_T,_T,_Z,_Z,_Z,2007,A,USD,NA
9101.239258,P1Y,0,NA,A,PU,_Z,2,NA,NA,FALSE,WB_WDI,WB_WDI_NY_GDP_PCAP_CD,RUS,_T,_T,_T,_Z,_Z,_Z,2007,A,USD,NA
420.733581,P1Y,0,NA,A,PU,_Z,2,NA,NA,FALSE,WB_WDI,WB_WDI_NY_GDP_PCAP_CD,RWA,_T,_T,_T,_Z,_Z,_Z,2007,A,USD,NA
3038.619041,P1Y,0,NA,A,PU,_Z,2,NA,NA,FALSE,WB_WDI,WB_WDI_NY_GDP_PCAP_CD,WSM,_T,_T,_T,_Z,_Z,_Z,2007,A,USD,NA
70124.424998,P1Y,0,NA,A,PU,_Z,2,NA,NA,FALSE,WB_WDI,WB_WDI_NY_GDP_PCAP_CD,SMR,_T,_T,_T,_Z,_Z,_Z,2007,A,USD,NA
878.885792,P1Y,0,NA,A,PU,_Z,2,NA,NA,FALSE,WB_WDI,WB_WDI_NY_GDP_PCAP_CD,STP,_T,_T,_T,_Z,_Z,_Z,2007,A,USD,NA
246.513252,P1Y,0,NA,A,PU,_Z,2,NA,NA,FALSE,WB_WDI,WB_WDI_NY_GDP_PCAP_CD,SOM,_T,_T,_T,_Z,_Z,_Z,2009,A,USD,NA
6374.7056,P1Y,0,NA,A,PU,_Z,2,NA,NA,FALSE,WB_WDI,WB_WDI_NY_GDP_PCAP_CD,ZAF,_T,_T,_T,_Z,_Z,_Z,2009,A,USD,NA
1323.220687,P1Y,0,NA,A,PU,_Z,2,NA,NA,FALSE,WB_WDI,WB_WDI_NY_GDP_PCAP_CD,SSD,_T,_T,_T,_Z,_Z,_Z,2009,A,USD,NA
32279.820848,P1Y,0,NA,A,PU,_Z,2,NA,NA,FALSE,WB_WDI,WB_WDI_NY_GDP_PCAP_CD,ESP,_T,_T,_T,_Z,_Z,_Z,2009,A,USD,NA
2026.6594,P1Y,0,NA,A,PU,_Z,2,NA,NA,FALSE,WB_WDI,WB_WDI_NY_GDP_PCAP_CD,LKA,_T,_T,_T,_Z,_Z,_Z,2009,A,USD,NA
16503.411929,P1Y,0,NA,A,PU,_Z,2,NA,NA,FALSE,WB_WDI,WB_WDI_NY_GDP_PCAP_CD,KNA,_T,_T,_T,_Z,_Z,_Z,2009,A,USD,NA
8250.521807,P1Y,0,NA,A,PU,_Z,2,NA,NA,FALSE,WB_WDI,WB_WDI_NY_GDP_PCAP_CD,LCA,_T,_T,_T,_Z,_Z,_Z,2009,A,USD,NA
6463.787773,P1Y,0,NA,A,PU,_Z,2,NA,NA,FALSE,WB_WDI,WB_WDI_NY_GDP_PCAP_CD,VCT,_T,_T,_T,_Z,_Z,_Z,2009,A,USD,NA
1178.221802,P1Y,0,NA,A,PU,_Z,2,NA,NA,FALSE,WB_WDI,WB_WDI_NY_GDP_PCAP_CD,SDN,_T,_T,_T,_Z,_Z,_Z,2009,A,USD,NA
7129.576863,P1Y,0,NA,A,PU,_Z,2,NA,NA,FALSE,WB_WDI,WB_WDI_NY_GDP_PCAP_CD,SUR,_T,_T,_T,_Z,_Z,_Z,2009,A,USD,NA
46707.642504,P1Y,0,NA,A,PU,_Z,2,NA,NA,FALSE,WB_WDI,WB_WDI_NY_GDP_PCAP_CD,SWE,_T,_T,_T,_Z,_Z,_Z,2009,A,USD,NA
72788.204952,P1Y,0,NA,A,PU,_Z,2,NA,NA,FALSE,WB_WDI,WB_WDI_NY_GDP_PCAP_CD,CHE,_T,_T,_T,_Z,_Z,_Z,2009,A,USD,NA
967.697912,P1Y,0,NA,A,PU,_Z,2,NA,NA,FALSE,WB_WDI,WB_WDI_NY_GDP_PCAP_CD,TSA,_T,_T,_T,_Z,_Z,_Z,2007,A,USD,NA
1391.268036,P1Y,0,NA,A,PU,_Z,2,NA,NA,FALSE,WB_WDI,WB_WDI_NY_GDP_PCAP_CD,SSF,_T,_T,_T,_Z,_Z,_Z,2007,A,USD,NA
1390.099873,P1Y,0,NA,A,PU,_Z,2,NA,NA,FALSE,WB_WDI,WB_WDI_NY_GDP_PCAP_CD,SSA,_T,_T,_T,_Z,_Z,_Z,2007,A,USD,NA
1391.268036,P1Y,0,NA,A,PU,_Z,2,NA,NA,FALSE,WB_WDI,WB_WDI_NY_GDP_PCAP_CD,TSS,_T,_T,_T,_Z,_Z,_Z,2007,A,USD,NA
3790.618026,P1Y,0,NA,A,PU,_Z,2,NA,NA,FALSE,WB_WDI,WB_WDI_NY_GDP_PCAP_CD,UMC,_T,_T,_T,_Z,_Z,_Z,2007,A,USD,NA
8685.331087,P1Y,0,NA,A,PU,_Z,2,NA,NA,FALSE,WB_WDI,WB_WDI_NY_GDP_PCAP_CD,WLD,_T,_T,_T,_Z,_Z,_Z,2007,A,USD,NA
376.223152,P1Y,0,NA,A,PU,_Z,2,NA,NA,FALSE,WB_WDI,WB_WDI_NY_GDP_PCAP_CD,AFG,_T,_T,_T,_Z,_Z,_Z,2007,A,USD,NA
3743.055299,P1Y,0,NA,A,PU,_Z,2,NA,NA,FALSE,WB_WDI,WB_WDI_NY_GDP_PCAP_CD,ALB,_T,_T,_T,_Z,_Z,_Z,2007,A,USD,NA
4167.451699,P1Y,0,NA,A,PU,_Z,2,NA,NA,FALSE,WB_WDI,WB_WDI_NY_GDP_PCAP_CD,DZA,_T,_T,_T,_Z,_Z,_Z,2007,A,USD,NA
9231.372409,P1Y,0,NA,A,PU,_Z,2,NA,NA,FALSE,WB_WDI,WB_WDI_NY_GDP_PCAP_CD,ASM,_T,_T,_T,_Z,_Z,_Z,2007,A,USD,NA
48336.228334,P1Y,0,NA,A,PU,_Z,2,NA,NA,FALSE,WB_WDI,WB_WDI_NY_GDP_PCAP_CD,AND,_T,_T,_T,_Z,_Z,_Z,2007,A,USD,NA
3515.05679,P1Y,0,NA,A,PU,_Z,2,NA,NA,FALSE,WB_WDI,WB_WDI_NY_GDP_PCAP_CD,AGO,_T,_T,_T,_Z,_Z,_Z,2007,A,USD,NA
18204.512404,P1Y,0,NA,A,PU,_Z,2,NA,NA,FALSE,WB_WDI,WB_WDI_NY_GDP_PCAP_CD,ATG,_T,_T,_T,_Z,_Z,_Z,2007,A,USD,NA
7185.251551,P1Y,0,NA,A,PU,_Z,2,NA,NA,FALSE,WB_WDI,WB_WDI_NY_GDP_PCAP_CD,ARG,_T,_T,_T,_Z,_Z,_Z,2007,A,USD,NA
5814.714843,P1Y,0,NA,A,PU,_Z,2,NA,NA,FALSE,WB_WDI,WB_WDI_NY_GDP_PCAP_CD,MEA,_T,_T,_T,_Z,_Z,_Z,2014,A,USD,NA
3079.703989,P1Y,0,NA,A,PU,_Z,2,NA,NA,FALSE,WB_WDI,WB_WDI_NY_GDP_PCAP_CD,MNA,_T,_T,_T,_Z,_Z,_Z,2014,A,USD,NA
3077.871483,P1Y,0,NA,A,PU,_Z,2,NA,NA,FALSE,WB_WDI,WB_WDI_NY_GDP_PCAP_CD,TMN,_T,_T,_T,_Z,_Z,_Z,2014,A,USD,NA
4808.99654,P1Y,0,NA,A,PU,_Z,2,NA,NA,FALSE,WB_WDI,WB_WDI_NY_GDP_PCAP_CD,MIC,_T,_T,_T,_Z,_Z,_Z,2014,A,USD,NA
54742.837146,P1Y,0,NA,A,PU,_Z,2,NA,NA,FALSE,WB_WDI,WB_WDI_NY_GDP_PCAP_CD,NAC,_T,_T,_T,_Z,_Z,_Z,2014,A,USD,NA
38322.728063,P1Y,0,NA,A,PU,_Z,2,NA,NA,FALSE,WB_WDI,WB_WDI_NY_GDP_PCAP_CD,OED,_T,_T,_T,_Z,_Z,_Z,2014,A,USD,NA
11682.615644,P1Y,0,NA,A,PU,_Z,2,NA,NA,FALSE,WB_WDI,WB_WDI_NY_GDP_PCAP_CD,OSS,_T,_T,_T,_Z,_Z,_Z,2014,A,USD,NA
3891.362562,P1Y,0,NA,A,PU,_Z,2,NA,NA,FALSE,WB_WDI,WB_WDI_NY_GDP_PCAP_CD,PSS,_T,_T,_T,_Z,_Z,_Z,2014,A,USD,NA
43482.290596,P1Y,0,NA,A,PU,_Z,2,NA,NA,FALSE,WB_WDI,WB_WDI_NY_GDP_PCAP_CD,PST,_T,_T,_T,_Z,_Z,_Z,2014,A,USD,NA
1849.266506,P1Y,0,NA,A,PU,_Z,2,NA,NA,FALSE,WB_WDI,WB_WDI_NY_GDP_PCAP_CD,PRE,_T,_T,_T,_Z,_Z,_Z,2014,A,USD,NA
11422.970938,P1Y,0,NA,A,PU,_Z,2,NA,NA,FALSE,WB_WDI,WB_WDI_NY_GDP_PCAP_CD,SST,_T,_T,_T,_Z,_Z,_Z,2014,A,USD,NA
1528.492088,P1Y,0,NA,A,PU,_Z,2,NA,NA,FALSE,WB_WDI,WB_WDI_NY_GDP_PCAP_CD,SAS,_T,_T,_T,_Z,_Z,_Z,2014,A,USD,NA
1528.492088,P1Y,0,NA,A,PU,_Z,2,NA,NA,FALSE,WB_WDI,WB_WDI_NY_GDP_PCAP_CD,TSA,_T,_T,_T,_Z,_Z,_Z,2014,A,USD,NA
5283.424712,P1Y,0,NA,A,PU,_Z,2,NA,NA,FALSE,WB_WDI,WB_WDI_NY_GDP_PCAP_CD,MEA,_T,_T,_T,_Z,_Z,_Z,2017,A,USD,NA
2865.835156,P1Y,0,NA,A,PU,_Z,2,NA,NA,FALSE,WB_WDI,WB_WDI_NY_GDP_PCAP_CD,MNA,_T,_T,_T,_Z,_Z,_Z,2017,A,USD,NA
2860.682317,P1Y,0,NA,A,PU,_Z,2,NA,NA,FALSE,WB_WDI,WB_WDI_NY_GDP_PCAP_CD,TMN,_T,_T,_T,_Z,_Z,_Z,2017,A,USD,NA
4970.75306,P1Y,0,NA,A,PU,_Z,2,NA,NA,FALSE,WB_WDI,WB_WDI_NY_GDP_PCAP_CD,MIC,_T,_T,_T,_Z,_Z,_Z,2017,A,USD,NA
58555.900387,P1Y,0,NA,A,PU,_Z,2,NA,NA,FALSE,WB_WDI,WB_WDI_NY_GDP_PCAP_CD,NAC,_T,_T,_T,_Z,_Z,_Z,2017,A,USD,NA
37802.842245,P1Y,0,NA,A,PU,_Z,2,NA,NA,FALSE,WB_WDI,WB_WDI_NY_GDP_PCAP_CD,OED,_T,_T,_T,_Z,_Z,_Z,2017,A,USD,NA
11950.976065,P1Y,0,NA,A,PU,_Z,2,NA,NA,FALSE,WB_WDI,WB_WDI_NY_GDP_PCAP_CD,OSS,_T,_T,_T,_Z,_Z,_Z,2017,A,USD,NA
4147.003686,P1Y,0,NA,A,PU,_Z,2,NA,NA,FALSE,WB_WDI,WB_WDI_NY_GDP_PCAP_CD,PSS,_T,_T,_T,_Z,_Z,_Z,2017,A,USD,NA
43356.999697,P1Y,0,NA,A,PU,_Z,2,NA,NA,FALSE,WB_WDI,WB_WDI_NY_GDP_PCAP_CD,PST,_T,_T,_T,_Z,_Z,_Z,2017,A,USD,NA
1341.557108,P1Y,0,NA,A,PU,_Z,2,NA,NA,FALSE,WB_WDI,WB_WDI_NY_GDP_PCAP_CD,PRE,_T,_T,_T,_Z,_Z,_Z,2017,A,USD,NA
11319.492103,P1Y,0,NA,A,PU,_Z,2,NA,NA,FALSE,WB_WDI,WB_WDI_NY_GDP_PCAP_CD,SST,_T,_T,_T,_Z,_Z,_Z,2017,A,USD,NA
1956.067076,P1Y,0,NA,A,PU,_Z,2,NA,NA,FALSE,WB_WDI,WB_WDI_NY_GDP_PCAP_CD,SAS,_T,_T,_T,_Z,_Z,_Z,2017,A,USD,NA
1956.067076,P1Y,0,NA,A,PU,_Z,2,NA,NA,FALSE,WB_WDI,WB_WDI_NY_GDP_PCAP_CD,TSA,_T,_T,_T,_Z,_Z,_Z,2017,A,USD,NA
10149.563373,P1Y,0,NA,A,PU,_Z,2,NA,NA,FALSE,WB_WDI,WB_WDI_NY_GDP_PCAP_CD,OSS,_T,_T,_T,_Z,_Z,_Z,2010,A,USD,NA
2899.885731,P1Y,0,NA,A,PU,_Z,2,NA,NA,FALSE,WB_WDI,WB_WDI_NY_GDP_PCAP_CD,PSS,_T,_T,_T,_Z,_Z,_Z,2010,A,USD,NA
39869.235418,P1Y,0,NA,A,PU,_Z,2,NA,NA,FALSE,WB_WDI,WB_WDI_NY_GDP_PCAP_CD,PST,_T,_T,_T,_Z,_Z,_Z,2010,A,USD,NA
1422.25839,P1Y,0,NA,A,PU,_Z,2,NA,NA,FALSE,WB_WDI,WB_WDI_NY_GDP_PCAP_CD,PRE,_T,_T,_T,_Z,_Z,_Z,2010,A,USD,NA
9799.551809,P1Y,0,NA,A,PU,_Z,2,NA,NA,FALSE,WB_WDI,WB_WDI_NY_GDP_PCAP_CD,SST,_T,_T,_T,_Z,_Z,_Z,2010,A,USD,NA
1294.027344,P1Y,0,NA,A,PU,_Z,2,NA,NA,FALSE,WB_WDI,WB_WDI_NY_GDP_PCAP_CD,SAS,_T,_T,_T,_Z,_Z,_Z,2010,A,USD,NA
1294.027344,P1Y,0,NA,A,PU,_Z,2,NA,NA,FALSE,WB_WDI,WB_WDI_NY_GDP_PCAP_CD,TSA,_T,_T,_T,_Z,_Z,_Z,2010,A,USD,NA
1643.307535,P1Y,0,NA,A,PU,_Z,2,NA,NA,FALSE,WB_WDI,WB_WDI_NY_GDP_PCAP_CD,SSF,_T,_T,_T,_Z,_Z,_Z,2010,A,USD,NA
1642.374718,P1Y,0,NA,A,PU,_Z,2,NA,NA,FALSE,WB_WDI,WB_WDI_NY_GDP_PCAP_CD,SSA,_T,_T,_T,_Z,_Z,_Z,2010,A,USD,NA
1643.307535,P1Y,0,NA,A,PU,_Z,2,NA,NA,FALSE,WB_WDI,WB_WDI_NY_GDP_PCAP_CD,TSS,_T,_T,_T,_Z,_Z,_Z,2010,A,USD,NA
5435.751332,P1Y,0,NA,A,PU,_Z,2,NA,NA,FALSE,WB_WDI,WB_WDI_NY_GDP_PCAP_CD,UMC,_T,_T,_T,_Z,_Z,_Z,2010,A,USD,NA
9555.06544,P1Y,0,NA,A,PU,_Z,2,NA,NA,FALSE,WB_WDI,WB_WDI_NY_GDP_PCAP_CD,WLD,_T,_T,_T,_Z,_Z,_Z,2010,A,USD,NA
35931.923279,P1Y,0,NA,A,PU,_Z,2,NA,NA,FALSE,WB_WDI,WB_WDI_NY_GDP_PCAP_CD,OED,_T,_T,_T,_Z,_Z,_Z,2015,A,USD,NA
10359.116777,P1Y,0,NA,A,PU,_Z,2,NA,NA,FALSE,WB_WDI,WB_WDI_NY_GDP_PCAP_CD,OSS,_T,_T,_T,_Z,_Z,_Z,2015,A,USD,NA
3761.066736,P1Y,0,NA,A,PU,_Z,2,NA,NA,FALSE,WB_WDI,WB_WDI_NY_GDP_PCAP_CD,PSS,_T,_T,_T,_Z,_Z,_Z,2015,A,USD,NA
40960.908998,P1Y,0,NA,A,PU,_Z,2,NA,NA,FALSE,WB_WDI,WB_WDI_NY_GDP_PCAP_CD,PST,_T,_T,_T,_Z,_Z,_Z,2015,A,USD,NA
1526.040992,P1Y,0,NA,A,PU,_Z,2,NA,NA,FALSE,WB_WDI,WB_WDI_NY_GDP_PCAP_CD,PRE,_T,_T,_T,_Z,_Z,_Z,2015,A,USD,NA
10451.996495,P1Y,0,NA,A,PU,_Z,2,NA,NA,FALSE,WB_WDI,WB_WDI_NY_GDP_PCAP_CD,SST,_T,_T,_T,_Z,_Z,_Z,2015,A,USD,NA
1570.541425,P1Y,0,NA,A,PU,_Z,2,NA,NA,FALSE,WB_WDI,WB_WDI_NY_GDP_PCAP_CD,SAS,_T,_T,_T,_Z,_Z,_Z,2015,A,USD,NA
1570.541425,P1Y,0,NA,A,PU,_Z,2,NA,NA,FALSE,WB_WDI,WB_WDI_NY_GDP_PCAP_CD,TSA,_T,_T,_T,_Z,_Z,_Z,2015,A,USD,NA
1647.320858,P1Y,0,NA,A,PU,_Z,2,NA,NA,FALSE,WB_WDI,WB_WDI_NY_GDP_PCAP_CD,SSF,_T,_T,_T,_Z,_Z,_Z,2015,A,USD,NA
1646.073001,P1Y,0,NA,A,PU,_Z,2,NA,NA,FALSE,WB_WDI,WB_WDI_NY_GDP_PCAP_CD,SSA,_T,_T,_T,_Z,_Z,_Z,2015,A,USD,NA
1647.320858,P1Y,0,NA,A,PU,_Z,2,NA,NA,FALSE,WB_WDI,WB_WDI_NY_GDP_PCAP_CD,TSS,_T,_T,_T,_Z,_Z,_Z,2015,A,USD,NA
7083.4778,P1Y,0,NA,A,PU,_Z,2,NA,NA,FALSE,WB_WDI,WB_WDI_NY_GDP_PCAP_CD,UMC,_T,_T,_T,_Z,_Z,_Z,2015,A,USD,NA
10191.975251,P1Y,0,NA,A,PU,_Z,2,NA,NA,FALSE,WB_WDI,WB_WDI_NY_GDP_PCAP_CD,WLD,_T,_T,_T,_Z,_Z,_Z,2015,A,USD,NA
