OBS_VALUE,TIME_FORMAT,UNIT_MULT,COMMENT_OBS,OBS_STATUS,OBS_CONF,AGG_METHOD,DECIMALS,COMMENT_TS,DATA_SOURCE,LATEST_DATA,DATABASE_ID,INDICATOR,REF_AREA,SEX,AGE,URBANISATION,COMP_BREAKDOWN_1,COMP_BREAKDOWN_2,COMP_BREAKDOWN_3,TIME_PERIOD,FREQ,UNIT_MEASURE,UNIT_TYPE
78.01,602,0,NA,A,PU,NA,NA,NA,NA,TRUE,WEF_GCIHH,WEF_GCIHH_LIFEEXPECT,ALB,_T,_T,_T,_Z,_Z,_Z,2017,A,YR,NA
39,602,0,NA,A,PU,NA,NA,NA,NA,TRUE,WEF_GCIHH,WEF_GCIHH_LIFEEXPECT,ALB,_T,_T,_T,_Z,_Z,_Z,2017,A,RANK,NA
77.83,602,0,NA,A,PU,NA,NA,NA,NA,FALSE,WEF_GCIHH,WEF_GCIHH_LIFEEXPECT,ALB,_T,_T,_T,_Z,_Z,_Z,2016,A,YR,NA
38,602,0,NA,A,PU,NA,NA,NA,NA,FALSE,WEF_GCIHH,WEF_GCIHH_LIFEEXPECT,ALB,_T,_T,_T,_Z,_Z,_Z,2016,A,RANK,NA
77.54,602,0,NA,A,PU,NA,NA,NA,NA,FALSE,WEF_GCIHH,WEF_GCIHH_LIFEEXPECT,ALB,_T,_T,_T,_Z,_Z,_Z,2015,A,YR,NA
38,602,0,NA,A,PU,NA,NA,NA,NA,FALSE,WEF_GCIHH,WEF_GCIHH_LIFEEXPECT,ALB,_T,_T,_T,_Z,_Z,_Z,2015,A,RANK,NA
77.35,602,0,NA,A,PU,NA,NA,NA,NA,FALSE,WEF_GCIHH,WEF_GCIHH_LIFEEXPECT,ALB,_T,_T,_T,_Z,_Z,_Z,2014,A,YR,NA
39,602,0,NA,A,PU,NA,NA,NA,NA,FALSE,WEF_GCIHH,WEF_GCIHH_LIFEEXPECT,ALB,_T,_T,_T,_Z,_Z,_Z,2014,A,RANK,NA
77.04,602,0,NA,A,PU,NA,NA,NA,NA,FALSE,WEF_GCIHH,WEF_GCIHH_LIFEEXPECT,ALB,_T,_T,_T,_Z,_Z,_Z,2013,A,YR,NA
38,602,0,NA,A,PU,NA,NA,NA,NA,FALSE,WEF_GCIHH,WEF_GCIHH_LIFEEXPECT,ALB,_T,_T,_T,_Z,_Z,_Z,2013,A,RANK,NA
76.9,602,0,NA,A,PU,NA,NA,NA,NA,FALSE,WEF_GCIHH,WEF_GCIHH_LIFEEXPECT,ALB,_T,_T,_T,_Z,_Z,_Z,2012,A,YR,NA
38,602,0,NA,A,PU,NA,NA,NA,NA,FALSE,WEF_GCIHH,WEF_GCIHH_LIFEEXPECT,ALB,_T,_T,_T,_Z,_Z,_Z,2012,A,RANK,NA
76.75,602,0,NA,A,PU,NA,NA,NA,NA,FALSE,WEF_GCIHH,WEF_GCIHH_LIFEEXPECT,ALB,_T,_T,_T,_Z,_Z,_Z,2011,A,YR,NA
40,602,0,NA,A,PU,NA,NA,NA,NA,FALSE,WEF_GCIHH,WEF_GCIHH_LIFEEXPECT,ALB,_T,_T,_T,_Z,_Z,_Z,2011,A,RANK,NA
76.63,602,0,NA,A,PU,NA,NA,NA,NA,FALSE,WEF_GCIHH,WEF_GCIHH_LIFEEXPECT,ALB,_T,_T,_T,_Z,_Z,_Z,2010,A,YR,NA
40,602,0,NA,A,PU,NA,NA,NA,NA,FALSE,WEF_GCIHH,WEF_GCIHH_LIFEEXPECT,ALB,_T,_T,_T,_Z,_Z,_Z,2010,A,RANK,NA
72,602,0,NA,A,PU,NA,NA,NA,NA,FALSE,WEF_GCIHH,WEF_GCIHH_LIFEEXPECT,ALB,_T,_T,_T,_Z,_Z,_Z,2009,A,YR,NA
69,602,0,NA,A,PU,NA,NA,NA,NA,FALSE,WEF_GCIHH,WEF_GCIHH_LIFEEXPECT,ALB,_T,_T,_T,_Z,_Z,_Z,2009,A,RANK,NA
71,602,0,NA,A,PU,NA,NA,NA,NA,FALSE,WEF_GCIHH,WEF_GCIHH_LIFEEXPECT,ALB,_T,_T,_T,_Z,_Z,_Z,2008,A,YR,NA
76,602,0,NA,A,PU,NA,NA,NA,NA,FALSE,WEF_GCIHH,WEF_GCIHH_LIFEEXPECT,ALB,_T,_T,_T,_Z,_Z,_Z,2008,A,RANK,NA
72,602,0,NA,A,PU,NA,NA,NA,NA,FALSE,WEF_GCIHH,WEF_GCIHH_LIFEEXPECT,ALB,_T,_T,_T,_Z,_Z,_Z,2007,A,YR,NA
56,602,0,NA,A,PU,NA,NA,NA,NA,FALSE,WEF_GCIHH,WEF_GCIHH_LIFEEXPECT,ALB,_T,_T,_T,_Z,_Z,_Z,2007,A,RANK,NA
75.04,602,0,NA,A,PU,NA,NA,NA,NA,TRUE,WEF_GCIHH,WEF_GCIHH_LIFEEXPECT,DZA,_T,_T,_T,_Z,_Z,_Z,2017,A,YR,NA
62,602,0,NA,A,PU,NA,NA,NA,NA,TRUE,WEF_GCIHH,WEF_GCIHH_LIFEEXPECT,DZA,_T,_T,_T,_Z,_Z,_Z,2017,A,RANK,NA
74.81,602,0,NA,A,PU,NA,NA,NA,NA,FALSE,WEF_GCIHH,WEF_GCIHH_LIFEEXPECT,DZA,_T,_T,_T,_Z,_Z,_Z,2016,A,YR,NA
65,602,0,NA,A,PU,NA,NA,NA,NA,FALSE,WEF_GCIHH,WEF_GCIHH_LIFEEXPECT,DZA,_T,_T,_T,_Z,_Z,_Z,2016,A,RANK,NA
71.01,602,0,NA,A,PU,NA,NA,NA,NA,FALSE,WEF_GCIHH,WEF_GCIHH_LIFEEXPECT,DZA,_T,_T,_T,_Z,_Z,_Z,2015,A,YR,NA
90,602,0,NA,A,PU,NA,NA,NA,NA,FALSE,WEF_GCIHH,WEF_GCIHH_LIFEEXPECT,DZA,_T,_T,_T,_Z,_Z,_Z,2015,A,RANK,NA
70.88,602,0,NA,A,PU,NA,NA,NA,NA,FALSE,WEF_GCIHH,WEF_GCIHH_LIFEEXPECT,DZA,_T,_T,_T,_Z,_Z,_Z,2014,A,YR,NA
90,602,0,NA,A,PU,NA,NA,NA,NA,FALSE,WEF_GCIHH,WEF_GCIHH_LIFEEXPECT,DZA,_T,_T,_T,_Z,_Z,_Z,2014,A,RANK,NA
73.08,602,0,NA,A,PU,NA,NA,NA,NA,FALSE,WEF_GCIHH,WEF_GCIHH_LIFEEXPECT,DZA,_T,_T,_T,_Z,_Z,_Z,2013,A,YR,NA
85,602,0,NA,A,PU,NA,NA,NA,NA,FALSE,WEF_GCIHH,WEF_GCIHH_LIFEEXPECT,DZA,_T,_T,_T,_Z,_Z,_Z,2013,A,RANK,NA
72.85,602,0,NA,A,PU,NA,NA,NA,NA,FALSE,WEF_GCIHH,WEF_GCIHH_LIFEEXPECT,DZA,_T,_T,_T,_Z,_Z,_Z,2012,A,YR,NA
83,602,0,NA,A,PU,NA,NA,NA,NA,FALSE,WEF_GCIHH,WEF_GCIHH_LIFEEXPECT,DZA,_T,_T,_T,_Z,_Z,_Z,2012,A,RANK,NA
72.62,602,0,NA,A,PU,NA,NA,NA,NA,FALSE,WEF_GCIHH,WEF_GCIHH_LIFEEXPECT,DZA,_T,_T,_T,_Z,_Z,_Z,2011,A,YR,NA
79,602,0,NA,A,PU,NA,NA,NA,NA,FALSE,WEF_GCIHH,WEF_GCIHH_LIFEEXPECT,DZA,_T,_T,_T,_Z,_Z,_Z,2011,A,RANK,NA
72.39,602,0,NA,A,PU,NA,NA,NA,NA,FALSE,WEF_GCIHH,WEF_GCIHH_LIFEEXPECT,DZA,_T,_T,_T,_Z,_Z,_Z,2010,A,YR,NA
77,602,0,NA,A,PU,NA,NA,NA,NA,FALSE,WEF_GCIHH,WEF_GCIHH_LIFEEXPECT,DZA,_T,_T,_T,_Z,_Z,_Z,2010,A,RANK,NA
71,602,0,NA,A,PU,NA,NA,NA,NA,FALSE,WEF_GCIHH,WEF_GCIHH_LIFEEXPECT,DZA,_T,_T,_T,_Z,_Z,_Z,2009,A,YR,NA
80,602,0,NA,A,PU,NA,NA,NA,NA,FALSE,WEF_GCIHH,WEF_GCIHH_LIFEEXPECT,DZA,_T,_T,_T,_Z,_Z,_Z,2009,A,RANK,NA
71,602,0,NA,A,PU,NA,NA,NA,NA,FALSE,WEF_GCIHH,WEF_GCIHH_LIFEEXPECT,DZA,_T,_T,_T,_Z,_Z,_Z,2008,A,YR,NA
76,602,0,NA,A,PU,NA,NA,NA,NA,FALSE,WEF_GCIHH,WEF_GCIHH_LIFEEXPECT,DZA,_T,_T,_T,_Z,_Z,_Z,2008,A,RANK,NA
71,602,0,NA,A,PU,NA,NA,NA,NA,FALSE,WEF_GCIHH,WEF_GCIHH_LIFEEXPECT,DZA,_T,_T,_T,_Z,_Z,_Z,2007,A,YR,NA
71,602,0,NA,A,PU,NA,NA,NA,NA,FALSE,WEF_GCIHH,WEF_GCIHH_LIFEEXPECT,DZA,_T,_T,_T,_Z,_Z,_Z,2007,A,RANK,NA
51.46,602,0,NA,A,PU,NA,NA,NA,NA,TRUE,WEF_GCIHH,WEF_GCIHH_LIFEEXPECT,AGO,_T,_T,_T,_Z,_Z,_Z,2014,A,YR,NA
137,602,0,NA,A,PU,NA,NA,NA,NA,TRUE,WEF_GCIHH,WEF_GCIHH_LIFEEXPECT,AGO,_T,_T,_T,_Z,_Z,_Z,2014,A,RANK,NA
51.06,602,0,NA,A,PU,NA,NA,NA,NA,FALSE,WEF_GCIHH,WEF_GCIHH_LIFEEXPECT,AGO,_T,_T,_T,_Z,_Z,_Z,2013,A,YR,NA
141,602,0,NA,A,PU,NA,NA,NA,NA,FALSE,WEF_GCIHH,WEF_GCIHH_LIFEEXPECT,AGO,_T,_T,_T,_Z,_Z,_Z,2013,A,RANK,NA
47.55,602,0,NA,A,PU,NA,NA,NA,NA,FALSE,WEF_GCIHH,WEF_GCIHH_LIFEEXPECT,AGO,_T,_T,_T,_Z,_Z,_Z,2011,A,YR,NA
138,602,0,NA,A,PU,NA,NA,NA,NA,FALSE,WEF_GCIHH,WEF_GCIHH_LIFEEXPECT,AGO,_T,_T,_T,_Z,_Z,_Z,2011,A,RANK,NA
47.04,602,0,NA,A,PU,NA,NA,NA,NA,FALSE,WEF_GCIHH,WEF_GCIHH_LIFEEXPECT,AGO,_T,_T,_T,_Z,_Z,_Z,2010,A,YR,NA
135,602,0,NA,A,PU,NA,NA,NA,NA,FALSE,WEF_GCIHH,WEF_GCIHH_LIFEEXPECT,AGO,_T,_T,_T,_Z,_Z,_Z,2010,A,RANK,NA
76.33,602,0,NA,A,PU,NA,NA,NA,NA,TRUE,WEF_GCIHH,WEF_GCIHH_LIFEEXPECT,ARG,_T,_T,_T,_Z,_Z,_Z,2017,A,YR,NA
51,602,0,NA,A,PU,NA,NA,NA,NA,TRUE,WEF_GCIHH,WEF_GCIHH_LIFEEXPECT,ARG,_T,_T,_T,_Z,_Z,_Z,2017,A,RANK,NA
76.16,602,0,NA,A,PU,NA,NA,NA,NA,FALSE,WEF_GCIHH,WEF_GCIHH_LIFEEXPECT,ARG,_T,_T,_T,_Z,_Z,_Z,2016,A,YR,NA
51,602,0,NA,A,PU,NA,NA,NA,NA,FALSE,WEF_GCIHH,WEF_GCIHH_LIFEEXPECT,ARG,_T,_T,_T,_Z,_Z,_Z,2016,A,RANK,NA
76.19,602,0,NA,A,PU,NA,NA,NA,NA,FALSE,WEF_GCIHH,WEF_GCIHH_LIFEEXPECT,ARG,_T,_T,_T,_Z,_Z,_Z,2015,A,YR,NA
50,602,0,NA,A,PU,NA,NA,NA,NA,FALSE,WEF_GCIHH,WEF_GCIHH_LIFEEXPECT,ARG,_T,_T,_T,_Z,_Z,_Z,2015,A,RANK,NA
76.01,602,0,NA,A,PU,NA,NA,NA,NA,FALSE,WEF_GCIHH,WEF_GCIHH_LIFEEXPECT,ARG,_T,_T,_T,_Z,_Z,_Z,2014,A,YR,NA
49,602,0,NA,A,PU,NA,NA,NA,NA,FALSE,WEF_GCIHH,WEF_GCIHH_LIFEEXPECT,ARG,_T,_T,_T,_Z,_Z,_Z,2014,A,RANK,NA
75.8,602,0,NA,A,PU,NA,NA,NA,NA,FALSE,WEF_GCIHH,WEF_GCIHH_LIFEEXPECT,ARG,_T,_T,_T,_Z,_Z,_Z,2013,A,YR,NA
48,602,0,NA,A,PU,NA,NA,NA,NA,FALSE,WEF_GCIHH,WEF_GCIHH_LIFEEXPECT,ARG,_T,_T,_T,_Z,_Z,_Z,2013,A,RANK,NA
75.63,602,0,NA,A,PU,NA,NA,NA,NA,FALSE,WEF_GCIHH,WEF_GCIHH_LIFEEXPECT,ARG,_T,_T,_T,_Z,_Z,_Z,2012,A,YR,NA
46,602,0,NA,A,PU,NA,NA,NA,NA,FALSE,WEF_GCIHH,WEF_GCIHH_LIFEEXPECT,ARG,_T,_T,_T,_Z,_Z,_Z,2012,A,RANK,NA
75.52,602,0,NA,A,PU,NA,NA,NA,NA,FALSE,WEF_GCIHH,WEF_GCIHH_LIFEEXPECT,ARG,_T,_T,_T,_Z,_Z,_Z,2011,A,YR,NA
49,602,0,NA,A,PU,NA,NA,NA,NA,FALSE,WEF_GCIHH,WEF_GCIHH_LIFEEXPECT,ARG,_T,_T,_T,_Z,_Z,_Z,2011,A,RANK,NA
75.33,602,0,NA,A,PU,NA,NA,NA,NA,FALSE,WEF_GCIHH,WEF_GCIHH_LIFEEXPECT,ARG,_T,_T,_T,_Z,_Z,_Z,2010,A,YR,NA
48,602,0,NA,A,PU,NA,NA,NA,NA,FALSE,WEF_GCIHH,WEF_GCIHH_LIFEEXPECT,ARG,_T,_T,_T,_Z,_Z,_Z,2010,A,RANK,NA
75,602,0,NA,A,PU,NA,NA,NA,NA,FALSE,WEF_GCIHH,WEF_GCIHH_LIFEEXPECT,ARG,_T,_T,_T,_Z,_Z,_Z,2009,A,YR,NA
45,602,0,NA,A,PU,NA,NA,NA,NA,FALSE,WEF_GCIHH,WEF_GCIHH_LIFEEXPECT,ARG,_T,_T,_T,_Z,_Z,_Z,2009,A,RANK,NA
75,602,0,NA,A,PU,NA,NA,NA,NA,FALSE,WEF_GCIHH,WEF_GCIHH_LIFEEXPECT,ARG,_T,_T,_T,_Z,_Z,_Z,2008,A,YR,NA
42,602,0,NA,A,PU,NA,NA,NA,NA,FALSE,WEF_GCIHH,WEF_GCIHH_LIFEEXPECT,ARG,_T,_T,_T,_Z,_Z,_Z,2008,A,RANK,NA
75,602,0,NA,A,PU,NA,NA,NA,NA,FALSE,WEF_GCIHH,WEF_GCIHH_LIFEEXPECT,ARG,_T,_T,_T,_Z,_Z,_Z,2007,A,YR,NA
40,602,0,NA,A,PU,NA,NA,NA,NA,FALSE,WEF_GCIHH,WEF_GCIHH_LIFEEXPECT,ARG,_T,_T,_T,_Z,_Z,_Z,2007,A,RANK,NA
74.8,602,0,NA,A,PU,NA,NA,NA,NA,TRUE,WEF_GCIHH,WEF_GCIHH_LIFEEXPECT,ARM,_T,_T,_T,_Z,_Z,_Z,2017,A,YR,NA
68,602,0,NA,A,PU,NA,NA,NA,NA,TRUE,WEF_GCIHH,WEF_GCIHH_LIFEEXPECT,ARM,_T,_T,_T,_Z,_Z,_Z,2017,A,RANK,NA
74.68,602,0,NA,A,PU,NA,NA,NA,NA,FALSE,WEF_GCIHH,WEF_GCIHH_LIFEEXPECT,ARM,_T,_T,_T,_Z,_Z,_Z,2016,A,YR,NA
68,602,0,NA,A,PU,NA,NA,NA,NA,FALSE,WEF_GCIHH,WEF_GCIHH_LIFEEXPECT,ARM,_T,_T,_T,_Z,_Z,_Z,2016,A,RANK,NA
74.54,602,0,NA,A,PU,NA,NA,NA,NA,FALSE,WEF_GCIHH,WEF_GCIHH_LIFEEXPECT,ARM,_T,_T,_T,_Z,_Z,_Z,2015,A,YR,NA
64,602,0,NA,A,PU,NA,NA,NA,NA,FALSE,WEF_GCIHH,WEF_GCIHH_LIFEEXPECT,ARM,_T,_T,_T,_Z,_Z,_Z,2015,A,RANK,NA
74.44,602,0,NA,A,PU,NA,NA,NA,NA,FALSE,WEF_GCIHH,WEF_GCIHH_LIFEEXPECT,ARM,_T,_T,_T,_Z,_Z,_Z,2014,A,YR,NA
67,602,0,NA,A,PU,NA,NA,NA,NA,FALSE,WEF_GCIHH,WEF_GCIHH_LIFEEXPECT,ARM,_T,_T,_T,_Z,_Z,_Z,2014,A,RANK,NA
73.92,602,0,NA,A,PU,NA,NA,NA,NA,FALSE,WEF_GCIHH,WEF_GCIHH_LIFEEXPECT,ARM,_T,_T,_T,_Z,_Z,_Z,2013,A,YR,NA
71,602,0,NA,A,PU,NA,NA,NA,NA,FALSE,WEF_GCIHH,WEF_GCIHH_LIFEEXPECT,ARM,_T,_T,_T,_Z,_Z,_Z,2013,A,RANK,NA
73.78,602,0,NA,A,PU,NA,NA,NA,NA,FALSE,WEF_GCIHH,WEF_GCIHH_LIFEEXPECT,ARM,_T,_T,_T,_Z,_Z,_Z,2012,A,YR,NA
64,602,0,NA,A,PU,NA,NA,NA,NA,FALSE,WEF_GCIHH,WEF_GCIHH_LIFEEXPECT,ARM,_T,_T,_T,_Z,_Z,_Z,2012,A,RANK,NA
73.73,602,0,NA,A,PU,NA,NA,NA,NA,FALSE,WEF_GCIHH,WEF_GCIHH_LIFEEXPECT,ARM,_T,_T,_T,_Z,_Z,_Z,2011,A,YR,NA
64,602,0,NA,A,PU,NA,NA,NA,NA,FALSE,WEF_GCIHH,WEF_GCIHH_LIFEEXPECT,ARM,_T,_T,_T,_Z,_Z,_Z,2011,A,RANK,NA
73.54,602,0,NA,A,PU,NA,NA,NA,NA,FALSE,WEF_GCIHH,WEF_GCIHH_LIFEEXPECT,ARM,_T,_T,_T,_Z,_Z,_Z,2010,A,YR,NA
65,602,0,NA,A,PU,NA,NA,NA,NA,FALSE,WEF_GCIHH,WEF_GCIHH_LIFEEXPECT,ARM,_T,_T,_T,_Z,_Z,_Z,2010,A,RANK,NA
69,602,0,NA,A,PU,NA,NA,NA,NA,FALSE,WEF_GCIHH,WEF_GCIHH_LIFEEXPECT,ARM,_T,_T,_T,_Z,_Z,_Z,2009,A,YR,NA
88,602,0,NA,A,PU,NA,NA,NA,NA,FALSE,WEF_GCIHH,WEF_GCIHH_LIFEEXPECT,ARM,_T,_T,_T,_Z,_Z,_Z,2009,A,RANK,NA
69,602,0,NA,A,PU,NA,NA,NA,NA,FALSE,WEF_GCIHH,WEF_GCIHH_LIFEEXPECT,ARM,_T,_T,_T,_Z,_Z,_Z,2008,A,YR,NA
87,602,0,NA,A,PU,NA,NA,NA,NA,FALSE,WEF_GCIHH,WEF_GCIHH_LIFEEXPECT,ARM,_T,_T,_T,_Z,_Z,_Z,2008,A,RANK,NA
68,602,0,NA,A,PU,NA,NA,NA,NA,FALSE,WEF_GCIHH,WEF_GCIHH_LIFEEXPECT,ARM,_T,_T,_T,_Z,_Z,_Z,2007,A,YR,NA
85,602,0,NA,A,PU,NA,NA,NA,NA,FALSE,WEF_GCIHH,WEF_GCIHH_LIFEEXPECT,ARM,_T,_T,_T,_Z,_Z,_Z,2007,A,RANK,NA
82.45,602,0,NA,A,PU,NA,NA,NA,NA,TRUE,WEF_GCIHH,WEF_GCIHH_LIFEEXPECT,AUS,_T,_T,_T,_Z,_Z,_Z,2017,A,YR,NA
10,602,0,NA,A,PU,NA,NA,NA,NA,TRUE,WEF_GCIHH,WEF_GCIHH_LIFEEXPECT,AUS,_T,_T,_T,_Z,_Z,_Z,2017,A,RANK,NA
82.25,602,0,NA,A,PU,NA,NA,NA,NA,FALSE,WEF_GCIHH,WEF_GCIHH_LIFEEXPECT,AUS,_T,_T,_T,_Z,_Z,_Z,2016,A,YR,NA
8,602,0,NA,A,PU,NA,NA,NA,NA,FALSE,WEF_GCIHH,WEF_GCIHH_LIFEEXPECT,AUS,_T,_T,_T,_Z,_Z,_Z,2016,A,RANK,NA
82.2,602,0,NA,A,PU,NA,NA,NA,NA,FALSE,WEF_GCIHH,WEF_GCIHH_LIFEEXPECT,AUS,_T,_T,_T,_Z,_Z,_Z,2015,A,YR,NA
8,602,0,NA,A,PU,NA,NA,NA,NA,FALSE,WEF_GCIHH,WEF_GCIHH_LIFEEXPECT,AUS,_T,_T,_T,_Z,_Z,_Z,2015,A,RANK,NA
82.1,602,0,NA,A,PU,NA,NA,NA,NA,FALSE,WEF_GCIHH,WEF_GCIHH_LIFEEXPECT,AUS,_T,_T,_T,_Z,_Z,_Z,2014,A,YR,NA
9,602,0,NA,A,PU,NA,NA,NA,NA,FALSE,WEF_GCIHH,WEF_GCIHH_LIFEEXPECT,AUS,_T,_T,_T,_Z,_Z,_Z,2014,A,RANK,NA
81.85,602,0,NA,A,PU,NA,NA,NA,NA,FALSE,WEF_GCIHH,WEF_GCIHH_LIFEEXPECT,AUS,_T,_T,_T,_Z,_Z,_Z,2013,A,YR,NA
9,602,0,NA,A,PU,NA,NA,NA,NA,FALSE,WEF_GCIHH,WEF_GCIHH_LIFEEXPECT,AUS,_T,_T,_T,_Z,_Z,_Z,2013,A,RANK,NA
81.7,602,0,NA,A,PU,NA,NA,NA,NA,FALSE,WEF_GCIHH,WEF_GCIHH_LIFEEXPECT,AUS,_T,_T,_T,_Z,_Z,_Z,2012,A,YR,NA
5,602,0,NA,A,PU,NA,NA,NA,NA,FALSE,WEF_GCIHH,WEF_GCIHH_LIFEEXPECT,AUS,_T,_T,_T,_Z,_Z,_Z,2012,A,RANK,NA
81.54,602,0,NA,A,PU,NA,NA,NA,NA,FALSE,WEF_GCIHH,WEF_GCIHH_LIFEEXPECT,AUS,_T,_T,_T,_Z,_Z,_Z,2011,A,YR,NA
5,602,0,NA,A,PU,NA,NA,NA,NA,FALSE,WEF_GCIHH,WEF_GCIHH_LIFEEXPECT,AUS,_T,_T,_T,_Z,_Z,_Z,2011,A,RANK,NA
81.4,602,0,NA,A,PU,NA,NA,NA,NA,FALSE,WEF_GCIHH,WEF_GCIHH_LIFEEXPECT,AUS,_T,_T,_T,_Z,_Z,_Z,2010,A,YR,NA
7,602,0,NA,A,PU,NA,NA,NA,NA,FALSE,WEF_GCIHH,WEF_GCIHH_LIFEEXPECT,AUS,_T,_T,_T,_Z,_Z,_Z,2010,A,RANK,NA
82,602,0,NA,A,PU,NA,NA,NA,NA,FALSE,WEF_GCIHH,WEF_GCIHH_LIFEEXPECT,AUS,_T,_T,_T,_Z,_Z,_Z,2009,A,YR,NA
3,602,0,NA,A,PU,NA,NA,NA,NA,FALSE,WEF_GCIHH,WEF_GCIHH_LIFEEXPECT,AUS,_T,_T,_T,_Z,_Z,_Z,2009,A,RANK,NA
82,602,0,NA,A,PU,NA,NA,NA,NA,FALSE,WEF_GCIHH,WEF_GCIHH_LIFEEXPECT,AUS,_T,_T,_T,_Z,_Z,_Z,2008,A,YR,NA
2,602,0,NA,A,PU,NA,NA,NA,NA,FALSE,WEF_GCIHH,WEF_GCIHH_LIFEEXPECT,AUS,_T,_T,_T,_Z,_Z,_Z,2008,A,RANK,NA
81,602,0,NA,A,PU,NA,NA,NA,NA,FALSE,WEF_GCIHH,WEF_GCIHH_LIFEEXPECT,AUS,_T,_T,_T,_Z,_Z,_Z,2007,A,YR,NA
3,602,0,NA,A,PU,NA,NA,NA,NA,FALSE,WEF_GCIHH,WEF_GCIHH_LIFEEXPECT,AUS,_T,_T,_T,_Z,_Z,_Z,2007,A,RANK,NA
81.84,602,0,NA,A,PU,NA,NA,NA,NA,TRUE,WEF_GCIHH,WEF_GCIHH_LIFEEXPECT,AUT,_T,_T,_T,_Z,_Z,_Z,2017,A,YR,NA
17,602,0,NA,A,PU,NA,NA,NA,NA,TRUE,WEF_GCIHH,WEF_GCIHH_LIFEEXPECT,AUT,_T,_T,_T,_Z,_Z,_Z,2017,A,RANK,NA
81.34,602,0,NA,A,PU,NA,NA,NA,NA,FALSE,WEF_GCIHH,WEF_GCIHH_LIFEEXPECT,AUT,_T,_T,_T,_Z,_Z,_Z,2016,A,YR,NA
19,602,0,NA,A,PU,NA,NA,NA,NA,FALSE,WEF_GCIHH,WEF_GCIHH_LIFEEXPECT,AUT,_T,_T,_T,_Z,_Z,_Z,2016,A,RANK,NA
80.89,602,0,NA,A,PU,NA,NA,NA,NA,FALSE,WEF_GCIHH,WEF_GCIHH_LIFEEXPECT,AUT,_T,_T,_T,_Z,_Z,_Z,2015,A,YR,NA
21,602,0,NA,A,PU,NA,NA,NA,NA,FALSE,WEF_GCIHH,WEF_GCIHH_LIFEEXPECT,AUT,_T,_T,_T,_Z,_Z,_Z,2015,A,RANK,NA
80.94,602,0,NA,A,PU,NA,NA,NA,NA,FALSE,WEF_GCIHH,WEF_GCIHH_LIFEEXPECT,AUT,_T,_T,_T,_Z,_Z,_Z,2014,A,YR,NA
19,602,0,NA,A,PU,NA,NA,NA,NA,FALSE,WEF_GCIHH,WEF_GCIHH_LIFEEXPECT,AUT,_T,_T,_T,_Z,_Z,_Z,2014,A,RANK,NA
81.03,602,0,NA,A,PU,NA,NA,NA,NA,FALSE,WEF_GCIHH,WEF_GCIHH_LIFEEXPECT,AUT,_T,_T,_T,_Z,_Z,_Z,2013,A,YR,NA
15,602,0,NA,A,PU,NA,NA,NA,NA,FALSE,WEF_GCIHH,WEF_GCIHH_LIFEEXPECT,AUT,_T,_T,_T,_Z,_Z,_Z,2013,A,RANK,NA
80.38,602,0,NA,A,PU,NA,NA,NA,NA,FALSE,WEF_GCIHH,WEF_GCIHH_LIFEEXPECT,AUT,_T,_T,_T,_Z,_Z,_Z,2012,A,YR,NA
20,602,0,NA,A,PU,NA,NA,NA,NA,FALSE,WEF_GCIHH,WEF_GCIHH_LIFEEXPECT,AUT,_T,_T,_T,_Z,_Z,_Z,2012,A,RANK,NA
80.08,602,0,NA,A,PU,NA,NA,NA,NA,FALSE,WEF_GCIHH,WEF_GCIHH_LIFEEXPECT,AUT,_T,_T,_T,_Z,_Z,_Z,2011,A,YR,NA
20,602,0,NA,A,PU,NA,NA,NA,NA,FALSE,WEF_GCIHH,WEF_GCIHH_LIFEEXPECT,AUT,_T,_T,_T,_Z,_Z,_Z,2011,A,RANK,NA
80.45,602,0,NA,A,PU,NA,NA,NA,NA,FALSE,WEF_GCIHH,WEF_GCIHH_LIFEEXPECT,AUT,_T,_T,_T,_Z,_Z,_Z,2010,A,YR,NA
15,602,0,NA,A,PU,NA,NA,NA,NA,FALSE,WEF_GCIHH,WEF_GCIHH_LIFEEXPECT,AUT,_T,_T,_T,_Z,_Z,_Z,2010,A,RANK,NA
80,602,0,NA,A,PU,NA,NA,NA,NA,FALSE,WEF_GCIHH,WEF_GCIHH_LIFEEXPECT,AUT,_T,_T,_T,_Z,_Z,_Z,2009,A,YR,NA
15,602,0,NA,A,PU,NA,NA,NA,NA,FALSE,WEF_GCIHH,WEF_GCIHH_LIFEEXPECT,AUT,_T,_T,_T,_Z,_Z,_Z,2009,A,RANK,NA
80,602,0,NA,A,PU,NA,NA,NA,NA,FALSE,WEF_GCIHH,WEF_GCIHH_LIFEEXPECT,AUT,_T,_T,_T,_Z,_Z,_Z,2008,A,YR,NA
12,602,0,NA,A,PU,NA,NA,NA,NA,FALSE,WEF_GCIHH,WEF_GCIHH_LIFEEXPECT,AUT,_T,_T,_T,_Z,_Z,_Z,2008,A,RANK,NA
79,602,0,NA,A,PU,NA,NA,NA,NA,FALSE,WEF_GCIHH,WEF_GCIHH_LIFEEXPECT,AUT,_T,_T,_T,_Z,_Z,_Z,2007,A,YR,NA
15,602,0,NA,A,PU,NA,NA,NA,NA,FALSE,WEF_GCIHH,WEF_GCIHH_LIFEEXPECT,AUT,_T,_T,_T,_Z,_Z,_Z,2007,A,RANK,NA
70.85,602,0,NA,A,PU,NA,NA,NA,NA,TRUE,WEF_GCIHH,WEF_GCIHH_LIFEEXPECT,AZE,_T,_T,_T,_Z,_Z,_Z,2017,A,YR,NA
94,602,0,NA,A,PU,NA,NA,NA,NA,TRUE,WEF_GCIHH,WEF_GCIHH_LIFEEXPECT,AZE,_T,_T,_T,_Z,_Z,_Z,2017,A,RANK,NA
70.76,602,0,NA,A,PU,NA,NA,NA,NA,FALSE,WEF_GCIHH,WEF_GCIHH_LIFEEXPECT,AZE,_T,_T,_T,_Z,_Z,_Z,2016,A,YR,NA
94,602,0,NA,A,PU,NA,NA,NA,NA,FALSE,WEF_GCIHH,WEF_GCIHH_LIFEEXPECT,AZE,_T,_T,_T,_Z,_Z,_Z,2016,A,RANK,NA
70.69,602,0,NA,A,PU,NA,NA,NA,NA,FALSE,WEF_GCIHH,WEF_GCIHH_LIFEEXPECT,AZE,_T,_T,_T,_Z,_Z,_Z,2015,A,YR,NA
94,602,0,NA,A,PU,NA,NA,NA,NA,FALSE,WEF_GCIHH,WEF_GCIHH_LIFEEXPECT,AZE,_T,_T,_T,_Z,_Z,_Z,2015,A,RANK,NA
70.62,602,0,NA,A,PU,NA,NA,NA,NA,FALSE,WEF_GCIHH,WEF_GCIHH_LIFEEXPECT,AZE,_T,_T,_T,_Z,_Z,_Z,2014,A,YR,NA
93,602,0,NA,A,PU,NA,NA,NA,NA,FALSE,WEF_GCIHH,WEF_GCIHH_LIFEEXPECT,AZE,_T,_T,_T,_Z,_Z,_Z,2014,A,RANK,NA
70.65,602,0,NA,A,PU,NA,NA,NA,NA,FALSE,WEF_GCIHH,WEF_GCIHH_LIFEEXPECT,AZE,_T,_T,_T,_Z,_Z,_Z,2013,A,YR,NA
94,602,0,NA,A,PU,NA,NA,NA,NA,FALSE,WEF_GCIHH,WEF_GCIHH_LIFEEXPECT,AZE,_T,_T,_T,_Z,_Z,_Z,2013,A,RANK,NA
70.51,602,0,NA,A,PU,NA,NA,NA,NA,FALSE,WEF_GCIHH,WEF_GCIHH_LIFEEXPECT,AZE,_T,_T,_T,_Z,_Z,_Z,2012,A,YR,NA
92,602,0,NA,A,PU,NA,NA,NA,NA,FALSE,WEF_GCIHH,WEF_GCIHH_LIFEEXPECT,AZE,_T,_T,_T,_Z,_Z,_Z,2012,A,RANK,NA
70.44,602,0,NA,A,PU,NA,NA,NA,NA,FALSE,WEF_GCIHH,WEF_GCIHH_LIFEEXPECT,AZE,_T,_T,_T,_Z,_Z,_Z,2011,A,YR,NA
93,602,0,NA,A,PU,NA,NA,NA,NA,FALSE,WEF_GCIHH,WEF_GCIHH_LIFEEXPECT,AZE,_T,_T,_T,_Z,_Z,_Z,2011,A,RANK,NA
70.18,602,0,NA,A,PU,NA,NA,NA,NA,FALSE,WEF_GCIHH,WEF_GCIHH_LIFEEXPECT,AZE,_T,_T,_T,_Z,_Z,_Z,2010,A,YR,NA
93,602,0,NA,A,PU,NA,NA,NA,NA,FALSE,WEF_GCIHH,WEF_GCIHH_LIFEEXPECT,AZE,_T,_T,_T,_Z,_Z,_Z,2010,A,RANK,NA
68,602,0,NA,A,PU,NA,NA,NA,NA,FALSE,WEF_GCIHH,WEF_GCIHH_LIFEEXPECT,AZE,_T,_T,_T,_Z,_Z,_Z,2009,A,YR,NA
92,602,0,NA,A,PU,NA,NA,NA,NA,FALSE,WEF_GCIHH,WEF_GCIHH_LIFEEXPECT,AZE,_T,_T,_T,_Z,_Z,_Z,2009,A,RANK,NA
64,602,0,NA,A,PU,NA,NA,NA,NA,FALSE,WEF_GCIHH,WEF_GCIHH_LIFEEXPECT,AZE,_T,_T,_T,_Z,_Z,_Z,2008,A,YR,NA
101,602,0,NA,A,PU,NA,NA,NA,NA,FALSE,WEF_GCIHH,WEF_GCIHH_LIFEEXPECT,AZE,_T,_T,_T,_Z,_Z,_Z,2008,A,RANK,NA
65,602,0,NA,A,PU,NA,NA,NA,NA,FALSE,WEF_GCIHH,WEF_GCIHH_LIFEEXPECT,AZE,_T,_T,_T,_Z,_Z,_Z,2007,A,YR,NA
96,602,0,NA,A,PU,NA,NA,NA,NA,FALSE,WEF_GCIHH,WEF_GCIHH_LIFEEXPECT,AZE,_T,_T,_T,_Z,_Z,_Z,2007,A,RANK,NA
76.82,602,0,NA,A,PU,NA,NA,NA,NA,TRUE,WEF_GCIHH,WEF_GCIHH_LIFEEXPECT,BHR,_T,_T,_T,_Z,_Z,_Z,2017,A,YR,NA
48,602,0,NA,A,PU,NA,NA,NA,NA,TRUE,WEF_GCIHH,WEF_GCIHH_LIFEEXPECT,BHR,_T,_T,_T,_Z,_Z,_Z,2017,A,RANK,NA
76.68,602,0,NA,A,PU,NA,NA,NA,NA,FALSE,WEF_GCIHH,WEF_GCIHH_LIFEEXPECT,BHR,_T,_T,_T,_Z,_Z,_Z,2016,A,YR,NA
48,602,0,NA,A,PU,NA,NA,NA,NA,FALSE,WEF_GCIHH,WEF_GCIHH_LIFEEXPECT,BHR,_T,_T,_T,_Z,_Z,_Z,2016,A,RANK,NA
76.67,602,0,NA,A,PU,NA,NA,NA,NA,FALSE,WEF_GCIHH,WEF_GCIHH_LIFEEXPECT,BHR,_T,_T,_T,_Z,_Z,_Z,2015,A,YR,NA
45,602,0,NA,A,PU,NA,NA,NA,NA,FALSE,WEF_GCIHH,WEF_GCIHH_LIFEEXPECT,BHR,_T,_T,_T,_Z,_Z,_Z,2015,A,RANK,NA
76.54,602,0,NA,A,PU,NA,NA,NA,NA,FALSE,WEF_GCIHH,WEF_GCIHH_LIFEEXPECT,BHR,_T,_T,_T,_Z,_Z,_Z,2014,A,YR,NA
46,602,0,NA,A,PU,NA,NA,NA,NA,FALSE,WEF_GCIHH,WEF_GCIHH_LIFEEXPECT,BHR,_T,_T,_T,_Z,_Z,_Z,2014,A,RANK,NA
75.16,602,0,NA,A,PU,NA,NA,NA,NA,FALSE,WEF_GCIHH,WEF_GCIHH_LIFEEXPECT,BHR,_T,_T,_T,_Z,_Z,_Z,2013,A,YR,NA
51,602,0,NA,A,PU,NA,NA,NA,NA,FALSE,WEF_GCIHH,WEF_GCIHH_LIFEEXPECT,BHR,_T,_T,_T,_Z,_Z,_Z,2013,A,RANK,NA
75.02,602,0,NA,A,PU,NA,NA,NA,NA,FALSE,WEF_GCIHH,WEF_GCIHH_LIFEEXPECT,BHR,_T,_T,_T,_Z,_Z,_Z,2012,A,YR,NA
51,602,0,NA,A,PU,NA,NA,NA,NA,FALSE,WEF_GCIHH,WEF_GCIHH_LIFEEXPECT,BHR,_T,_T,_T,_Z,_Z,_Z,2012,A,RANK,NA
76.08,602,0,NA,A,PU,NA,NA,NA,NA,FALSE,WEF_GCIHH,WEF_GCIHH_LIFEEXPECT,BHR,_T,_T,_T,_Z,_Z,_Z,2011,A,YR,NA
46,602,0,NA,A,PU,NA,NA,NA,NA,FALSE,WEF_GCIHH,WEF_GCIHH_LIFEEXPECT,BHR,_T,_T,_T,_Z,_Z,_Z,2011,A,RANK,NA
75.91,602,0,NA,A,PU,NA,NA,NA,NA,FALSE,WEF_GCIHH,WEF_GCIHH_LIFEEXPECT,BHR,_T,_T,_T,_Z,_Z,_Z,2010,A,YR,NA
45,602,0,NA,A,PU,NA,NA,NA,NA,FALSE,WEF_GCIHH,WEF_GCIHH_LIFEEXPECT,BHR,_T,_T,_T,_Z,_Z,_Z,2010,A,RANK,NA
75,602,0,NA,A,PU,NA,NA,NA,NA,FALSE,WEF_GCIHH,WEF_GCIHH_LIFEEXPECT,BHR,_T,_T,_T,_Z,_Z,_Z,2009,A,YR,NA
45,602,0,NA,A,PU,NA,NA,NA,NA,FALSE,WEF_GCIHH,WEF_GCIHH_LIFEEXPECT,BHR,_T,_T,_T,_Z,_Z,_Z,2009,A,RANK,NA
75,602,0,NA,A,PU,NA,NA,NA,NA,FALSE,WEF_GCIHH,WEF_GCIHH_LIFEEXPECT,BHR,_T,_T,_T,_Z,_Z,_Z,2008,A,YR,NA
42,602,0,NA,A,PU,NA,NA,NA,NA,FALSE,WEF_GCIHH,WEF_GCIHH_LIFEEXPECT,BHR,_T,_T,_T,_Z,_Z,_Z,2008,A,RANK,NA
74,602,0,NA,A,PU,NA,NA,NA,NA,FALSE,WEF_GCIHH,WEF_GCIHH_LIFEEXPECT,BHR,_T,_T,_T,_Z,_Z,_Z,2007,A,YR,NA
46,602,0,NA,A,PU,NA,NA,NA,NA,FALSE,WEF_GCIHH,WEF_GCIHH_LIFEEXPECT,BHR,_T,_T,_T,_Z,_Z,_Z,2007,A,RANK,NA
72,602,0,NA,A,PU,NA,NA,NA,NA,TRUE,WEF_GCIHH,WEF_GCIHH_LIFEEXPECT,BGD,_T,_T,_T,_Z,_Z,_Z,2017,A,YR,NA
87,602,0,NA,A,PU,NA,NA,NA,NA,TRUE,WEF_GCIHH,WEF_GCIHH_LIFEEXPECT,BGD,_T,_T,_T,_Z,_Z,_Z,2017,A,RANK,NA
71.63,602,0,NA,A,PU,NA,NA,NA,NA,FALSE,WEF_GCIHH,WEF_GCIHH_LIFEEXPECT,BGD,_T,_T,_T,_Z,_Z,_Z,2016,A,YR,NA
89,602,0,NA,A,PU,NA,NA,NA,NA,FALSE,WEF_GCIHH,WEF_GCIHH_LIFEEXPECT,BGD,_T,_T,_T,_Z,_Z,_Z,2016,A,RANK,NA
70.69,602,0,NA,A,PU,NA,NA,NA,NA,FALSE,WEF_GCIHH,WEF_GCIHH_LIFEEXPECT,BGD,_T,_T,_T,_Z,_Z,_Z,2015,A,YR,NA
93,602,0,NA,A,PU,NA,NA,NA,NA,FALSE,WEF_GCIHH,WEF_GCIHH_LIFEEXPECT,BGD,_T,_T,_T,_Z,_Z,_Z,2015,A,RANK,NA
70.29,602,0,NA,A,PU,NA,NA,NA,NA,FALSE,WEF_GCIHH,WEF_GCIHH_LIFEEXPECT,BGD,_T,_T,_T,_Z,_Z,_Z,2014,A,YR,NA
96,602,0,NA,A,PU,NA,NA,NA,NA,FALSE,WEF_GCIHH,WEF_GCIHH_LIFEEXPECT,BGD,_T,_T,_T,_Z,_Z,_Z,2014,A,RANK,NA
68.94,602,0,NA,A,PU,NA,NA,NA,NA,FALSE,WEF_GCIHH,WEF_GCIHH_LIFEEXPECT,BGD,_T,_T,_T,_Z,_Z,_Z,2013,A,YR,NA
102,602,0,NA,A,PU,NA,NA,NA,NA,FALSE,WEF_GCIHH,WEF_GCIHH_LIFEEXPECT,BGD,_T,_T,_T,_Z,_Z,_Z,2013,A,RANK,NA
68.63,602,0,NA,A,PU,NA,NA,NA,NA,FALSE,WEF_GCIHH,WEF_GCIHH_LIFEEXPECT,BGD,_T,_T,_T,_Z,_Z,_Z,2012,A,YR,NA
101,602,0,NA,A,PU,NA,NA,NA,NA,FALSE,WEF_GCIHH,WEF_GCIHH_LIFEEXPECT,BGD,_T,_T,_T,_Z,_Z,_Z,2012,A,RANK,NA
66.56,602,0,NA,A,PU,NA,NA,NA,NA,FALSE,WEF_GCIHH,WEF_GCIHH_LIFEEXPECT,BGD,_T,_T,_T,_Z,_Z,_Z,2011,A,YR,NA
108,602,0,NA,A,PU,NA,NA,NA,NA,FALSE,WEF_GCIHH,WEF_GCIHH_LIFEEXPECT,BGD,_T,_T,_T,_Z,_Z,_Z,2011,A,RANK,NA
66.14,602,0,NA,A,PU,NA,NA,NA,NA,FALSE,WEF_GCIHH,WEF_GCIHH_LIFEEXPECT,BGD,_T,_T,_T,_Z,_Z,_Z,2010,A,YR,NA
107,602,0,NA,A,PU,NA,NA,NA,NA,FALSE,WEF_GCIHH,WEF_GCIHH_LIFEEXPECT,BGD,_T,_T,_T,_Z,_Z,_Z,2010,A,RANK,NA
64,602,0,NA,A,PU,NA,NA,NA,NA,FALSE,WEF_GCIHH,WEF_GCIHH_LIFEEXPECT,BGD,_T,_T,_T,_Z,_Z,_Z,2009,A,YR,NA
100,602,0,NA,A,PU,NA,NA,NA,NA,FALSE,WEF_GCIHH,WEF_GCIHH_LIFEEXPECT,BGD,_T,_T,_T,_Z,_Z,_Z,2009,A,RANK,NA
63,602,0,NA,A,PU,NA,NA,NA,NA,FALSE,WEF_GCIHH,WEF_GCIHH_LIFEEXPECT,BGD,_T,_T,_T,_Z,_Z,_Z,2008,A,YR,NA
105,602,0,NA,A,PU,NA,NA,NA,NA,FALSE,WEF_GCIHH,WEF_GCIHH_LIFEEXPECT,BGD,_T,_T,_T,_Z,_Z,_Z,2008,A,RANK,NA
62,602,0,NA,A,PU,NA,NA,NA,NA,FALSE,WEF_GCIHH,WEF_GCIHH_LIFEEXPECT,BGD,_T,_T,_T,_Z,_Z,_Z,2007,A,YR,NA
104,602,0,NA,A,PU,NA,NA,NA,NA,FALSE,WEF_GCIHH,WEF_GCIHH_LIFEEXPECT,BGD,_T,_T,_T,_Z,_Z,_Z,2007,A,RANK,NA
75.5,602,0,NA,A,PU,NA,NA,NA,NA,TRUE,WEF_GCIHH,WEF_GCIHH_LIFEEXPECT,BRB,_T,_T,_T,_Z,_Z,_Z,2016,A,YR,NA
58,602,0,NA,A,PU,NA,NA,NA,NA,TRUE,WEF_GCIHH,WEF_GCIHH_LIFEEXPECT,BRB,_T,_T,_T,_Z,_Z,_Z,2016,A,RANK,NA
75.13,602,0,NA,A,PU,NA,NA,NA,NA,FALSE,WEF_GCIHH,WEF_GCIHH_LIFEEXPECT,BRB,_T,_T,_T,_Z,_Z,_Z,2014,A,YR,NA
55,602,0,NA,A,PU,NA,NA,NA,NA,FALSE,WEF_GCIHH,WEF_GCIHH_LIFEEXPECT,BRB,_T,_T,_T,_Z,_Z,_Z,2014,A,RANK,NA
76.74,602,0,NA,A,PU,NA,NA,NA,NA,FALSE,WEF_GCIHH,WEF_GCIHH_LIFEEXPECT,BRB,_T,_T,_T,_Z,_Z,_Z,2013,A,YR,NA
43,602,0,NA,A,PU,NA,NA,NA,NA,FALSE,WEF_GCIHH,WEF_GCIHH_LIFEEXPECT,BRB,_T,_T,_T,_Z,_Z,_Z,2013,A,RANK,NA
76.57,602,0,NA,A,PU,NA,NA,NA,NA,FALSE,WEF_GCIHH,WEF_GCIHH_LIFEEXPECT,BRB,_T,_T,_T,_Z,_Z,_Z,2012,A,YR,NA
41,602,0,NA,A,PU,NA,NA,NA,NA,FALSE,WEF_GCIHH,WEF_GCIHH_LIFEEXPECT,BRB,_T,_T,_T,_Z,_Z,_Z,2012,A,RANK,NA
77.24,602,0,NA,A,PU,NA,NA,NA,NA,FALSE,WEF_GCIHH,WEF_GCIHH_LIFEEXPECT,BRB,_T,_T,_T,_Z,_Z,_Z,2011,A,YR,NA
38,602,0,NA,A,PU,NA,NA,NA,NA,FALSE,WEF_GCIHH,WEF_GCIHH_LIFEEXPECT,BRB,_T,_T,_T,_Z,_Z,_Z,2011,A,RANK,NA
77.01,602,0,NA,A,PU,NA,NA,NA,NA,FALSE,WEF_GCIHH,WEF_GCIHH_LIFEEXPECT,BRB,_T,_T,_T,_Z,_Z,_Z,2010,A,YR,NA
39,602,0,NA,A,PU,NA,NA,NA,NA,FALSE,WEF_GCIHH,WEF_GCIHH_LIFEEXPECT,BRB,_T,_T,_T,_Z,_Z,_Z,2010,A,RANK,NA
76,602,0,NA,A,PU,NA,NA,NA,NA,FALSE,WEF_GCIHH,WEF_GCIHH_LIFEEXPECT,BRB,_T,_T,_T,_Z,_Z,_Z,2009,A,YR,NA
38,602,0,NA,A,PU,NA,NA,NA,NA,FALSE,WEF_GCIHH,WEF_GCIHH_LIFEEXPECT,BRB,_T,_T,_T,_Z,_Z,_Z,2009,A,RANK,NA
75,602,0,NA,A,PU,NA,NA,NA,NA,FALSE,WEF_GCIHH,WEF_GCIHH_LIFEEXPECT,BRB,_T,_T,_T,_Z,_Z,_Z,2008,A,YR,NA
42,602,0,NA,A,PU,NA,NA,NA,NA,FALSE,WEF_GCIHH,WEF_GCIHH_LIFEEXPECT,BRB,_T,_T,_T,_Z,_Z,_Z,2008,A,RANK,NA
75,602,0,NA,A,PU,NA,NA,NA,NA,FALSE,WEF_GCIHH,WEF_GCIHH_LIFEEXPECT,BRB,_T,_T,_T,_Z,_Z,_Z,2007,A,YR,NA
40,602,0,NA,A,PU,NA,NA,NA,NA,FALSE,WEF_GCIHH,WEF_GCIHH_LIFEEXPECT,BRB,_T,_T,_T,_Z,_Z,_Z,2007,A,RANK,NA
81.29,602,0,NA,A,PU,NA,NA,NA,NA,TRUE,WEF_GCIHH,WEF_GCIHH_LIFEEXPECT,BEL,_T,_T,_T,_Z,_Z,_Z,2017,A,YR,NA
26,602,0,NA,A,PU,NA,NA,NA,NA,TRUE,WEF_GCIHH,WEF_GCIHH_LIFEEXPECT,BEL,_T,_T,_T,_Z,_Z,_Z,2017,A,RANK,NA
80.59,602,0,NA,A,PU,NA,NA,NA,NA,FALSE,WEF_GCIHH,WEF_GCIHH_LIFEEXPECT,BEL,_T,_T,_T,_Z,_Z,_Z,2016,A,YR,NA
27,602,0,NA,A,PU,NA,NA,NA,NA,FALSE,WEF_GCIHH,WEF_GCIHH_LIFEEXPECT,BEL,_T,_T,_T,_Z,_Z,_Z,2016,A,RANK,NA
80.39,602,0,NA,A,PU,NA,NA,NA,NA,FALSE,WEF_GCIHH,WEF_GCIHH_LIFEEXPECT,BEL,_T,_T,_T,_Z,_Z,_Z,2015,A,YR,NA
25,602,0,NA,A,PU,NA,NA,NA,NA,FALSE,WEF_GCIHH,WEF_GCIHH_LIFEEXPECT,BEL,_T,_T,_T,_Z,_Z,_Z,2015,A,RANK,NA
80.39,602,0,NA,A,PU,NA,NA,NA,NA,FALSE,WEF_GCIHH,WEF_GCIHH_LIFEEXPECT,BEL,_T,_T,_T,_Z,_Z,_Z,2014,A,YR,NA
25,602,0,NA,A,PU,NA,NA,NA,NA,FALSE,WEF_GCIHH,WEF_GCIHH_LIFEEXPECT,BEL,_T,_T,_T,_Z,_Z,_Z,2014,A,RANK,NA
80.49,602,0,NA,A,PU,NA,NA,NA,NA,FALSE,WEF_GCIHH,WEF_GCIHH_LIFEEXPECT,BEL,_T,_T,_T,_Z,_Z,_Z,2013,A,YR,NA
25,602,0,NA,A,PU,NA,NA,NA,NA,FALSE,WEF_GCIHH,WEF_GCIHH_LIFEEXPECT,BEL,_T,_T,_T,_Z,_Z,_Z,2013,A,RANK,NA
79.94,602,0,NA,A,PU,NA,NA,NA,NA,FALSE,WEF_GCIHH,WEF_GCIHH_LIFEEXPECT,BEL,_T,_T,_T,_Z,_Z,_Z,2012,A,YR,NA
24,602,0,NA,A,PU,NA,NA,NA,NA,FALSE,WEF_GCIHH,WEF_GCIHH_LIFEEXPECT,BEL,_T,_T,_T,_Z,_Z,_Z,2012,A,RANK,NA
80.63,602,0,NA,A,PU,NA,NA,NA,NA,FALSE,WEF_GCIHH,WEF_GCIHH_LIFEEXPECT,BEL,_T,_T,_T,_Z,_Z,_Z,2011,A,YR,NA
14,602,0,NA,A,PU,NA,NA,NA,NA,FALSE,WEF_GCIHH,WEF_GCIHH_LIFEEXPECT,BEL,_T,_T,_T,_Z,_Z,_Z,2011,A,RANK,NA
80.11,602,0,NA,A,PU,NA,NA,NA,NA,FALSE,WEF_GCIHH,WEF_GCIHH_LIFEEXPECT,BEL,_T,_T,_T,_Z,_Z,_Z,2010,A,YR,NA
18,602,0,NA,A,PU,NA,NA,NA,NA,FALSE,WEF_GCIHH,WEF_GCIHH_LIFEEXPECT,BEL,_T,_T,_T,_Z,_Z,_Z,2010,A,RANK,NA
80,602,0,NA,A,PU,NA,NA,NA,NA,FALSE,WEF_GCIHH,WEF_GCIHH_LIFEEXPECT,BEL,_T,_T,_T,_Z,_Z,_Z,2009,A,YR,NA
15,602,0,NA,A,PU,NA,NA,NA,NA,FALSE,WEF_GCIHH,WEF_GCIHH_LIFEEXPECT,BEL,_T,_T,_T,_Z,_Z,_Z,2009,A,RANK,NA
79,602,0,NA,A,PU,NA,NA,NA,NA,FALSE,WEF_GCIHH,WEF_GCIHH_LIFEEXPECT,BEL,_T,_T,_T,_Z,_Z,_Z,2008,A,YR,NA
22,602,0,NA,A,PU,NA,NA,NA,NA,FALSE,WEF_GCIHH,WEF_GCIHH_LIFEEXPECT,BEL,_T,_T,_T,_Z,_Z,_Z,2008,A,RANK,NA
78,602,0,NA,A,PU,NA,NA,NA,NA,FALSE,WEF_GCIHH,WEF_GCIHH_LIFEEXPECT,BEL,_T,_T,_T,_Z,_Z,_Z,2007,A,YR,NA
24,602,0,NA,A,PU,NA,NA,NA,NA,FALSE,WEF_GCIHH,WEF_GCIHH_LIFEEXPECT,BEL,_T,_T,_T,_Z,_Z,_Z,2007,A,RANK,NA
76.59,602,0,NA,A,PU,NA,NA,NA,NA,TRUE,WEF_GCIHH,WEF_GCIHH_LIFEEXPECT,BLZ,_T,_T,_T,_Z,_Z,_Z,2011,A,YR,NA
41,602,0,NA,A,PU,NA,NA,NA,NA,TRUE,WEF_GCIHH,WEF_GCIHH_LIFEEXPECT,BLZ,_T,_T,_T,_Z,_Z,_Z,2011,A,RANK,NA
59.72,602,0,NA,A,PU,NA,NA,NA,NA,TRUE,WEF_GCIHH,WEF_GCIHH_LIFEEXPECT,BEN,_T,_T,_T,_Z,_Z,_Z,2017,A,YR,NA
123,602,0,NA,A,PU,NA,NA,NA,NA,TRUE,WEF_GCIHH,WEF_GCIHH_LIFEEXPECT,BEN,_T,_T,_T,_Z,_Z,_Z,2017,A,RANK,NA
59.51,602,0,NA,A,PU,NA,NA,NA,NA,FALSE,WEF_GCIHH,WEF_GCIHH_LIFEEXPECT,BEN,_T,_T,_T,_Z,_Z,_Z,2016,A,YR,NA
125,602,0,NA,A,PU,NA,NA,NA,NA,FALSE,WEF_GCIHH,WEF_GCIHH_LIFEEXPECT,BEN,_T,_T,_T,_Z,_Z,_Z,2016,A,RANK,NA
59.29,602,0,NA,A,PU,NA,NA,NA,NA,FALSE,WEF_GCIHH,WEF_GCIHH_LIFEEXPECT,BEN,_T,_T,_T,_Z,_Z,_Z,2015,A,YR,NA
123,602,0,NA,A,PU,NA,NA,NA,NA,FALSE,WEF_GCIHH,WEF_GCIHH_LIFEEXPECT,BEN,_T,_T,_T,_Z,_Z,_Z,2015,A,RANK,NA
56.01,602,0,NA,A,PU,NA,NA,NA,NA,FALSE,WEF_GCIHH,WEF_GCIHH_LIFEEXPECT,BEN,_T,_T,_T,_Z,_Z,_Z,2013,A,YR,NA
128,602,0,NA,A,PU,NA,NA,NA,NA,FALSE,WEF_GCIHH,WEF_GCIHH_LIFEEXPECT,BEN,_T,_T,_T,_Z,_Z,_Z,2013,A,RANK,NA
55.59,602,0,NA,A,PU,NA,NA,NA,NA,FALSE,WEF_GCIHH,WEF_GCIHH_LIFEEXPECT,BEN,_T,_T,_T,_Z,_Z,_Z,2012,A,YR,NA
125,602,0,NA,A,PU,NA,NA,NA,NA,FALSE,WEF_GCIHH,WEF_GCIHH_LIFEEXPECT,BEN,_T,_T,_T,_Z,_Z,_Z,2012,A,RANK,NA
61.81,602,0,NA,A,PU,NA,NA,NA,NA,FALSE,WEF_GCIHH,WEF_GCIHH_LIFEEXPECT,BEN,_T,_T,_T,_Z,_Z,_Z,2011,A,YR,NA
112,602,0,NA,A,PU,NA,NA,NA,NA,FALSE,WEF_GCIHH,WEF_GCIHH_LIFEEXPECT,BEN,_T,_T,_T,_Z,_Z,_Z,2011,A,RANK,NA
61.38,602,0,NA,A,PU,NA,NA,NA,NA,FALSE,WEF_GCIHH,WEF_GCIHH_LIFEEXPECT,BEN,_T,_T,_T,_Z,_Z,_Z,2010,A,YR,NA
110,602,0,NA,A,PU,NA,NA,NA,NA,FALSE,WEF_GCIHH,WEF_GCIHH_LIFEEXPECT,BEN,_T,_T,_T,_Z,_Z,_Z,2010,A,RANK,NA
57,602,0,NA,A,PU,NA,NA,NA,NA,FALSE,WEF_GCIHH,WEF_GCIHH_LIFEEXPECT,BEN,_T,_T,_T,_Z,_Z,_Z,2009,A,YR,NA
114,602,0,NA,A,PU,NA,NA,NA,NA,FALSE,WEF_GCIHH,WEF_GCIHH_LIFEEXPECT,BEN,_T,_T,_T,_Z,_Z,_Z,2009,A,RANK,NA
55,602,0,NA,A,PU,NA,NA,NA,NA,FALSE,WEF_GCIHH,WEF_GCIHH_LIFEEXPECT,BEN,_T,_T,_T,_Z,_Z,_Z,2008,A,YR,NA
117,602,0,NA,A,PU,NA,NA,NA,NA,FALSE,WEF_GCIHH,WEF_GCIHH_LIFEEXPECT,BEN,_T,_T,_T,_Z,_Z,_Z,2008,A,RANK,NA
53,602,0,NA,A,PU,NA,NA,NA,NA,FALSE,WEF_GCIHH,WEF_GCIHH_LIFEEXPECT,BEN,_T,_T,_T,_Z,_Z,_Z,2007,A,YR,NA
115,602,0,NA,A,PU,NA,NA,NA,NA,FALSE,WEF_GCIHH,WEF_GCIHH_LIFEEXPECT,BEN,_T,_T,_T,_Z,_Z,_Z,2007,A,RANK,NA
69.83,602,0,NA,A,PU,NA,NA,NA,NA,TRUE,WEF_GCIHH,WEF_GCIHH_LIFEEXPECT,BTN,_T,_T,_T,_Z,_Z,_Z,2017,A,YR,NA
98,602,0,NA,A,PU,NA,NA,NA,NA,TRUE,WEF_GCIHH,WEF_GCIHH_LIFEEXPECT,BTN,_T,_T,_T,_Z,_Z,_Z,2017,A,RANK,NA
69.47,602,0,NA,A,PU,NA,NA,NA,NA,FALSE,WEF_GCIHH,WEF_GCIHH_LIFEEXPECT,BTN,_T,_T,_T,_Z,_Z,_Z,2016,A,YR,NA
100,602,0,NA,A,PU,NA,NA,NA,NA,FALSE,WEF_GCIHH,WEF_GCIHH_LIFEEXPECT,BTN,_T,_T,_T,_Z,_Z,_Z,2016,A,RANK,NA
68.3,602,0,NA,A,PU,NA,NA,NA,NA,FALSE,WEF_GCIHH,WEF_GCIHH_LIFEEXPECT,BTN,_T,_T,_T,_Z,_Z,_Z,2015,A,YR,NA
101,602,0,NA,A,PU,NA,NA,NA,NA,FALSE,WEF_GCIHH,WEF_GCIHH_LIFEEXPECT,BTN,_T,_T,_T,_Z,_Z,_Z,2015,A,RANK,NA
67.89,602,0,NA,A,PU,NA,NA,NA,NA,FALSE,WEF_GCIHH,WEF_GCIHH_LIFEEXPECT,BTN,_T,_T,_T,_Z,_Z,_Z,2014,A,YR,NA
103,602,0,NA,A,PU,NA,NA,NA,NA,FALSE,WEF_GCIHH,WEF_GCIHH_LIFEEXPECT,BTN,_T,_T,_T,_Z,_Z,_Z,2014,A,RANK,NA
67.28,602,0,NA,A,PU,NA,NA,NA,NA,FALSE,WEF_GCIHH,WEF_GCIHH_LIFEEXPECT,BTN,_T,_T,_T,_Z,_Z,_Z,2013,A,YR,NA
108,602,0,NA,A,PU,NA,NA,NA,NA,FALSE,WEF_GCIHH,WEF_GCIHH_LIFEEXPECT,BTN,_T,_T,_T,_Z,_Z,_Z,2013,A,RANK,NA
68.34,602,0,NA,A,PU,NA,NA,NA,NA,TRUE,WEF_GCIHH,WEF_GCIHH_LIFEEXPECT,BOL,_T,_T,_T,_Z,_Z,_Z,2016,A,YR,NA
103,602,0,NA,A,PU,NA,NA,NA,NA,TRUE,WEF_GCIHH,WEF_GCIHH_LIFEEXPECT,BOL,_T,_T,_T,_Z,_Z,_Z,2016,A,RANK,NA
67.22,602,0,NA,A,PU,NA,NA,NA,NA,FALSE,WEF_GCIHH,WEF_GCIHH_LIFEEXPECT,BOL,_T,_T,_T,_Z,_Z,_Z,2015,A,YR,NA
105,602,0,NA,A,PU,NA,NA,NA,NA,FALSE,WEF_GCIHH,WEF_GCIHH_LIFEEXPECT,BOL,_T,_T,_T,_Z,_Z,_Z,2015,A,RANK,NA
66.93,602,0,NA,A,PU,NA,NA,NA,NA,FALSE,WEF_GCIHH,WEF_GCIHH_LIFEEXPECT,BOL,_T,_T,_T,_Z,_Z,_Z,2014,A,YR,NA
108,602,0,NA,A,PU,NA,NA,NA,NA,FALSE,WEF_GCIHH,WEF_GCIHH_LIFEEXPECT,BOL,_T,_T,_T,_Z,_Z,_Z,2014,A,RANK,NA
66.58,602,0,NA,A,PU,NA,NA,NA,NA,FALSE,WEF_GCIHH,WEF_GCIHH_LIFEEXPECT,BOL,_T,_T,_T,_Z,_Z,_Z,2013,A,YR,NA
110,602,0,NA,A,PU,NA,NA,NA,NA,FALSE,WEF_GCIHH,WEF_GCIHH_LIFEEXPECT,BOL,_T,_T,_T,_Z,_Z,_Z,2013,A,RANK,NA
66.27,602,0,NA,A,PU,NA,NA,NA,NA,FALSE,WEF_GCIHH,WEF_GCIHH_LIFEEXPECT,BOL,_T,_T,_T,_Z,_Z,_Z,2012,A,YR,NA
108,602,0,NA,A,PU,NA,NA,NA,NA,FALSE,WEF_GCIHH,WEF_GCIHH_LIFEEXPECT,BOL,_T,_T,_T,_Z,_Z,_Z,2012,A,RANK,NA
66.01,602,0,NA,A,PU,NA,NA,NA,NA,FALSE,WEF_GCIHH,WEF_GCIHH_LIFEEXPECT,BOL,_T,_T,_T,_Z,_Z,_Z,2011,A,YR,NA
109,602,0,NA,A,PU,NA,NA,NA,NA,FALSE,WEF_GCIHH,WEF_GCIHH_LIFEEXPECT,BOL,_T,_T,_T,_Z,_Z,_Z,2011,A,RANK,NA
65.68,602,0,NA,A,PU,NA,NA,NA,NA,FALSE,WEF_GCIHH,WEF_GCIHH_LIFEEXPECT,BOL,_T,_T,_T,_Z,_Z,_Z,2010,A,YR,NA
108,602,0,NA,A,PU,NA,NA,NA,NA,FALSE,WEF_GCIHH,WEF_GCIHH_LIFEEXPECT,BOL,_T,_T,_T,_Z,_Z,_Z,2010,A,RANK,NA
66,602,0,NA,A,PU,NA,NA,NA,NA,FALSE,WEF_GCIHH,WEF_GCIHH_LIFEEXPECT,BOL,_T,_T,_T,_Z,_Z,_Z,2009,A,YR,NA
97,602,0,NA,A,PU,NA,NA,NA,NA,FALSE,WEF_GCIHH,WEF_GCIHH_LIFEEXPECT,BOL,_T,_T,_T,_Z,_Z,_Z,2009,A,RANK,NA
66,602,0,NA,A,PU,NA,NA,NA,NA,FALSE,WEF_GCIHH,WEF_GCIHH_LIFEEXPECT,BOL,_T,_T,_T,_Z,_Z,_Z,2008,A,YR,NA
96,602,0,NA,A,PU,NA,NA,NA,NA,FALSE,WEF_GCIHH,WEF_GCIHH_LIFEEXPECT,BOL,_T,_T,_T,_Z,_Z,_Z,2008,A,RANK,NA
65,602,0,NA,A,PU,NA,NA,NA,NA,FALSE,WEF_GCIHH,WEF_GCIHH_LIFEEXPECT,BOL,_T,_T,_T,_Z,_Z,_Z,2007,A,YR,NA
96,602,0,NA,A,PU,NA,NA,NA,NA,FALSE,WEF_GCIHH,WEF_GCIHH_LIFEEXPECT,BOL,_T,_T,_T,_Z,_Z,_Z,2007,A,RANK,NA
76.59,602,0,NA,A,PU,NA,NA,NA,NA,TRUE,WEF_GCIHH,WEF_GCIHH_LIFEEXPECT,BIH,_T,_T,_T,_Z,_Z,_Z,2017,A,YR,NA
49,602,0,NA,A,PU,NA,NA,NA,NA,TRUE,WEF_GCIHH,WEF_GCIHH_LIFEEXPECT,BIH,_T,_T,_T,_Z,_Z,_Z,2017,A,RANK,NA
76.43,602,0,NA,A,PU,NA,NA,NA,NA,FALSE,WEF_GCIHH,WEF_GCIHH_LIFEEXPECT,BIH,_T,_T,_T,_Z,_Z,_Z,2016,A,YR,NA
49,602,0,NA,A,PU,NA,NA,NA,NA,FALSE,WEF_GCIHH,WEF_GCIHH_LIFEEXPECT,BIH,_T,_T,_T,_Z,_Z,_Z,2016,A,RANK,NA
76.28,602,0,NA,A,PU,NA,NA,NA,NA,FALSE,WEF_GCIHH,WEF_GCIHH_LIFEEXPECT,BIH,_T,_T,_T,_Z,_Z,_Z,2015,A,YR,NA
48,602,0,NA,A,PU,NA,NA,NA,NA,FALSE,WEF_GCIHH,WEF_GCIHH_LIFEEXPECT,BIH,_T,_T,_T,_Z,_Z,_Z,2015,A,RANK,NA
75.55,602,0,NA,A,PU,NA,NA,NA,NA,FALSE,WEF_GCIHH,WEF_GCIHH_LIFEEXPECT,BIH,_T,_T,_T,_Z,_Z,_Z,2013,A,YR,NA
50,602,0,NA,A,PU,NA,NA,NA,NA,FALSE,WEF_GCIHH,WEF_GCIHH_LIFEEXPECT,BIH,_T,_T,_T,_Z,_Z,_Z,2013,A,RANK,NA
75.4,602,0,NA,A,PU,NA,NA,NA,NA,FALSE,WEF_GCIHH,WEF_GCIHH_LIFEEXPECT,BIH,_T,_T,_T,_Z,_Z,_Z,2012,A,YR,NA
49,602,0,NA,A,PU,NA,NA,NA,NA,FALSE,WEF_GCIHH,WEF_GCIHH_LIFEEXPECT,BIH,_T,_T,_T,_Z,_Z,_Z,2012,A,RANK,NA
75.25,602,0,NA,A,PU,NA,NA,NA,NA,FALSE,WEF_GCIHH,WEF_GCIHH_LIFEEXPECT,BIH,_T,_T,_T,_Z,_Z,_Z,2011,A,YR,NA
52,602,0,NA,A,PU,NA,NA,NA,NA,FALSE,WEF_GCIHH,WEF_GCIHH_LIFEEXPECT,BIH,_T,_T,_T,_Z,_Z,_Z,2011,A,RANK,NA
75.11,602,0,NA,A,PU,NA,NA,NA,NA,FALSE,WEF_GCIHH,WEF_GCIHH_LIFEEXPECT,BIH,_T,_T,_T,_Z,_Z,_Z,2010,A,YR,NA
50,602,0,NA,A,PU,NA,NA,NA,NA,FALSE,WEF_GCIHH,WEF_GCIHH_LIFEEXPECT,BIH,_T,_T,_T,_Z,_Z,_Z,2010,A,RANK,NA
75,602,0,NA,A,PU,NA,NA,NA,NA,FALSE,WEF_GCIHH,WEF_GCIHH_LIFEEXPECT,BIH,_T,_T,_T,_Z,_Z,_Z,2009,A,YR,NA
45,602,0,NA,A,PU,NA,NA,NA,NA,FALSE,WEF_GCIHH,WEF_GCIHH_LIFEEXPECT,BIH,_T,_T,_T,_Z,_Z,_Z,2009,A,RANK,NA
75,602,0,NA,A,PU,NA,NA,NA,NA,FALSE,WEF_GCIHH,WEF_GCIHH_LIFEEXPECT,BIH,_T,_T,_T,_Z,_Z,_Z,2008,A,YR,NA
42,602,0,NA,A,PU,NA,NA,NA,NA,FALSE,WEF_GCIHH,WEF_GCIHH_LIFEEXPECT,BIH,_T,_T,_T,_Z,_Z,_Z,2008,A,RANK,NA
73,602,0,NA,A,PU,NA,NA,NA,NA,FALSE,WEF_GCIHH,WEF_GCIHH_LIFEEXPECT,BIH,_T,_T,_T,_Z,_Z,_Z,2007,A,YR,NA
51,602,0,NA,A,PU,NA,NA,NA,NA,FALSE,WEF_GCIHH,WEF_GCIHH_LIFEEXPECT,BIH,_T,_T,_T,_Z,_Z,_Z,2007,A,RANK,NA
64.49,602,0,NA,A,PU,NA,NA,NA,NA,TRUE,WEF_GCIHH,WEF_GCIHH_LIFEEXPECT,BWA,_T,_T,_T,_Z,_Z,_Z,2017,A,YR,NA
113,602,0,NA,A,PU,NA,NA,NA,NA,TRUE,WEF_GCIHH,WEF_GCIHH_LIFEEXPECT,BWA,_T,_T,_T,_Z,_Z,_Z,2017,A,RANK,NA
64.43,602,0,NA,A,PU,NA,NA,NA,NA,FALSE,WEF_GCIHH,WEF_GCIHH_LIFEEXPECT,BWA,_T,_T,_T,_Z,_Z,_Z,2016,A,YR,NA
113,602,0,NA,A,PU,NA,NA,NA,NA,FALSE,WEF_GCIHH,WEF_GCIHH_LIFEEXPECT,BWA,_T,_T,_T,_Z,_Z,_Z,2016,A,RANK,NA
47.41,602,0,NA,A,PU,NA,NA,NA,NA,FALSE,WEF_GCIHH,WEF_GCIHH_LIFEEXPECT,BWA,_T,_T,_T,_Z,_Z,_Z,2015,A,YR,NA
139,602,0,NA,A,PU,NA,NA,NA,NA,FALSE,WEF_GCIHH,WEF_GCIHH_LIFEEXPECT,BWA,_T,_T,_T,_Z,_Z,_Z,2015,A,RANK,NA
46.99,602,0,NA,A,PU,NA,NA,NA,NA,FALSE,WEF_GCIHH,WEF_GCIHH_LIFEEXPECT,BWA,_T,_T,_T,_Z,_Z,_Z,2014,A,YR,NA
143,602,0,NA,A,PU,NA,NA,NA,NA,FALSE,WEF_GCIHH,WEF_GCIHH_LIFEEXPECT,BWA,_T,_T,_T,_Z,_Z,_Z,2014,A,RANK,NA
53.02,602,0,NA,A,PU,NA,NA,NA,NA,FALSE,WEF_GCIHH,WEF_GCIHH_LIFEEXPECT,BWA,_T,_T,_T,_Z,_Z,_Z,2013,A,YR,NA
135,602,0,NA,A,PU,NA,NA,NA,NA,FALSE,WEF_GCIHH,WEF_GCIHH_LIFEEXPECT,BWA,_T,_T,_T,_Z,_Z,_Z,2013,A,RANK,NA
53.11,602,0,NA,A,PU,NA,NA,NA,NA,FALSE,WEF_GCIHH,WEF_GCIHH_LIFEEXPECT,BWA,_T,_T,_T,_Z,_Z,_Z,2012,A,YR,NA
132,602,0,NA,A,PU,NA,NA,NA,NA,FALSE,WEF_GCIHH,WEF_GCIHH_LIFEEXPECT,BWA,_T,_T,_T,_Z,_Z,_Z,2012,A,RANK,NA
54.95,602,0,NA,A,PU,NA,NA,NA,NA,FALSE,WEF_GCIHH,WEF_GCIHH_LIFEEXPECT,BWA,_T,_T,_T,_Z,_Z,_Z,2011,A,YR,NA
125,602,0,NA,A,PU,NA,NA,NA,NA,FALSE,WEF_GCIHH,WEF_GCIHH_LIFEEXPECT,BWA,_T,_T,_T,_Z,_Z,_Z,2011,A,RANK,NA
54.24,602,0,NA,A,PU,NA,NA,NA,NA,FALSE,WEF_GCIHH,WEF_GCIHH_LIFEEXPECT,BWA,_T,_T,_T,_Z,_Z,_Z,2010,A,YR,NA
122,602,0,NA,A,PU,NA,NA,NA,NA,FALSE,WEF_GCIHH,WEF_GCIHH_LIFEEXPECT,BWA,_T,_T,_T,_Z,_Z,_Z,2010,A,RANK,NA
56,602,0,NA,A,PU,NA,NA,NA,NA,FALSE,WEF_GCIHH,WEF_GCIHH_LIFEEXPECT,BWA,_T,_T,_T,_Z,_Z,_Z,2009,A,YR,NA
117,602,0,NA,A,PU,NA,NA,NA,NA,FALSE,WEF_GCIHH,WEF_GCIHH_LIFEEXPECT,BWA,_T,_T,_T,_Z,_Z,_Z,2009,A,RANK,NA
52,602,0,NA,A,PU,NA,NA,NA,NA,FALSE,WEF_GCIHH,WEF_GCIHH_LIFEEXPECT,BWA,_T,_T,_T,_Z,_Z,_Z,2008,A,YR,NA
120,602,0,NA,A,PU,NA,NA,NA,NA,FALSE,WEF_GCIHH,WEF_GCIHH_LIFEEXPECT,BWA,_T,_T,_T,_Z,_Z,_Z,2008,A,RANK,NA
40,602,0,NA,A,PU,NA,NA,NA,NA,FALSE,WEF_GCIHH,WEF_GCIHH_LIFEEXPECT,BWA,_T,_T,_T,_Z,_Z,_Z,2007,A,YR,NA
129,602,0,NA,A,PU,NA,NA,NA,NA,FALSE,WEF_GCIHH,WEF_GCIHH_LIFEEXPECT,BWA,_T,_T,_T,_Z,_Z,_Z,2007,A,RANK,NA
74.68,602,0,NA,A,PU,NA,NA,NA,NA,TRUE,WEF_GCIHH,WEF_GCIHH_LIFEEXPECT,BRA,_T,_T,_T,_Z,_Z,_Z,2017,A,YR,NA
71,602,0,NA,A,PU,NA,NA,NA,NA,TRUE,WEF_GCIHH,WEF_GCIHH_LIFEEXPECT,BRA,_T,_T,_T,_Z,_Z,_Z,2017,A,RANK,NA
74.4,602,0,NA,A,PU,NA,NA,NA,NA,FALSE,WEF_GCIHH,WEF_GCIHH_LIFEEXPECT,BRA,_T,_T,_T,_Z,_Z,_Z,2016,A,YR,NA
73,602,0,NA,A,PU,NA,NA,NA,NA,FALSE,WEF_GCIHH,WEF_GCIHH_LIFEEXPECT,BRA,_T,_T,_T,_Z,_Z,_Z,2016,A,RANK,NA
73.89,602,0,NA,A,PU,NA,NA,NA,NA,FALSE,WEF_GCIHH,WEF_GCIHH_LIFEEXPECT,BRA,_T,_T,_T,_Z,_Z,_Z,2015,A,YR,NA
78,602,0,NA,A,PU,NA,NA,NA,NA,FALSE,WEF_GCIHH,WEF_GCIHH_LIFEEXPECT,BRA,_T,_T,_T,_Z,_Z,_Z,2015,A,RANK,NA
73.62,602,0,NA,A,PU,NA,NA,NA,NA,FALSE,WEF_GCIHH,WEF_GCIHH_LIFEEXPECT,BRA,_T,_T,_T,_Z,_Z,_Z,2014,A,YR,NA
78,602,0,NA,A,PU,NA,NA,NA,NA,FALSE,WEF_GCIHH,WEF_GCIHH_LIFEEXPECT,BRA,_T,_T,_T,_Z,_Z,_Z,2014,A,RANK,NA
73.44,602,0,NA,A,PU,NA,NA,NA,NA,FALSE,WEF_GCIHH,WEF_GCIHH_LIFEEXPECT,BRA,_T,_T,_T,_Z,_Z,_Z,2013,A,YR,NA
78,602,0,NA,A,PU,NA,NA,NA,NA,FALSE,WEF_GCIHH,WEF_GCIHH_LIFEEXPECT,BRA,_T,_T,_T,_Z,_Z,_Z,2013,A,RANK,NA
73.1,602,0,NA,A,PU,NA,NA,NA,NA,FALSE,WEF_GCIHH,WEF_GCIHH_LIFEEXPECT,BRA,_T,_T,_T,_Z,_Z,_Z,2012,A,YR,NA
79,602,0,NA,A,PU,NA,NA,NA,NA,FALSE,WEF_GCIHH,WEF_GCIHH_LIFEEXPECT,BRA,_T,_T,_T,_Z,_Z,_Z,2012,A,RANK,NA
72.64,602,0,NA,A,PU,NA,NA,NA,NA,FALSE,WEF_GCIHH,WEF_GCIHH_LIFEEXPECT,BRA,_T,_T,_T,_Z,_Z,_Z,2011,A,YR,NA
77,602,0,NA,A,PU,NA,NA,NA,NA,FALSE,WEF_GCIHH,WEF_GCIHH_LIFEEXPECT,BRA,_T,_T,_T,_Z,_Z,_Z,2011,A,RANK,NA
72.4,602,0,NA,A,PU,NA,NA,NA,NA,FALSE,WEF_GCIHH,WEF_GCIHH_LIFEEXPECT,BRA,_T,_T,_T,_Z,_Z,_Z,2010,A,YR,NA
76,602,0,NA,A,PU,NA,NA,NA,NA,FALSE,WEF_GCIHH,WEF_GCIHH_LIFEEXPECT,BRA,_T,_T,_T,_Z,_Z,_Z,2010,A,RANK,NA
73,602,0,NA,A,PU,NA,NA,NA,NA,FALSE,WEF_GCIHH,WEF_GCIHH_LIFEEXPECT,BRA,_T,_T,_T,_Z,_Z,_Z,2009,A,YR,NA
59,602,0,NA,A,PU,NA,NA,NA,NA,FALSE,WEF_GCIHH,WEF_GCIHH_LIFEEXPECT,BRA,_T,_T,_T,_Z,_Z,_Z,2009,A,RANK,NA
72,602,0,NA,A,PU,NA,NA,NA,NA,FALSE,WEF_GCIHH,WEF_GCIHH_LIFEEXPECT,BRA,_T,_T,_T,_Z,_Z,_Z,2008,A,YR,NA
66,602,0,NA,A,PU,NA,NA,NA,NA,FALSE,WEF_GCIHH,WEF_GCIHH_LIFEEXPECT,BRA,_T,_T,_T,_Z,_Z,_Z,2008,A,RANK,NA
70,602,0,NA,A,PU,NA,NA,NA,NA,FALSE,WEF_GCIHH,WEF_GCIHH_LIFEEXPECT,BRA,_T,_T,_T,_Z,_Z,_Z,2007,A,YR,NA
81,602,0,NA,A,PU,NA,NA,NA,NA,FALSE,WEF_GCIHH,WEF_GCIHH_LIFEEXPECT,BRA,_T,_T,_T,_Z,_Z,_Z,2007,A,RANK,NA
79.04,602,0,NA,A,PU,NA,NA,NA,NA,TRUE,WEF_GCIHH,WEF_GCIHH_LIFEEXPECT,BRN,_T,_T,_T,_Z,_Z,_Z,2017,A,YR,NA
35,602,0,NA,A,PU,NA,NA,NA,NA,TRUE,WEF_GCIHH,WEF_GCIHH_LIFEEXPECT,BRN,_T,_T,_T,_Z,_Z,_Z,2017,A,RANK,NA
78.81,602,0,NA,A,PU,NA,NA,NA,NA,FALSE,WEF_GCIHH,WEF_GCIHH_LIFEEXPECT,BRN,_T,_T,_T,_Z,_Z,_Z,2016,A,YR,NA
35,602,0,NA,A,PU,NA,NA,NA,NA,FALSE,WEF_GCIHH,WEF_GCIHH_LIFEEXPECT,BRN,_T,_T,_T,_Z,_Z,_Z,2016,A,RANK,NA
78.07,602,0,NA,A,PU,NA,NA,NA,NA,FALSE,WEF_GCIHH,WEF_GCIHH_LIFEEXPECT,BRN,_T,_T,_T,_Z,_Z,_Z,2013,A,YR,NA
36,602,0,NA,A,PU,NA,NA,NA,NA,FALSE,WEF_GCIHH,WEF_GCIHH_LIFEEXPECT,BRN,_T,_T,_T,_Z,_Z,_Z,2013,A,RANK,NA
77.93,602,0,NA,A,PU,NA,NA,NA,NA,FALSE,WEF_GCIHH,WEF_GCIHH_LIFEEXPECT,BRN,_T,_T,_T,_Z,_Z,_Z,2012,A,YR,NA
36,602,0,NA,A,PU,NA,NA,NA,NA,FALSE,WEF_GCIHH,WEF_GCIHH_LIFEEXPECT,BRN,_T,_T,_T,_Z,_Z,_Z,2012,A,RANK,NA
77.51,602,0,NA,A,PU,NA,NA,NA,NA,FALSE,WEF_GCIHH,WEF_GCIHH_LIFEEXPECT,BRN,_T,_T,_T,_Z,_Z,_Z,2011,A,YR,NA
37,602,0,NA,A,PU,NA,NA,NA,NA,FALSE,WEF_GCIHH,WEF_GCIHH_LIFEEXPECT,BRN,_T,_T,_T,_Z,_Z,_Z,2011,A,RANK,NA
77.36,602,0,NA,A,PU,NA,NA,NA,NA,FALSE,WEF_GCIHH,WEF_GCIHH_LIFEEXPECT,BRN,_T,_T,_T,_Z,_Z,_Z,2010,A,YR,NA
37,602,0,NA,A,PU,NA,NA,NA,NA,FALSE,WEF_GCIHH,WEF_GCIHH_LIFEEXPECT,BRN,_T,_T,_T,_Z,_Z,_Z,2010,A,RANK,NA
76,602,0,NA,A,PU,NA,NA,NA,NA,FALSE,WEF_GCIHH,WEF_GCIHH_LIFEEXPECT,BRN,_T,_T,_T,_Z,_Z,_Z,2009,A,YR,NA
38,602,0,NA,A,PU,NA,NA,NA,NA,FALSE,WEF_GCIHH,WEF_GCIHH_LIFEEXPECT,BRN,_T,_T,_T,_Z,_Z,_Z,2009,A,RANK,NA
77,602,0,NA,A,PU,NA,NA,NA,NA,FALSE,WEF_GCIHH,WEF_GCIHH_LIFEEXPECT,BRN,_T,_T,_T,_Z,_Z,_Z,2008,A,YR,NA
37,602,0,NA,A,PU,NA,NA,NA,NA,FALSE,WEF_GCIHH,WEF_GCIHH_LIFEEXPECT,BRN,_T,_T,_T,_Z,_Z,_Z,2008,A,RANK,NA
74.47,602,0,NA,A,PU,NA,NA,NA,NA,TRUE,WEF_GCIHH,WEF_GCIHH_LIFEEXPECT,BGR,_T,_T,_T,_Z,_Z,_Z,2017,A,YR,NA
74,602,0,NA,A,PU,NA,NA,NA,NA,TRUE,WEF_GCIHH,WEF_GCIHH_LIFEEXPECT,BGR,_T,_T,_T,_Z,_Z,_Z,2017,A,RANK,NA
75.41,602,0,NA,A,PU,NA,NA,NA,NA,FALSE,WEF_GCIHH,WEF_GCIHH_LIFEEXPECT,BGR,_T,_T,_T,_Z,_Z,_Z,2016,A,YR,NA
59,602,0,NA,A,PU,NA,NA,NA,NA,FALSE,WEF_GCIHH,WEF_GCIHH_LIFEEXPECT,BGR,_T,_T,_T,_Z,_Z,_Z,2016,A,RANK,NA
74.47,602,0,NA,A,PU,NA,NA,NA,NA,FALSE,WEF_GCIHH,WEF_GCIHH_LIFEEXPECT,BGR,_T,_T,_T,_Z,_Z,_Z,2015,A,YR,NA
65,602,0,NA,A,PU,NA,NA,NA,NA,FALSE,WEF_GCIHH,WEF_GCIHH_LIFEEXPECT,BGR,_T,_T,_T,_Z,_Z,_Z,2015,A,RANK,NA
74.31,602,0,NA,A,PU,NA,NA,NA,NA,FALSE,WEF_GCIHH,WEF_GCIHH_LIFEEXPECT,BGR,_T,_T,_T,_Z,_Z,_Z,2014,A,YR,NA
69,602,0,NA,A,PU,NA,NA,NA,NA,FALSE,WEF_GCIHH,WEF_GCIHH_LIFEEXPECT,BGR,_T,_T,_T,_Z,_Z,_Z,2014,A,RANK,NA
74.16,602,0,NA,A,PU,NA,NA,NA,NA,FALSE,WEF_GCIHH,WEF_GCIHH_LIFEEXPECT,BGR,_T,_T,_T,_Z,_Z,_Z,2013,A,YR,NA
64,602,0,NA,A,PU,NA,NA,NA,NA,FALSE,WEF_GCIHH,WEF_GCIHH_LIFEEXPECT,BGR,_T,_T,_T,_Z,_Z,_Z,2013,A,RANK,NA
73.51,602,0,NA,A,PU,NA,NA,NA,NA,FALSE,WEF_GCIHH,WEF_GCIHH_LIFEEXPECT,BGR,_T,_T,_T,_Z,_Z,_Z,2012,A,YR,NA
69,602,0,NA,A,PU,NA,NA,NA,NA,FALSE,WEF_GCIHH,WEF_GCIHH_LIFEEXPECT,BGR,_T,_T,_T,_Z,_Z,_Z,2012,A,RANK,NA
73.41,602,0,NA,A,PU,NA,NA,NA,NA,FALSE,WEF_GCIHH,WEF_GCIHH_LIFEEXPECT,BGR,_T,_T,_T,_Z,_Z,_Z,2011,A,YR,NA
69,602,0,NA,A,PU,NA,NA,NA,NA,FALSE,WEF_GCIHH,WEF_GCIHH_LIFEEXPECT,BGR,_T,_T,_T,_Z,_Z,_Z,2011,A,RANK,NA
73.32,602,0,NA,A,PU,NA,NA,NA,NA,FALSE,WEF_GCIHH,WEF_GCIHH_LIFEEXPECT,BGR,_T,_T,_T,_Z,_Z,_Z,2010,A,YR,NA
67,602,0,NA,A,PU,NA,NA,NA,NA,FALSE,WEF_GCIHH,WEF_GCIHH_LIFEEXPECT,BGR,_T,_T,_T,_Z,_Z,_Z,2010,A,RANK,NA
73,602,0,NA,A,PU,NA,NA,NA,NA,FALSE,WEF_GCIHH,WEF_GCIHH_LIFEEXPECT,BGR,_T,_T,_T,_Z,_Z,_Z,2009,A,YR,NA
59,602,0,NA,A,PU,NA,NA,NA,NA,FALSE,WEF_GCIHH,WEF_GCIHH_LIFEEXPECT,BGR,_T,_T,_T,_Z,_Z,_Z,2009,A,RANK,NA
73,602,0,NA,A,PU,NA,NA,NA,NA,FALSE,WEF_GCIHH,WEF_GCIHH_LIFEEXPECT,BGR,_T,_T,_T,_Z,_Z,_Z,2008,A,YR,NA
55,602,0,NA,A,PU,NA,NA,NA,NA,FALSE,WEF_GCIHH,WEF_GCIHH_LIFEEXPECT,BGR,_T,_T,_T,_Z,_Z,_Z,2008,A,RANK,NA
72,602,0,NA,A,PU,NA,NA,NA,NA,FALSE,WEF_GCIHH,WEF_GCIHH_LIFEEXPECT,BGR,_T,_T,_T,_Z,_Z,_Z,2007,A,YR,NA
56,602,0,NA,A,PU,NA,NA,NA,NA,FALSE,WEF_GCIHH,WEF_GCIHH_LIFEEXPECT,BGR,_T,_T,_T,_Z,_Z,_Z,2007,A,RANK,NA
55.86,602,0,NA,A,PU,NA,NA,NA,NA,TRUE,WEF_GCIHH,WEF_GCIHH_LIFEEXPECT,BFA,_T,_T,_T,_Z,_Z,_Z,2014,A,YR,NA
130,602,0,NA,A,PU,NA,NA,NA,NA,TRUE,WEF_GCIHH,WEF_GCIHH_LIFEEXPECT,BFA,_T,_T,_T,_Z,_Z,_Z,2014,A,RANK,NA
55.36,602,0,NA,A,PU,NA,NA,NA,NA,FALSE,WEF_GCIHH,WEF_GCIHH_LIFEEXPECT,BFA,_T,_T,_T,_Z,_Z,_Z,2013,A,YR,NA
131,602,0,NA,A,PU,NA,NA,NA,NA,FALSE,WEF_GCIHH,WEF_GCIHH_LIFEEXPECT,BFA,_T,_T,_T,_Z,_Z,_Z,2013,A,RANK,NA
54.92,602,0,NA,A,PU,NA,NA,NA,NA,FALSE,WEF_GCIHH,WEF_GCIHH_LIFEEXPECT,BFA,_T,_T,_T,_Z,_Z,_Z,2012,A,YR,NA
127,602,0,NA,A,PU,NA,NA,NA,NA,FALSE,WEF_GCIHH,WEF_GCIHH_LIFEEXPECT,BFA,_T,_T,_T,_Z,_Z,_Z,2012,A,RANK,NA
53.31,602,0,NA,A,PU,NA,NA,NA,NA,FALSE,WEF_GCIHH,WEF_GCIHH_LIFEEXPECT,BFA,_T,_T,_T,_Z,_Z,_Z,2011,A,YR,NA
129,602,0,NA,A,PU,NA,NA,NA,NA,FALSE,WEF_GCIHH,WEF_GCIHH_LIFEEXPECT,BFA,_T,_T,_T,_Z,_Z,_Z,2011,A,RANK,NA
52.99,602,0,NA,A,PU,NA,NA,NA,NA,FALSE,WEF_GCIHH,WEF_GCIHH_LIFEEXPECT,BFA,_T,_T,_T,_Z,_Z,_Z,2010,A,YR,NA
125,602,0,NA,A,PU,NA,NA,NA,NA,FALSE,WEF_GCIHH,WEF_GCIHH_LIFEEXPECT,BFA,_T,_T,_T,_Z,_Z,_Z,2010,A,RANK,NA
49,602,0,NA,A,PU,NA,NA,NA,NA,FALSE,WEF_GCIHH,WEF_GCIHH_LIFEEXPECT,BFA,_T,_T,_T,_Z,_Z,_Z,2009,A,YR,NA
124,602,0,NA,A,PU,NA,NA,NA,NA,FALSE,WEF_GCIHH,WEF_GCIHH_LIFEEXPECT,BFA,_T,_T,_T,_Z,_Z,_Z,2009,A,RANK,NA
47,602,0,NA,A,PU,NA,NA,NA,NA,FALSE,WEF_GCIHH,WEF_GCIHH_LIFEEXPECT,BFA,_T,_T,_T,_Z,_Z,_Z,2008,A,YR,NA
129,602,0,NA,A,PU,NA,NA,NA,NA,FALSE,WEF_GCIHH,WEF_GCIHH_LIFEEXPECT,BFA,_T,_T,_T,_Z,_Z,_Z,2008,A,RANK,NA
48,602,0,NA,A,PU,NA,NA,NA,NA,FALSE,WEF_GCIHH,WEF_GCIHH_LIFEEXPECT,BFA,_T,_T,_T,_Z,_Z,_Z,2007,A,YR,NA
120,602,0,NA,A,PU,NA,NA,NA,NA,FALSE,WEF_GCIHH,WEF_GCIHH_LIFEEXPECT,BFA,_T,_T,_T,_Z,_Z,_Z,2007,A,RANK,NA
57.11,602,0,NA,A,PU,NA,NA,NA,NA,TRUE,WEF_GCIHH,WEF_GCIHH_LIFEEXPECT,BDI,_T,_T,_T,_Z,_Z,_Z,2017,A,YR,NA
130,602,0,NA,A,PU,NA,NA,NA,NA,TRUE,WEF_GCIHH,WEF_GCIHH_LIFEEXPECT,BDI,_T,_T,_T,_Z,_Z,_Z,2017,A,RANK,NA
56.69,602,0,NA,A,PU,NA,NA,NA,NA,FALSE,WEF_GCIHH,WEF_GCIHH_LIFEEXPECT,BDI,_T,_T,_T,_Z,_Z,_Z,2016,A,YR,NA
131,602,0,NA,A,PU,NA,NA,NA,NA,FALSE,WEF_GCIHH,WEF_GCIHH_LIFEEXPECT,BDI,_T,_T,_T,_Z,_Z,_Z,2016,A,RANK,NA
54.1,602,0,NA,A,PU,NA,NA,NA,NA,FALSE,WEF_GCIHH,WEF_GCIHH_LIFEEXPECT,BDI,_T,_T,_T,_Z,_Z,_Z,2015,A,YR,NA
132,602,0,NA,A,PU,NA,NA,NA,NA,FALSE,WEF_GCIHH,WEF_GCIHH_LIFEEXPECT,BDI,_T,_T,_T,_Z,_Z,_Z,2015,A,RANK,NA
53.63,602,0,NA,A,PU,NA,NA,NA,NA,FALSE,WEF_GCIHH,WEF_GCIHH_LIFEEXPECT,BDI,_T,_T,_T,_Z,_Z,_Z,2014,A,YR,NA
135,602,0,NA,A,PU,NA,NA,NA,NA,FALSE,WEF_GCIHH,WEF_GCIHH_LIFEEXPECT,BDI,_T,_T,_T,_Z,_Z,_Z,2014,A,RANK,NA
50.34,602,0,NA,A,PU,NA,NA,NA,NA,FALSE,WEF_GCIHH,WEF_GCIHH_LIFEEXPECT,BDI,_T,_T,_T,_Z,_Z,_Z,2013,A,YR,NA
142,602,0,NA,A,PU,NA,NA,NA,NA,FALSE,WEF_GCIHH,WEF_GCIHH_LIFEEXPECT,BDI,_T,_T,_T,_Z,_Z,_Z,2013,A,RANK,NA
49.88,602,0,NA,A,PU,NA,NA,NA,NA,FALSE,WEF_GCIHH,WEF_GCIHH_LIFEEXPECT,BDI,_T,_T,_T,_Z,_Z,_Z,2012,A,YR,NA
137,602,0,NA,A,PU,NA,NA,NA,NA,FALSE,WEF_GCIHH,WEF_GCIHH_LIFEEXPECT,BDI,_T,_T,_T,_Z,_Z,_Z,2012,A,RANK,NA
50.87,602,0,NA,A,PU,NA,NA,NA,NA,FALSE,WEF_GCIHH,WEF_GCIHH_LIFEEXPECT,BDI,_T,_T,_T,_Z,_Z,_Z,2011,A,YR,NA
132,602,0,NA,A,PU,NA,NA,NA,NA,FALSE,WEF_GCIHH,WEF_GCIHH_LIFEEXPECT,BDI,_T,_T,_T,_Z,_Z,_Z,2011,A,RANK,NA
50.43,602,0,NA,A,PU,NA,NA,NA,NA,FALSE,WEF_GCIHH,WEF_GCIHH_LIFEEXPECT,BDI,_T,_T,_T,_Z,_Z,_Z,2010,A,YR,NA
129,602,0,NA,A,PU,NA,NA,NA,NA,FALSE,WEF_GCIHH,WEF_GCIHH_LIFEEXPECT,BDI,_T,_T,_T,_Z,_Z,_Z,2010,A,RANK,NA
49,602,0,NA,A,PU,NA,NA,NA,NA,FALSE,WEF_GCIHH,WEF_GCIHH_LIFEEXPECT,BDI,_T,_T,_T,_Z,_Z,_Z,2009,A,YR,NA
124,602,0,NA,A,PU,NA,NA,NA,NA,FALSE,WEF_GCIHH,WEF_GCIHH_LIFEEXPECT,BDI,_T,_T,_T,_Z,_Z,_Z,2009,A,RANK,NA
49,602,0,NA,A,PU,NA,NA,NA,NA,FALSE,WEF_GCIHH,WEF_GCIHH_LIFEEXPECT,BDI,_T,_T,_T,_Z,_Z,_Z,2008,A,YR,NA
127,602,0,NA,A,PU,NA,NA,NA,NA,FALSE,WEF_GCIHH,WEF_GCIHH_LIFEEXPECT,BDI,_T,_T,_T,_Z,_Z,_Z,2008,A,RANK,NA
45,602,0,NA,A,PU,NA,NA,NA,NA,FALSE,WEF_GCIHH,WEF_GCIHH_LIFEEXPECT,BDI,_T,_T,_T,_Z,_Z,_Z,2007,A,YR,NA
126,602,0,NA,A,PU,NA,NA,NA,NA,FALSE,WEF_GCIHH,WEF_GCIHH_LIFEEXPECT,BDI,_T,_T,_T,_Z,_Z,_Z,2007,A,RANK,NA
68.66,602,0,NA,A,PU,NA,NA,NA,NA,TRUE,WEF_GCIHH,WEF_GCIHH_LIFEEXPECT,KHM,_T,_T,_T,_Z,_Z,_Z,2017,A,YR,NA
102,602,0,NA,A,PU,NA,NA,NA,NA,TRUE,WEF_GCIHH,WEF_GCIHH_LIFEEXPECT,KHM,_T,_T,_T,_Z,_Z,_Z,2017,A,RANK,NA
68.21,602,0,NA,A,PU,NA,NA,NA,NA,FALSE,WEF_GCIHH,WEF_GCIHH_LIFEEXPECT,KHM,_T,_T,_T,_Z,_Z,_Z,2016,A,YR,NA
105,602,0,NA,A,PU,NA,NA,NA,NA,FALSE,WEF_GCIHH,WEF_GCIHH_LIFEEXPECT,KHM,_T,_T,_T,_Z,_Z,_Z,2016,A,RANK,NA
71.75,602,0,NA,A,PU,NA,NA,NA,NA,FALSE,WEF_GCIHH,WEF_GCIHH_LIFEEXPECT,KHM,_T,_T,_T,_Z,_Z,_Z,2015,A,YR,NA
86,602,0,NA,A,PU,NA,NA,NA,NA,FALSE,WEF_GCIHH,WEF_GCIHH_LIFEEXPECT,KHM,_T,_T,_T,_Z,_Z,_Z,2015,A,RANK,NA
71.41,602,0,NA,A,PU,NA,NA,NA,NA,FALSE,WEF_GCIHH,WEF_GCIHH_LIFEEXPECT,KHM,_T,_T,_T,_Z,_Z,_Z,2014,A,YR,NA
87,602,0,NA,A,PU,NA,NA,NA,NA,FALSE,WEF_GCIHH,WEF_GCIHH_LIFEEXPECT,KHM,_T,_T,_T,_Z,_Z,_Z,2014,A,RANK,NA
62.98,602,0,NA,A,PU,NA,NA,NA,NA,FALSE,WEF_GCIHH,WEF_GCIHH_LIFEEXPECT,KHM,_T,_T,_T,_Z,_Z,_Z,2013,A,YR,NA
116,602,0,NA,A,PU,NA,NA,NA,NA,FALSE,WEF_GCIHH,WEF_GCIHH_LIFEEXPECT,KHM,_T,_T,_T,_Z,_Z,_Z,2013,A,RANK,NA
62.54,602,0,NA,A,PU,NA,NA,NA,NA,FALSE,WEF_GCIHH,WEF_GCIHH_LIFEEXPECT,KHM,_T,_T,_T,_Z,_Z,_Z,2012,A,YR,NA
113,602,0,NA,A,PU,NA,NA,NA,NA,FALSE,WEF_GCIHH,WEF_GCIHH_LIFEEXPECT,KHM,_T,_T,_T,_Z,_Z,_Z,2012,A,RANK,NA
61.5,602,0,NA,A,PU,NA,NA,NA,NA,FALSE,WEF_GCIHH,WEF_GCIHH_LIFEEXPECT,KHM,_T,_T,_T,_Z,_Z,_Z,2011,A,YR,NA
115,602,0,NA,A,PU,NA,NA,NA,NA,FALSE,WEF_GCIHH,WEF_GCIHH_LIFEEXPECT,KHM,_T,_T,_T,_Z,_Z,_Z,2011,A,RANK,NA
60.97,602,0,NA,A,PU,NA,NA,NA,NA,FALSE,WEF_GCIHH,WEF_GCIHH_LIFEEXPECT,KHM,_T,_T,_T,_Z,_Z,_Z,2010,A,YR,NA
113,602,0,NA,A,PU,NA,NA,NA,NA,FALSE,WEF_GCIHH,WEF_GCIHH_LIFEEXPECT,KHM,_T,_T,_T,_Z,_Z,_Z,2010,A,RANK,NA
61,602,0,NA,A,PU,NA,NA,NA,NA,FALSE,WEF_GCIHH,WEF_GCIHH_LIFEEXPECT,KHM,_T,_T,_T,_Z,_Z,_Z,2009,A,YR,NA
106,602,0,NA,A,PU,NA,NA,NA,NA,FALSE,WEF_GCIHH,WEF_GCIHH_LIFEEXPECT,KHM,_T,_T,_T,_Z,_Z,_Z,2009,A,RANK,NA
62,602,0,NA,A,PU,NA,NA,NA,NA,FALSE,WEF_GCIHH,WEF_GCIHH_LIFEEXPECT,KHM,_T,_T,_T,_Z,_Z,_Z,2008,A,YR,NA
108,602,0,NA,A,PU,NA,NA,NA,NA,FALSE,WEF_GCIHH,WEF_GCIHH_LIFEEXPECT,KHM,_T,_T,_T,_Z,_Z,_Z,2008,A,RANK,NA
54,602,0,NA,A,PU,NA,NA,NA,NA,FALSE,WEF_GCIHH,WEF_GCIHH_LIFEEXPECT,KHM,_T,_T,_T,_Z,_Z,_Z,2007,A,YR,NA
113,602,0,NA,A,PU,NA,NA,NA,NA,FALSE,WEF_GCIHH,WEF_GCIHH_LIFEEXPECT,KHM,_T,_T,_T,_Z,_Z,_Z,2007,A,RANK,NA
55.93,602,0,NA,A,PU,NA,NA,NA,NA,TRUE,WEF_GCIHH,WEF_GCIHH_LIFEEXPECT,CMR,_T,_T,_T,_Z,_Z,_Z,2017,A,YR,NA
131,602,0,NA,A,PU,NA,NA,NA,NA,TRUE,WEF_GCIHH,WEF_GCIHH_LIFEEXPECT,CMR,_T,_T,_T,_Z,_Z,_Z,2017,A,RANK,NA
55.49,602,0,NA,A,PU,NA,NA,NA,NA,FALSE,WEF_GCIHH,WEF_GCIHH_LIFEEXPECT,CMR,_T,_T,_T,_Z,_Z,_Z,2016,A,YR,NA
132,602,0,NA,A,PU,NA,NA,NA,NA,FALSE,WEF_GCIHH,WEF_GCIHH_LIFEEXPECT,CMR,_T,_T,_T,_Z,_Z,_Z,2016,A,RANK,NA
55.04,602,0,NA,A,PU,NA,NA,NA,NA,FALSE,WEF_GCIHH,WEF_GCIHH_LIFEEXPECT,CMR,_T,_T,_T,_Z,_Z,_Z,2015,A,YR,NA
130,602,0,NA,A,PU,NA,NA,NA,NA,FALSE,WEF_GCIHH,WEF_GCIHH_LIFEEXPECT,CMR,_T,_T,_T,_Z,_Z,_Z,2015,A,RANK,NA
54.59,602,0,NA,A,PU,NA,NA,NA,NA,FALSE,WEF_GCIHH,WEF_GCIHH_LIFEEXPECT,CMR,_T,_T,_T,_Z,_Z,_Z,2014,A,YR,NA
134,602,0,NA,A,PU,NA,NA,NA,NA,FALSE,WEF_GCIHH,WEF_GCIHH_LIFEEXPECT,CMR,_T,_T,_T,_Z,_Z,_Z,2014,A,RANK,NA
51.58,602,0,NA,A,PU,NA,NA,NA,NA,FALSE,WEF_GCIHH,WEF_GCIHH_LIFEEXPECT,CMR,_T,_T,_T,_Z,_Z,_Z,2013,A,YR,NA
138,602,0,NA,A,PU,NA,NA,NA,NA,FALSE,WEF_GCIHH,WEF_GCIHH_LIFEEXPECT,CMR,_T,_T,_T,_Z,_Z,_Z,2013,A,RANK,NA
51.06,602,0,NA,A,PU,NA,NA,NA,NA,FALSE,WEF_GCIHH,WEF_GCIHH_LIFEEXPECT,CMR,_T,_T,_T,_Z,_Z,_Z,2012,A,YR,NA
135,602,0,NA,A,PU,NA,NA,NA,NA,FALSE,WEF_GCIHH,WEF_GCIHH_LIFEEXPECT,CMR,_T,_T,_T,_Z,_Z,_Z,2012,A,RANK,NA
51.36,602,0,NA,A,PU,NA,NA,NA,NA,FALSE,WEF_GCIHH,WEF_GCIHH_LIFEEXPECT,CMR,_T,_T,_T,_Z,_Z,_Z,2011,A,YR,NA
131,602,0,NA,A,PU,NA,NA,NA,NA,FALSE,WEF_GCIHH,WEF_GCIHH_LIFEEXPECT,CMR,_T,_T,_T,_Z,_Z,_Z,2011,A,RANK,NA
51.06,602,0,NA,A,PU,NA,NA,NA,NA,FALSE,WEF_GCIHH,WEF_GCIHH_LIFEEXPECT,CMR,_T,_T,_T,_Z,_Z,_Z,2010,A,YR,NA
128,602,0,NA,A,PU,NA,NA,NA,NA,FALSE,WEF_GCIHH,WEF_GCIHH_LIFEEXPECT,CMR,_T,_T,_T,_Z,_Z,_Z,2010,A,RANK,NA
52,602,0,NA,A,PU,NA,NA,NA,NA,FALSE,WEF_GCIHH,WEF_GCIHH_LIFEEXPECT,CMR,_T,_T,_T,_Z,_Z,_Z,2009,A,YR,NA
121,602,0,NA,A,PU,NA,NA,NA,NA,FALSE,WEF_GCIHH,WEF_GCIHH_LIFEEXPECT,CMR,_T,_T,_T,_Z,_Z,_Z,2009,A,RANK,NA
51,602,0,NA,A,PU,NA,NA,NA,NA,FALSE,WEF_GCIHH,WEF_GCIHH_LIFEEXPECT,CMR,_T,_T,_T,_Z,_Z,_Z,2008,A,YR,NA
121,602,0,NA,A,PU,NA,NA,NA,NA,FALSE,WEF_GCIHH,WEF_GCIHH_LIFEEXPECT,CMR,_T,_T,_T,_Z,_Z,_Z,2008,A,RANK,NA
50,602,0,NA,A,PU,NA,NA,NA,NA,FALSE,WEF_GCIHH,WEF_GCIHH_LIFEEXPECT,CMR,_T,_T,_T,_Z,_Z,_Z,2007,A,YR,NA
117,602,0,NA,A,PU,NA,NA,NA,NA,FALSE,WEF_GCIHH,WEF_GCIHH_LIFEEXPECT,CMR,_T,_T,_T,_Z,_Z,_Z,2007,A,RANK,NA
82.14,602,0,NA,A,PU,NA,NA,NA,NA,TRUE,WEF_GCIHH,WEF_GCIHH_LIFEEXPECT,CAN,_T,_T,_T,_Z,_Z,_Z,2017,A,YR,NA
13,602,0,NA,A,PU,NA,NA,NA,NA,TRUE,WEF_GCIHH,WEF_GCIHH_LIFEEXPECT,CAN,_T,_T,_T,_Z,_Z,_Z,2017,A,RANK,NA
81.96,602,0,NA,A,PU,NA,NA,NA,NA,FALSE,WEF_GCIHH,WEF_GCIHH_LIFEEXPECT,CAN,_T,_T,_T,_Z,_Z,_Z,2016,A,YR,NA
13,602,0,NA,A,PU,NA,NA,NA,NA,FALSE,WEF_GCIHH,WEF_GCIHH_LIFEEXPECT,CAN,_T,_T,_T,_Z,_Z,_Z,2016,A,RANK,NA
81.4,602,0,NA,A,PU,NA,NA,NA,NA,FALSE,WEF_GCIHH,WEF_GCIHH_LIFEEXPECT,CAN,_T,_T,_T,_Z,_Z,_Z,2015,A,YR,NA
16,602,0,NA,A,PU,NA,NA,NA,NA,FALSE,WEF_GCIHH,WEF_GCIHH_LIFEEXPECT,CAN,_T,_T,_T,_Z,_Z,_Z,2015,A,RANK,NA
81.24,602,0,NA,A,PU,NA,NA,NA,NA,FALSE,WEF_GCIHH,WEF_GCIHH_LIFEEXPECT,CAN,_T,_T,_T,_Z,_Z,_Z,2014,A,YR,NA
16,602,0,NA,A,PU,NA,NA,NA,NA,FALSE,WEF_GCIHH,WEF_GCIHH_LIFEEXPECT,CAN,_T,_T,_T,_Z,_Z,_Z,2014,A,RANK,NA
80.93,602,0,NA,A,PU,NA,NA,NA,NA,FALSE,WEF_GCIHH,WEF_GCIHH_LIFEEXPECT,CAN,_T,_T,_T,_Z,_Z,_Z,2013,A,YR,NA
17,602,0,NA,A,PU,NA,NA,NA,NA,FALSE,WEF_GCIHH,WEF_GCIHH_LIFEEXPECT,CAN,_T,_T,_T,_Z,_Z,_Z,2013,A,RANK,NA
80.8,602,0,NA,A,PU,NA,NA,NA,NA,FALSE,WEF_GCIHH,WEF_GCIHH_LIFEEXPECT,CAN,_T,_T,_T,_Z,_Z,_Z,2012,A,YR,NA
14,602,0,NA,A,PU,NA,NA,NA,NA,FALSE,WEF_GCIHH,WEF_GCIHH_LIFEEXPECT,CAN,_T,_T,_T,_Z,_Z,_Z,2012,A,RANK,NA
81.22,602,0,NA,A,PU,NA,NA,NA,NA,FALSE,WEF_GCIHH,WEF_GCIHH_LIFEEXPECT,CAN,_T,_T,_T,_Z,_Z,_Z,2011,A,YR,NA
11,602,0,NA,A,PU,NA,NA,NA,NA,FALSE,WEF_GCIHH,WEF_GCIHH_LIFEEXPECT,CAN,_T,_T,_T,_Z,_Z,_Z,2011,A,RANK,NA
80.96,602,0,NA,A,PU,NA,NA,NA,NA,FALSE,WEF_GCIHH,WEF_GCIHH_LIFEEXPECT,CAN,_T,_T,_T,_Z,_Z,_Z,2010,A,YR,NA
11,602,0,NA,A,PU,NA,NA,NA,NA,FALSE,WEF_GCIHH,WEF_GCIHH_LIFEEXPECT,CAN,_T,_T,_T,_Z,_Z,_Z,2010,A,RANK,NA
81,602,0,NA,A,PU,NA,NA,NA,NA,FALSE,WEF_GCIHH,WEF_GCIHH_LIFEEXPECT,CAN,_T,_T,_T,_Z,_Z,_Z,2009,A,YR,NA
7,602,0,NA,A,PU,NA,NA,NA,NA,FALSE,WEF_GCIHH,WEF_GCIHH_LIFEEXPECT,CAN,_T,_T,_T,_Z,_Z,_Z,2009,A,RANK,NA
81,602,0,NA,A,PU,NA,NA,NA,NA,FALSE,WEF_GCIHH,WEF_GCIHH_LIFEEXPECT,CAN,_T,_T,_T,_Z,_Z,_Z,2008,A,YR,NA
5,602,0,NA,A,PU,NA,NA,NA,NA,FALSE,WEF_GCIHH,WEF_GCIHH_LIFEEXPECT,CAN,_T,_T,_T,_Z,_Z,_Z,2008,A,RANK,NA
80,602,0,NA,A,PU,NA,NA,NA,NA,FALSE,WEF_GCIHH,WEF_GCIHH_LIFEEXPECT,CAN,_T,_T,_T,_Z,_Z,_Z,2007,A,YR,NA
8,602,0,NA,A,PU,NA,NA,NA,NA,FALSE,WEF_GCIHH,WEF_GCIHH_LIFEEXPECT,CAN,_T,_T,_T,_Z,_Z,_Z,2007,A,RANK,NA
73.36,602,0,NA,A,PU,NA,NA,NA,NA,TRUE,WEF_GCIHH,WEF_GCIHH_LIFEEXPECT,CPV,_T,_T,_T,_Z,_Z,_Z,2017,A,YR,NA
82,602,0,NA,A,PU,NA,NA,NA,NA,TRUE,WEF_GCIHH,WEF_GCIHH_LIFEEXPECT,CPV,_T,_T,_T,_Z,_Z,_Z,2017,A,RANK,NA
73.15,602,0,NA,A,PU,NA,NA,NA,NA,FALSE,WEF_GCIHH,WEF_GCIHH_LIFEEXPECT,CPV,_T,_T,_T,_Z,_Z,_Z,2016,A,YR,NA
84,602,0,NA,A,PU,NA,NA,NA,NA,FALSE,WEF_GCIHH,WEF_GCIHH_LIFEEXPECT,CPV,_T,_T,_T,_Z,_Z,_Z,2016,A,RANK,NA
74.87,602,0,NA,A,PU,NA,NA,NA,NA,FALSE,WEF_GCIHH,WEF_GCIHH_LIFEEXPECT,CPV,_T,_T,_T,_Z,_Z,_Z,2015,A,YR,NA
59,602,0,NA,A,PU,NA,NA,NA,NA,FALSE,WEF_GCIHH,WEF_GCIHH_LIFEEXPECT,CPV,_T,_T,_T,_Z,_Z,_Z,2015,A,RANK,NA
74.54,602,0,NA,A,PU,NA,NA,NA,NA,FALSE,WEF_GCIHH,WEF_GCIHH_LIFEEXPECT,CPV,_T,_T,_T,_Z,_Z,_Z,2014,A,YR,NA
63,602,0,NA,A,PU,NA,NA,NA,NA,FALSE,WEF_GCIHH,WEF_GCIHH_LIFEEXPECT,CPV,_T,_T,_T,_Z,_Z,_Z,2014,A,RANK,NA
73.92,602,0,NA,A,PU,NA,NA,NA,NA,FALSE,WEF_GCIHH,WEF_GCIHH_LIFEEXPECT,CPV,_T,_T,_T,_Z,_Z,_Z,2013,A,YR,NA
70,602,0,NA,A,PU,NA,NA,NA,NA,FALSE,WEF_GCIHH,WEF_GCIHH_LIFEEXPECT,CPV,_T,_T,_T,_Z,_Z,_Z,2013,A,RANK,NA
73.77,602,0,NA,A,PU,NA,NA,NA,NA,FALSE,WEF_GCIHH,WEF_GCIHH_LIFEEXPECT,CPV,_T,_T,_T,_Z,_Z,_Z,2012,A,YR,NA
65,602,0,NA,A,PU,NA,NA,NA,NA,FALSE,WEF_GCIHH,WEF_GCIHH_LIFEEXPECT,CPV,_T,_T,_T,_Z,_Z,_Z,2012,A,RANK,NA
71.31,602,0,NA,A,PU,NA,NA,NA,NA,FALSE,WEF_GCIHH,WEF_GCIHH_LIFEEXPECT,CPV,_T,_T,_T,_Z,_Z,_Z,2011,A,YR,NA
90,602,0,NA,A,PU,NA,NA,NA,NA,FALSE,WEF_GCIHH,WEF_GCIHH_LIFEEXPECT,CPV,_T,_T,_T,_Z,_Z,_Z,2011,A,RANK,NA
71.04,602,0,NA,A,PU,NA,NA,NA,NA,FALSE,WEF_GCIHH,WEF_GCIHH_LIFEEXPECT,CPV,_T,_T,_T,_Z,_Z,_Z,2010,A,YR,NA
90,602,0,NA,A,PU,NA,NA,NA,NA,FALSE,WEF_GCIHH,WEF_GCIHH_LIFEEXPECT,CPV,_T,_T,_T,_Z,_Z,_Z,2010,A,RANK,NA
51.87,602,0,NA,A,PU,NA,NA,NA,NA,TRUE,WEF_GCIHH,WEF_GCIHH_LIFEEXPECT,TCD,_T,_T,_T,_Z,_Z,_Z,2017,A,YR,NA
134,602,0,NA,A,PU,NA,NA,NA,NA,TRUE,WEF_GCIHH,WEF_GCIHH_LIFEEXPECT,TCD,_T,_T,_T,_Z,_Z,_Z,2017,A,RANK,NA
51.56,602,0,NA,A,PU,NA,NA,NA,NA,FALSE,WEF_GCIHH,WEF_GCIHH_LIFEEXPECT,TCD,_T,_T,_T,_Z,_Z,_Z,2016,A,YR,NA
136,602,0,NA,A,PU,NA,NA,NA,NA,FALSE,WEF_GCIHH,WEF_GCIHH_LIFEEXPECT,TCD,_T,_T,_T,_Z,_Z,_Z,2016,A,RANK,NA
51.16,602,0,NA,A,PU,NA,NA,NA,NA,FALSE,WEF_GCIHH,WEF_GCIHH_LIFEEXPECT,TCD,_T,_T,_T,_Z,_Z,_Z,2015,A,YR,NA
134,602,0,NA,A,PU,NA,NA,NA,NA,FALSE,WEF_GCIHH,WEF_GCIHH_LIFEEXPECT,TCD,_T,_T,_T,_Z,_Z,_Z,2015,A,RANK,NA
50.7,602,0,NA,A,PU,NA,NA,NA,NA,FALSE,WEF_GCIHH,WEF_GCIHH_LIFEEXPECT,TCD,_T,_T,_T,_Z,_Z,_Z,2014,A,YR,NA
138,602,0,NA,A,PU,NA,NA,NA,NA,FALSE,WEF_GCIHH,WEF_GCIHH_LIFEEXPECT,TCD,_T,_T,_T,_Z,_Z,_Z,2014,A,RANK,NA
49.52,602,0,NA,A,PU,NA,NA,NA,NA,FALSE,WEF_GCIHH,WEF_GCIHH_LIFEEXPECT,TCD,_T,_T,_T,_Z,_Z,_Z,2013,A,YR,NA
144,602,0,NA,A,PU,NA,NA,NA,NA,FALSE,WEF_GCIHH,WEF_GCIHH_LIFEEXPECT,TCD,_T,_T,_T,_Z,_Z,_Z,2013,A,RANK,NA
49.19,602,0,NA,A,PU,NA,NA,NA,NA,FALSE,WEF_GCIHH,WEF_GCIHH_LIFEEXPECT,TCD,_T,_T,_T,_Z,_Z,_Z,2012,A,YR,NA
140,602,0,NA,A,PU,NA,NA,NA,NA,FALSE,WEF_GCIHH,WEF_GCIHH_LIFEEXPECT,TCD,_T,_T,_T,_Z,_Z,_Z,2012,A,RANK,NA
48.93,602,0,NA,A,PU,NA,NA,NA,NA,FALSE,WEF_GCIHH,WEF_GCIHH_LIFEEXPECT,TCD,_T,_T,_T,_Z,_Z,_Z,2011,A,YR,NA
134,602,0,NA,A,PU,NA,NA,NA,NA,FALSE,WEF_GCIHH,WEF_GCIHH_LIFEEXPECT,TCD,_T,_T,_T,_Z,_Z,_Z,2011,A,RANK,NA
48.73,602,0,NA,A,PU,NA,NA,NA,NA,FALSE,WEF_GCIHH,WEF_GCIHH_LIFEEXPECT,TCD,_T,_T,_T,_Z,_Z,_Z,2010,A,YR,NA
131,602,0,NA,A,PU,NA,NA,NA,NA,FALSE,WEF_GCIHH,WEF_GCIHH_LIFEEXPECT,TCD,_T,_T,_T,_Z,_Z,_Z,2010,A,RANK,NA
46,602,0,NA,A,PU,NA,NA,NA,NA,FALSE,WEF_GCIHH,WEF_GCIHH_LIFEEXPECT,TCD,_T,_T,_T,_Z,_Z,_Z,2009,A,YR,NA
130,602,0,NA,A,PU,NA,NA,NA,NA,FALSE,WEF_GCIHH,WEF_GCIHH_LIFEEXPECT,TCD,_T,_T,_T,_Z,_Z,_Z,2009,A,RANK,NA
46,602,0,NA,A,PU,NA,NA,NA,NA,FALSE,WEF_GCIHH,WEF_GCIHH_LIFEEXPECT,TCD,_T,_T,_T,_Z,_Z,_Z,2008,A,YR,NA
130,602,0,NA,A,PU,NA,NA,NA,NA,FALSE,WEF_GCIHH,WEF_GCIHH_LIFEEXPECT,TCD,_T,_T,_T,_Z,_Z,_Z,2008,A,RANK,NA
46,602,0,NA,A,PU,NA,NA,NA,NA,FALSE,WEF_GCIHH,WEF_GCIHH_LIFEEXPECT,TCD,_T,_T,_T,_Z,_Z,_Z,2007,A,YR,NA
123,602,0,NA,A,PU,NA,NA,NA,NA,FALSE,WEF_GCIHH,WEF_GCIHH_LIFEEXPECT,TCD,_T,_T,_T,_Z,_Z,_Z,2007,A,RANK,NA
81.79,602,0,NA,A,PU,NA,NA,NA,NA,TRUE,WEF_GCIHH,WEF_GCIHH_LIFEEXPECT,CHL,_T,_T,_T,_Z,_Z,_Z,2017,A,YR,NA
18,602,0,NA,A,PU,NA,NA,NA,NA,TRUE,WEF_GCIHH,WEF_GCIHH_LIFEEXPECT,CHL,_T,_T,_T,_Z,_Z,_Z,2017,A,RANK,NA
81.5,602,0,NA,A,PU,NA,NA,NA,NA,FALSE,WEF_GCIHH,WEF_GCIHH_LIFEEXPECT,CHL,_T,_T,_T,_Z,_Z,_Z,2016,A,YR,NA
17,602,0,NA,A,PU,NA,NA,NA,NA,FALSE,WEF_GCIHH,WEF_GCIHH_LIFEEXPECT,CHL,_T,_T,_T,_Z,_Z,_Z,2016,A,RANK,NA
79.84,602,0,NA,A,PU,NA,NA,NA,NA,FALSE,WEF_GCIHH,WEF_GCIHH_LIFEEXPECT,CHL,_T,_T,_T,_Z,_Z,_Z,2015,A,YR,NA
32,602,0,NA,A,PU,NA,NA,NA,NA,FALSE,WEF_GCIHH,WEF_GCIHH_LIFEEXPECT,CHL,_T,_T,_T,_Z,_Z,_Z,2015,A,RANK,NA
79.57,602,0,NA,A,PU,NA,NA,NA,NA,FALSE,WEF_GCIHH,WEF_GCIHH_LIFEEXPECT,CHL,_T,_T,_T,_Z,_Z,_Z,2014,A,YR,NA
33,602,0,NA,A,PU,NA,NA,NA,NA,FALSE,WEF_GCIHH,WEF_GCIHH_LIFEEXPECT,CHL,_T,_T,_T,_Z,_Z,_Z,2014,A,RANK,NA
79.02,602,0,NA,A,PU,NA,NA,NA,NA,FALSE,WEF_GCIHH,WEF_GCIHH_LIFEEXPECT,CHL,_T,_T,_T,_Z,_Z,_Z,2013,A,YR,NA
33,602,0,NA,A,PU,NA,NA,NA,NA,FALSE,WEF_GCIHH,WEF_GCIHH_LIFEEXPECT,CHL,_T,_T,_T,_Z,_Z,_Z,2013,A,RANK,NA
78.89,602,0,NA,A,PU,NA,NA,NA,NA,FALSE,WEF_GCIHH,WEF_GCIHH_LIFEEXPECT,CHL,_T,_T,_T,_Z,_Z,_Z,2012,A,YR,NA
33,602,0,NA,A,PU,NA,NA,NA,NA,FALSE,WEF_GCIHH,WEF_GCIHH_LIFEEXPECT,CHL,_T,_T,_T,_Z,_Z,_Z,2012,A,RANK,NA
78.73,602,0,NA,A,PU,NA,NA,NA,NA,FALSE,WEF_GCIHH,WEF_GCIHH_LIFEEXPECT,CHL,_T,_T,_T,_Z,_Z,_Z,2011,A,YR,NA
30,602,0,NA,A,PU,NA,NA,NA,NA,FALSE,WEF_GCIHH,WEF_GCIHH_LIFEEXPECT,CHL,_T,_T,_T,_Z,_Z,_Z,2011,A,RANK,NA
78.61,602,0,NA,A,PU,NA,NA,NA,NA,FALSE,WEF_GCIHH,WEF_GCIHH_LIFEEXPECT,CHL,_T,_T,_T,_Z,_Z,_Z,2010,A,YR,NA
31,602,0,NA,A,PU,NA,NA,NA,NA,FALSE,WEF_GCIHH,WEF_GCIHH_LIFEEXPECT,CHL,_T,_T,_T,_Z,_Z,_Z,2010,A,RANK,NA
78,602,0,NA,A,PU,NA,NA,NA,NA,FALSE,WEF_GCIHH,WEF_GCIHH_LIFEEXPECT,CHL,_T,_T,_T,_Z,_Z,_Z,2009,A,YR,NA
30,602,0,NA,A,PU,NA,NA,NA,NA,FALSE,WEF_GCIHH,WEF_GCIHH_LIFEEXPECT,CHL,_T,_T,_T,_Z,_Z,_Z,2009,A,RANK,NA
78,602,0,NA,A,PU,NA,NA,NA,NA,FALSE,WEF_GCIHH,WEF_GCIHH_LIFEEXPECT,CHL,_T,_T,_T,_Z,_Z,_Z,2008,A,YR,NA
29,602,0,NA,A,PU,NA,NA,NA,NA,FALSE,WEF_GCIHH,WEF_GCIHH_LIFEEXPECT,CHL,_T,_T,_T,_Z,_Z,_Z,2008,A,RANK,NA
77,602,0,NA,A,PU,NA,NA,NA,NA,FALSE,WEF_GCIHH,WEF_GCIHH_LIFEEXPECT,CHL,_T,_T,_T,_Z,_Z,_Z,2007,A,YR,NA
31,602,0,NA,A,PU,NA,NA,NA,NA,FALSE,WEF_GCIHH,WEF_GCIHH_LIFEEXPECT,CHL,_T,_T,_T,_Z,_Z,_Z,2007,A,RANK,NA
75.99,602,0,NA,A,PU,NA,NA,NA,NA,TRUE,WEF_GCIHH,WEF_GCIHH_LIFEEXPECT,CHN,_T,_T,_T,_Z,_Z,_Z,2017,A,YR,NA
53,602,0,NA,A,PU,NA,NA,NA,NA,TRUE,WEF_GCIHH,WEF_GCIHH_LIFEEXPECT,CHN,_T,_T,_T,_Z,_Z,_Z,2017,A,RANK,NA
75.78,602,0,NA,A,PU,NA,NA,NA,NA,FALSE,WEF_GCIHH,WEF_GCIHH_LIFEEXPECT,CHN,_T,_T,_T,_Z,_Z,_Z,2016,A,YR,NA
54,602,0,NA,A,PU,NA,NA,NA,NA,FALSE,WEF_GCIHH,WEF_GCIHH_LIFEEXPECT,CHN,_T,_T,_T,_Z,_Z,_Z,2016,A,RANK,NA
75.35,602,0,NA,A,PU,NA,NA,NA,NA,FALSE,WEF_GCIHH,WEF_GCIHH_LIFEEXPECT,CHN,_T,_T,_T,_Z,_Z,_Z,2015,A,YR,NA
53,602,0,NA,A,PU,NA,NA,NA,NA,FALSE,WEF_GCIHH,WEF_GCIHH_LIFEEXPECT,CHN,_T,_T,_T,_Z,_Z,_Z,2015,A,RANK,NA
75.2,602,0,NA,A,PU,NA,NA,NA,NA,FALSE,WEF_GCIHH,WEF_GCIHH_LIFEEXPECT,CHN,_T,_T,_T,_Z,_Z,_Z,2014,A,YR,NA
53,602,0,NA,A,PU,NA,NA,NA,NA,FALSE,WEF_GCIHH,WEF_GCIHH_LIFEEXPECT,CHN,_T,_T,_T,_Z,_Z,_Z,2014,A,RANK,NA
73.49,602,0,NA,A,PU,NA,NA,NA,NA,FALSE,WEF_GCIHH,WEF_GCIHH_LIFEEXPECT,CHN,_T,_T,_T,_Z,_Z,_Z,2013,A,YR,NA
75,602,0,NA,A,PU,NA,NA,NA,NA,FALSE,WEF_GCIHH,WEF_GCIHH_LIFEEXPECT,CHN,_T,_T,_T,_Z,_Z,_Z,2013,A,RANK,NA
73.27,602,0,NA,A,PU,NA,NA,NA,NA,FALSE,WEF_GCIHH,WEF_GCIHH_LIFEEXPECT,CHN,_T,_T,_T,_Z,_Z,_Z,2012,A,YR,NA
75,602,0,NA,A,PU,NA,NA,NA,NA,FALSE,WEF_GCIHH,WEF_GCIHH_LIFEEXPECT,CHN,_T,_T,_T,_Z,_Z,_Z,2012,A,RANK,NA
73.31,602,0,NA,A,PU,NA,NA,NA,NA,FALSE,WEF_GCIHH,WEF_GCIHH_LIFEEXPECT,CHN,_T,_T,_T,_Z,_Z,_Z,2011,A,YR,NA
70,602,0,NA,A,PU,NA,NA,NA,NA,FALSE,WEF_GCIHH,WEF_GCIHH_LIFEEXPECT,CHN,_T,_T,_T,_Z,_Z,_Z,2011,A,RANK,NA
73.12,602,0,NA,A,PU,NA,NA,NA,NA,FALSE,WEF_GCIHH,WEF_GCIHH_LIFEEXPECT,CHN,_T,_T,_T,_Z,_Z,_Z,2010,A,YR,NA
70,602,0,NA,A,PU,NA,NA,NA,NA,FALSE,WEF_GCIHH,WEF_GCIHH_LIFEEXPECT,CHN,_T,_T,_T,_Z,_Z,_Z,2010,A,RANK,NA
74,602,0,NA,A,PU,NA,NA,NA,NA,FALSE,WEF_GCIHH,WEF_GCIHH_LIFEEXPECT,CHN,_T,_T,_T,_Z,_Z,_Z,2009,A,YR,NA
53,602,0,NA,A,PU,NA,NA,NA,NA,FALSE,WEF_GCIHH,WEF_GCIHH_LIFEEXPECT,CHN,_T,_T,_T,_Z,_Z,_Z,2009,A,RANK,NA
73,602,0,NA,A,PU,NA,NA,NA,NA,FALSE,WEF_GCIHH,WEF_GCIHH_LIFEEXPECT,CHN,_T,_T,_T,_Z,_Z,_Z,2008,A,YR,NA
55,602,0,NA,A,PU,NA,NA,NA,NA,FALSE,WEF_GCIHH,WEF_GCIHH_LIFEEXPECT,CHN,_T,_T,_T,_Z,_Z,_Z,2008,A,RANK,NA
72,602,0,NA,A,PU,NA,NA,NA,NA,FALSE,WEF_GCIHH,WEF_GCIHH_LIFEEXPECT,CHN,_T,_T,_T,_Z,_Z,_Z,2007,A,YR,NA
56,602,0,NA,A,PU,NA,NA,NA,NA,FALSE,WEF_GCIHH,WEF_GCIHH_LIFEEXPECT,CHN,_T,_T,_T,_Z,_Z,_Z,2007,A,RANK,NA
74.18,602,0,NA,A,PU,NA,NA,NA,NA,TRUE,WEF_GCIHH,WEF_GCIHH_LIFEEXPECT,COL,_T,_T,_T,_Z,_Z,_Z,2017,A,YR,NA
79,602,0,NA,A,PU,NA,NA,NA,NA,TRUE,WEF_GCIHH,WEF_GCIHH_LIFEEXPECT,COL,_T,_T,_T,_Z,_Z,_Z,2017,A,RANK,NA
73.99,602,0,NA,A,PU,NA,NA,NA,NA,FALSE,WEF_GCIHH,WEF_GCIHH_LIFEEXPECT,COL,_T,_T,_T,_Z,_Z,_Z,2016,A,YR,NA
81,602,0,NA,A,PU,NA,NA,NA,NA,FALSE,WEF_GCIHH,WEF_GCIHH_LIFEEXPECT,COL,_T,_T,_T,_Z,_Z,_Z,2016,A,RANK,NA
73.98,602,0,NA,A,PU,NA,NA,NA,NA,FALSE,WEF_GCIHH,WEF_GCIHH_LIFEEXPECT,COL,_T,_T,_T,_Z,_Z,_Z,2015,A,YR,NA
76,602,0,NA,A,PU,NA,NA,NA,NA,FALSE,WEF_GCIHH,WEF_GCIHH_LIFEEXPECT,COL,_T,_T,_T,_Z,_Z,_Z,2015,A,RANK,NA
73.78,602,0,NA,A,PU,NA,NA,NA,NA,FALSE,WEF_GCIHH,WEF_GCIHH_LIFEEXPECT,COL,_T,_T,_T,_Z,_Z,_Z,2014,A,YR,NA
75,602,0,NA,A,PU,NA,NA,NA,NA,FALSE,WEF_GCIHH,WEF_GCIHH_LIFEEXPECT,COL,_T,_T,_T,_Z,_Z,_Z,2014,A,RANK,NA
73.64,602,0,NA,A,PU,NA,NA,NA,NA,FALSE,WEF_GCIHH,WEF_GCIHH_LIFEEXPECT,COL,_T,_T,_T,_Z,_Z,_Z,2013,A,YR,NA
72,602,0,NA,A,PU,NA,NA,NA,NA,FALSE,WEF_GCIHH,WEF_GCIHH_LIFEEXPECT,COL,_T,_T,_T,_Z,_Z,_Z,2013,A,RANK,NA
73.43,602,0,NA,A,PU,NA,NA,NA,NA,FALSE,WEF_GCIHH,WEF_GCIHH_LIFEEXPECT,COL,_T,_T,_T,_Z,_Z,_Z,2012,A,YR,NA
72,602,0,NA,A,PU,NA,NA,NA,NA,FALSE,WEF_GCIHH,WEF_GCIHH_LIFEEXPECT,COL,_T,_T,_T,_Z,_Z,_Z,2012,A,RANK,NA
73.21,602,0,NA,A,PU,NA,NA,NA,NA,FALSE,WEF_GCIHH,WEF_GCIHH_LIFEEXPECT,COL,_T,_T,_T,_Z,_Z,_Z,2011,A,YR,NA
72,602,0,NA,A,PU,NA,NA,NA,NA,FALSE,WEF_GCIHH,WEF_GCIHH_LIFEEXPECT,COL,_T,_T,_T,_Z,_Z,_Z,2011,A,RANK,NA
72.98,602,0,NA,A,PU,NA,NA,NA,NA,FALSE,WEF_GCIHH,WEF_GCIHH_LIFEEXPECT,COL,_T,_T,_T,_Z,_Z,_Z,2010,A,YR,NA
72,602,0,NA,A,PU,NA,NA,NA,NA,FALSE,WEF_GCIHH,WEF_GCIHH_LIFEEXPECT,COL,_T,_T,_T,_Z,_Z,_Z,2010,A,RANK,NA
75,602,0,NA,A,PU,NA,NA,NA,NA,FALSE,WEF_GCIHH,WEF_GCIHH_LIFEEXPECT,COL,_T,_T,_T,_Z,_Z,_Z,2009,A,YR,NA
45,602,0,NA,A,PU,NA,NA,NA,NA,FALSE,WEF_GCIHH,WEF_GCIHH_LIFEEXPECT,COL,_T,_T,_T,_Z,_Z,_Z,2009,A,RANK,NA
74,602,0,NA,A,PU,NA,NA,NA,NA,FALSE,WEF_GCIHH,WEF_GCIHH_LIFEEXPECT,COL,_T,_T,_T,_Z,_Z,_Z,2008,A,YR,NA
50,602,0,NA,A,PU,NA,NA,NA,NA,FALSE,WEF_GCIHH,WEF_GCIHH_LIFEEXPECT,COL,_T,_T,_T,_Z,_Z,_Z,2008,A,RANK,NA
73,602,0,NA,A,PU,NA,NA,NA,NA,FALSE,WEF_GCIHH,WEF_GCIHH_LIFEEXPECT,COL,_T,_T,_T,_Z,_Z,_Z,2007,A,YR,NA
51,602,0,NA,A,PU,NA,NA,NA,NA,FALSE,WEF_GCIHH,WEF_GCIHH_LIFEEXPECT,COL,_T,_T,_T,_Z,_Z,_Z,2007,A,RANK,NA
59.02,602,0,NA,A,PU,NA,NA,NA,NA,TRUE,WEF_GCIHH,WEF_GCIHH_LIFEEXPECT,COD,_T,_T,_T,_Z,_Z,_Z,2017,A,YR,NA
127,602,0,NA,A,PU,NA,NA,NA,NA,TRUE,WEF_GCIHH,WEF_GCIHH_LIFEEXPECT,COD,_T,_T,_T,_Z,_Z,_Z,2017,A,RANK,NA
58.66,602,0,NA,A,PU,NA,NA,NA,NA,FALSE,WEF_GCIHH,WEF_GCIHH_LIFEEXPECT,COD,_T,_T,_T,_Z,_Z,_Z,2016,A,YR,NA
126,602,0,NA,A,PU,NA,NA,NA,NA,FALSE,WEF_GCIHH,WEF_GCIHH_LIFEEXPECT,COD,_T,_T,_T,_Z,_Z,_Z,2016,A,RANK,NA
79.59,602,0,NA,A,PU,NA,NA,NA,NA,TRUE,WEF_GCIHH,WEF_GCIHH_LIFEEXPECT,CRI,_T,_T,_T,_Z,_Z,_Z,2017,A,YR,NA
33,602,0,NA,A,PU,NA,NA,NA,NA,TRUE,WEF_GCIHH,WEF_GCIHH_LIFEEXPECT,CRI,_T,_T,_T,_Z,_Z,_Z,2017,A,RANK,NA
79.4,602,0,NA,A,PU,NA,NA,NA,NA,FALSE,WEF_GCIHH,WEF_GCIHH_LIFEEXPECT,CRI,_T,_T,_T,_Z,_Z,_Z,2016,A,YR,NA
32,602,0,NA,A,PU,NA,NA,NA,NA,FALSE,WEF_GCIHH,WEF_GCIHH_LIFEEXPECT,CRI,_T,_T,_T,_Z,_Z,_Z,2016,A,RANK,NA
79.92,602,0,NA,A,PU,NA,NA,NA,NA,FALSE,WEF_GCIHH,WEF_GCIHH_LIFEEXPECT,CRI,_T,_T,_T,_Z,_Z,_Z,2015,A,YR,NA
31,602,0,NA,A,PU,NA,NA,NA,NA,FALSE,WEF_GCIHH,WEF_GCIHH_LIFEEXPECT,CRI,_T,_T,_T,_Z,_Z,_Z,2015,A,RANK,NA
79.71,602,0,NA,A,PU,NA,NA,NA,NA,FALSE,WEF_GCIHH,WEF_GCIHH_LIFEEXPECT,CRI,_T,_T,_T,_Z,_Z,_Z,2014,A,YR,NA
31,602,0,NA,A,PU,NA,NA,NA,NA,FALSE,WEF_GCIHH,WEF_GCIHH_LIFEEXPECT,CRI,_T,_T,_T,_Z,_Z,_Z,2014,A,RANK,NA
79.32,602,0,NA,A,PU,NA,NA,NA,NA,FALSE,WEF_GCIHH,WEF_GCIHH_LIFEEXPECT,CRI,_T,_T,_T,_Z,_Z,_Z,2013,A,YR,NA
30,602,0,NA,A,PU,NA,NA,NA,NA,FALSE,WEF_GCIHH,WEF_GCIHH_LIFEEXPECT,CRI,_T,_T,_T,_Z,_Z,_Z,2013,A,RANK,NA
79.19,602,0,NA,A,PU,NA,NA,NA,NA,FALSE,WEF_GCIHH,WEF_GCIHH_LIFEEXPECT,CRI,_T,_T,_T,_Z,_Z,_Z,2012,A,YR,NA
28,602,0,NA,A,PU,NA,NA,NA,NA,FALSE,WEF_GCIHH,WEF_GCIHH_LIFEEXPECT,CRI,_T,_T,_T,_Z,_Z,_Z,2012,A,RANK,NA
79.04,602,0,NA,A,PU,NA,NA,NA,NA,FALSE,WEF_GCIHH,WEF_GCIHH_LIFEEXPECT,CRI,_T,_T,_T,_Z,_Z,_Z,2011,A,YR,NA
27,602,0,NA,A,PU,NA,NA,NA,NA,FALSE,WEF_GCIHH,WEF_GCIHH_LIFEEXPECT,CRI,_T,_T,_T,_Z,_Z,_Z,2011,A,RANK,NA
78.92,602,0,NA,A,PU,NA,NA,NA,NA,FALSE,WEF_GCIHH,WEF_GCIHH_LIFEEXPECT,CRI,_T,_T,_T,_Z,_Z,_Z,2010,A,YR,NA
29,602,0,NA,A,PU,NA,NA,NA,NA,FALSE,WEF_GCIHH,WEF_GCIHH_LIFEEXPECT,CRI,_T,_T,_T,_Z,_Z,_Z,2010,A,RANK,NA
79,602,0,NA,A,PU,NA,NA,NA,NA,FALSE,WEF_GCIHH,WEF_GCIHH_LIFEEXPECT,CRI,_T,_T,_T,_Z,_Z,_Z,2009,A,YR,NA
25,602,0,NA,A,PU,NA,NA,NA,NA,FALSE,WEF_GCIHH,WEF_GCIHH_LIFEEXPECT,CRI,_T,_T,_T,_Z,_Z,_Z,2009,A,RANK,NA
78,602,0,NA,A,PU,NA,NA,NA,NA,FALSE,WEF_GCIHH,WEF_GCIHH_LIFEEXPECT,CRI,_T,_T,_T,_Z,_Z,_Z,2008,A,YR,NA
29,602,0,NA,A,PU,NA,NA,NA,NA,FALSE,WEF_GCIHH,WEF_GCIHH_LIFEEXPECT,CRI,_T,_T,_T,_Z,_Z,_Z,2008,A,RANK,NA
77,602,0,NA,A,PU,NA,NA,NA,NA,FALSE,WEF_GCIHH,WEF_GCIHH_LIFEEXPECT,CRI,_T,_T,_T,_Z,_Z,_Z,2007,A,YR,NA
31,602,0,NA,A,PU,NA,NA,NA,NA,FALSE,WEF_GCIHH,WEF_GCIHH_LIFEEXPECT,CRI,_T,_T,_T,_Z,_Z,_Z,2007,A,RANK,NA
51.56,602,0,NA,A,PU,NA,NA,NA,NA,TRUE,WEF_GCIHH,WEF_GCIHH_LIFEEXPECT,CIV,_T,_T,_T,_Z,_Z,_Z,2016,A,YR,NA
135,602,0,NA,A,PU,NA,NA,NA,NA,TRUE,WEF_GCIHH,WEF_GCIHH_LIFEEXPECT,CIV,_T,_T,_T,_Z,_Z,_Z,2016,A,RANK,NA
50.76,602,0,NA,A,PU,NA,NA,NA,NA,FALSE,WEF_GCIHH,WEF_GCIHH_LIFEEXPECT,CIV,_T,_T,_T,_Z,_Z,_Z,2015,A,YR,NA
135,602,0,NA,A,PU,NA,NA,NA,NA,FALSE,WEF_GCIHH,WEF_GCIHH_LIFEEXPECT,CIV,_T,_T,_T,_Z,_Z,_Z,2015,A,RANK,NA
50.4,602,0,NA,A,PU,NA,NA,NA,NA,FALSE,WEF_GCIHH,WEF_GCIHH_LIFEEXPECT,CIV,_T,_T,_T,_Z,_Z,_Z,2014,A,YR,NA
139,602,0,NA,A,PU,NA,NA,NA,NA,FALSE,WEF_GCIHH,WEF_GCIHH_LIFEEXPECT,CIV,_T,_T,_T,_Z,_Z,_Z,2014,A,RANK,NA
55.42,602,0,NA,A,PU,NA,NA,NA,NA,FALSE,WEF_GCIHH,WEF_GCIHH_LIFEEXPECT,CIV,_T,_T,_T,_Z,_Z,_Z,2013,A,YR,NA
129,602,0,NA,A,PU,NA,NA,NA,NA,FALSE,WEF_GCIHH,WEF_GCIHH_LIFEEXPECT,CIV,_T,_T,_T,_Z,_Z,_Z,2013,A,RANK,NA
54.74,602,0,NA,A,PU,NA,NA,NA,NA,FALSE,WEF_GCIHH,WEF_GCIHH_LIFEEXPECT,CIV,_T,_T,_T,_Z,_Z,_Z,2012,A,YR,NA
128,602,0,NA,A,PU,NA,NA,NA,NA,FALSE,WEF_GCIHH,WEF_GCIHH_LIFEEXPECT,CIV,_T,_T,_T,_Z,_Z,_Z,2012,A,RANK,NA
57.95,602,0,NA,A,PU,NA,NA,NA,NA,FALSE,WEF_GCIHH,WEF_GCIHH_LIFEEXPECT,CIV,_T,_T,_T,_Z,_Z,_Z,2011,A,YR,NA
118,602,0,NA,A,PU,NA,NA,NA,NA,FALSE,WEF_GCIHH,WEF_GCIHH_LIFEEXPECT,CIV,_T,_T,_T,_Z,_Z,_Z,2011,A,RANK,NA
57.44,602,0,NA,A,PU,NA,NA,NA,NA,FALSE,WEF_GCIHH,WEF_GCIHH_LIFEEXPECT,CIV,_T,_T,_T,_Z,_Z,_Z,2010,A,YR,NA
115,602,0,NA,A,PU,NA,NA,NA,NA,FALSE,WEF_GCIHH,WEF_GCIHH_LIFEEXPECT,CIV,_T,_T,_T,_Z,_Z,_Z,2010,A,RANK,NA
54,602,0,NA,A,PU,NA,NA,NA,NA,FALSE,WEF_GCIHH,WEF_GCIHH_LIFEEXPECT,CIV,_T,_T,_T,_Z,_Z,_Z,2009,A,YR,NA
118,602,0,NA,A,PU,NA,NA,NA,NA,FALSE,WEF_GCIHH,WEF_GCIHH_LIFEEXPECT,CIV,_T,_T,_T,_Z,_Z,_Z,2009,A,RANK,NA
53,602,0,NA,A,PU,NA,NA,NA,NA,FALSE,WEF_GCIHH,WEF_GCIHH_LIFEEXPECT,CIV,_T,_T,_T,_Z,_Z,_Z,2008,A,YR,NA
118,602,0,NA,A,PU,NA,NA,NA,NA,FALSE,WEF_GCIHH,WEF_GCIHH_LIFEEXPECT,CIV,_T,_T,_T,_Z,_Z,_Z,2008,A,RANK,NA
77.28,602,0,NA,A,PU,NA,NA,NA,NA,TRUE,WEF_GCIHH,WEF_GCIHH_LIFEEXPECT,HRV,_T,_T,_T,_Z,_Z,_Z,2017,A,YR,NA
43,602,0,NA,A,PU,NA,NA,NA,NA,TRUE,WEF_GCIHH,WEF_GCIHH_LIFEEXPECT,HRV,_T,_T,_T,_Z,_Z,_Z,2017,A,RANK,NA
77.33,602,0,NA,A,PU,NA,NA,NA,NA,FALSE,WEF_GCIHH,WEF_GCIHH_LIFEEXPECT,HRV,_T,_T,_T,_Z,_Z,_Z,2016,A,YR,NA
41,602,0,NA,A,PU,NA,NA,NA,NA,FALSE,WEF_GCIHH,WEF_GCIHH_LIFEEXPECT,HRV,_T,_T,_T,_Z,_Z,_Z,2016,A,RANK,NA
77.13,602,0,NA,A,PU,NA,NA,NA,NA,FALSE,WEF_GCIHH,WEF_GCIHH_LIFEEXPECT,HRV,_T,_T,_T,_Z,_Z,_Z,2015,A,YR,NA
41,602,0,NA,A,PU,NA,NA,NA,NA,FALSE,WEF_GCIHH,WEF_GCIHH_LIFEEXPECT,HRV,_T,_T,_T,_Z,_Z,_Z,2015,A,RANK,NA
76.92,602,0,NA,A,PU,NA,NA,NA,NA,FALSE,WEF_GCIHH,WEF_GCIHH_LIFEEXPECT,HRV,_T,_T,_T,_Z,_Z,_Z,2014,A,YR,NA
42,602,0,NA,A,PU,NA,NA,NA,NA,FALSE,WEF_GCIHH,WEF_GCIHH_LIFEEXPECT,HRV,_T,_T,_T,_Z,_Z,_Z,2014,A,RANK,NA
76.88,602,0,NA,A,PU,NA,NA,NA,NA,FALSE,WEF_GCIHH,WEF_GCIHH_LIFEEXPECT,HRV,_T,_T,_T,_Z,_Z,_Z,2013,A,YR,NA
40,602,0,NA,A,PU,NA,NA,NA,NA,FALSE,WEF_GCIHH,WEF_GCIHH_LIFEEXPECT,HRV,_T,_T,_T,_Z,_Z,_Z,2013,A,RANK,NA
76.48,602,0,NA,A,PU,NA,NA,NA,NA,FALSE,WEF_GCIHH,WEF_GCIHH_LIFEEXPECT,HRV,_T,_T,_T,_Z,_Z,_Z,2012,A,YR,NA
42,602,0,NA,A,PU,NA,NA,NA,NA,FALSE,WEF_GCIHH,WEF_GCIHH_LIFEEXPECT,HRV,_T,_T,_T,_Z,_Z,_Z,2012,A,RANK,NA
76.14,602,0,NA,A,PU,NA,NA,NA,NA,FALSE,WEF_GCIHH,WEF_GCIHH_LIFEEXPECT,HRV,_T,_T,_T,_Z,_Z,_Z,2011,A,YR,NA
42,602,0,NA,A,PU,NA,NA,NA,NA,FALSE,WEF_GCIHH,WEF_GCIHH_LIFEEXPECT,HRV,_T,_T,_T,_Z,_Z,_Z,2011,A,RANK,NA
75.91,602,0,NA,A,PU,NA,NA,NA,NA,FALSE,WEF_GCIHH,WEF_GCIHH_LIFEEXPECT,HRV,_T,_T,_T,_Z,_Z,_Z,2010,A,YR,NA
44,602,0,NA,A,PU,NA,NA,NA,NA,FALSE,WEF_GCIHH,WEF_GCIHH_LIFEEXPECT,HRV,_T,_T,_T,_Z,_Z,_Z,2010,A,RANK,NA
76,602,0,NA,A,PU,NA,NA,NA,NA,FALSE,WEF_GCIHH,WEF_GCIHH_LIFEEXPECT,HRV,_T,_T,_T,_Z,_Z,_Z,2009,A,YR,NA
38,602,0,NA,A,PU,NA,NA,NA,NA,FALSE,WEF_GCIHH,WEF_GCIHH_LIFEEXPECT,HRV,_T,_T,_T,_Z,_Z,_Z,2009,A,RANK,NA
76,602,0,NA,A,PU,NA,NA,NA,NA,FALSE,WEF_GCIHH,WEF_GCIHH_LIFEEXPECT,HRV,_T,_T,_T,_Z,_Z,_Z,2008,A,YR,NA
40,602,0,NA,A,PU,NA,NA,NA,NA,FALSE,WEF_GCIHH,WEF_GCIHH_LIFEEXPECT,HRV,_T,_T,_T,_Z,_Z,_Z,2008,A,RANK,NA
75,602,0,NA,A,PU,NA,NA,NA,NA,FALSE,WEF_GCIHH,WEF_GCIHH_LIFEEXPECT,HRV,_T,_T,_T,_Z,_Z,_Z,2007,A,YR,NA
40,602,0,NA,A,PU,NA,NA,NA,NA,FALSE,WEF_GCIHH,WEF_GCIHH_LIFEEXPECT,HRV,_T,_T,_T,_Z,_Z,_Z,2007,A,RANK,NA
80.31,602,0,NA,A,PU,NA,NA,NA,NA,TRUE,WEF_GCIHH,WEF_GCIHH_LIFEEXPECT,CYP,_T,_T,_T,_Z,_Z,_Z,2017,A,YR,NA
30,602,0,NA,A,PU,NA,NA,NA,NA,TRUE,WEF_GCIHH,WEF_GCIHH_LIFEEXPECT,CYP,_T,_T,_T,_Z,_Z,_Z,2017,A,RANK,NA
80.13,602,0,NA,A,PU,NA,NA,NA,NA,FALSE,WEF_GCIHH,WEF_GCIHH_LIFEEXPECT,CYP,_T,_T,_T,_Z,_Z,_Z,2016,A,YR,NA
30,602,0,NA,A,PU,NA,NA,NA,NA,FALSE,WEF_GCIHH,WEF_GCIHH_LIFEEXPECT,CYP,_T,_T,_T,_Z,_Z,_Z,2016,A,RANK,NA
79.8,602,0,NA,A,PU,NA,NA,NA,NA,FALSE,WEF_GCIHH,WEF_GCIHH_LIFEEXPECT,CYP,_T,_T,_T,_Z,_Z,_Z,2015,A,YR,NA
33,602,0,NA,A,PU,NA,NA,NA,NA,FALSE,WEF_GCIHH,WEF_GCIHH_LIFEEXPECT,CYP,_T,_T,_T,_Z,_Z,_Z,2015,A,RANK,NA
79.64,602,0,NA,A,PU,NA,NA,NA,NA,FALSE,WEF_GCIHH,WEF_GCIHH_LIFEEXPECT,CYP,_T,_T,_T,_Z,_Z,_Z,2014,A,YR,NA
32,602,0,NA,A,PU,NA,NA,NA,NA,FALSE,WEF_GCIHH,WEF_GCIHH_LIFEEXPECT,CYP,_T,_T,_T,_Z,_Z,_Z,2014,A,RANK,NA
79.56,602,0,NA,A,PU,NA,NA,NA,NA,FALSE,WEF_GCIHH,WEF_GCIHH_LIFEEXPECT,CYP,_T,_T,_T,_Z,_Z,_Z,2013,A,YR,NA
29,602,0,NA,A,PU,NA,NA,NA,NA,FALSE,WEF_GCIHH,WEF_GCIHH_LIFEEXPECT,CYP,_T,_T,_T,_Z,_Z,_Z,2013,A,RANK,NA
79.38,602,0,NA,A,PU,NA,NA,NA,NA,FALSE,WEF_GCIHH,WEF_GCIHH_LIFEEXPECT,CYP,_T,_T,_T,_Z,_Z,_Z,2012,A,YR,NA
27,602,0,NA,A,PU,NA,NA,NA,NA,FALSE,WEF_GCIHH,WEF_GCIHH_LIFEEXPECT,CYP,_T,_T,_T,_Z,_Z,_Z,2012,A,RANK,NA
79.77,602,0,NA,A,PU,NA,NA,NA,NA,FALSE,WEF_GCIHH,WEF_GCIHH_LIFEEXPECT,CYP,_T,_T,_T,_Z,_Z,_Z,2011,A,YR,NA
24,602,0,NA,A,PU,NA,NA,NA,NA,FALSE,WEF_GCIHH,WEF_GCIHH_LIFEEXPECT,CYP,_T,_T,_T,_Z,_Z,_Z,2011,A,RANK,NA
79.66,602,0,NA,A,PU,NA,NA,NA,NA,FALSE,WEF_GCIHH,WEF_GCIHH_LIFEEXPECT,CYP,_T,_T,_T,_Z,_Z,_Z,2010,A,YR,NA
25,602,0,NA,A,PU,NA,NA,NA,NA,FALSE,WEF_GCIHH,WEF_GCIHH_LIFEEXPECT,CYP,_T,_T,_T,_Z,_Z,_Z,2010,A,RANK,NA
80,602,0,NA,A,PU,NA,NA,NA,NA,FALSE,WEF_GCIHH,WEF_GCIHH_LIFEEXPECT,CYP,_T,_T,_T,_Z,_Z,_Z,2009,A,YR,NA
15,602,0,NA,A,PU,NA,NA,NA,NA,FALSE,WEF_GCIHH,WEF_GCIHH_LIFEEXPECT,CYP,_T,_T,_T,_Z,_Z,_Z,2009,A,RANK,NA
80,602,0,NA,A,PU,NA,NA,NA,NA,FALSE,WEF_GCIHH,WEF_GCIHH_LIFEEXPECT,CYP,_T,_T,_T,_Z,_Z,_Z,2008,A,YR,NA
12,602,0,NA,A,PU,NA,NA,NA,NA,FALSE,WEF_GCIHH,WEF_GCIHH_LIFEEXPECT,CYP,_T,_T,_T,_Z,_Z,_Z,2008,A,RANK,NA
79,602,0,NA,A,PU,NA,NA,NA,NA,FALSE,WEF_GCIHH,WEF_GCIHH_LIFEEXPECT,CYP,_T,_T,_T,_Z,_Z,_Z,2007,A,YR,NA
15,602,0,NA,A,PU,NA,NA,NA,NA,FALSE,WEF_GCIHH,WEF_GCIHH_LIFEEXPECT,CYP,_T,_T,_T,_Z,_Z,_Z,2007,A,RANK,NA
79.47,602,0,NA,A,PU,NA,NA,NA,NA,TRUE,WEF_GCIHH,WEF_GCIHH_LIFEEXPECT,CZE,_T,_T,_T,_Z,_Z,_Z,2017,A,YR,NA
34,602,0,NA,A,PU,NA,NA,NA,NA,TRUE,WEF_GCIHH,WEF_GCIHH_LIFEEXPECT,CZE,_T,_T,_T,_Z,_Z,_Z,2017,A,RANK,NA
78.28,602,0,NA,A,PU,NA,NA,NA,NA,FALSE,WEF_GCIHH,WEF_GCIHH_LIFEEXPECT,CZE,_T,_T,_T,_Z,_Z,_Z,2016,A,YR,NA
37,602,0,NA,A,PU,NA,NA,NA,NA,FALSE,WEF_GCIHH,WEF_GCIHH_LIFEEXPECT,CZE,_T,_T,_T,_Z,_Z,_Z,2016,A,RANK,NA
78.28,602,0,NA,A,PU,NA,NA,NA,NA,FALSE,WEF_GCIHH,WEF_GCIHH_LIFEEXPECT,CZE,_T,_T,_T,_Z,_Z,_Z,2015,A,YR,NA
36,602,0,NA,A,PU,NA,NA,NA,NA,FALSE,WEF_GCIHH,WEF_GCIHH_LIFEEXPECT,CZE,_T,_T,_T,_Z,_Z,_Z,2015,A,RANK,NA
78.08,602,0,NA,A,PU,NA,NA,NA,NA,FALSE,WEF_GCIHH,WEF_GCIHH_LIFEEXPECT,CZE,_T,_T,_T,_Z,_Z,_Z,2014,A,YR,NA
37,602,0,NA,A,PU,NA,NA,NA,NA,FALSE,WEF_GCIHH,WEF_GCIHH_LIFEEXPECT,CZE,_T,_T,_T,_Z,_Z,_Z,2014,A,RANK,NA
77.87,602,0,NA,A,PU,NA,NA,NA,NA,FALSE,WEF_GCIHH,WEF_GCIHH_LIFEEXPECT,CZE,_T,_T,_T,_Z,_Z,_Z,2013,A,YR,NA
37,602,0,NA,A,PU,NA,NA,NA,NA,FALSE,WEF_GCIHH,WEF_GCIHH_LIFEEXPECT,CZE,_T,_T,_T,_Z,_Z,_Z,2013,A,RANK,NA
77.42,602,0,NA,A,PU,NA,NA,NA,NA,FALSE,WEF_GCIHH,WEF_GCIHH_LIFEEXPECT,CZE,_T,_T,_T,_Z,_Z,_Z,2012,A,YR,NA
37,602,0,NA,A,PU,NA,NA,NA,NA,FALSE,WEF_GCIHH,WEF_GCIHH_LIFEEXPECT,CZE,_T,_T,_T,_Z,_Z,_Z,2012,A,RANK,NA
77.08,602,0,NA,A,PU,NA,NA,NA,NA,FALSE,WEF_GCIHH,WEF_GCIHH_LIFEEXPECT,CZE,_T,_T,_T,_Z,_Z,_Z,2011,A,YR,NA
39,602,0,NA,A,PU,NA,NA,NA,NA,FALSE,WEF_GCIHH,WEF_GCIHH_LIFEEXPECT,CZE,_T,_T,_T,_Z,_Z,_Z,2011,A,RANK,NA
77.21,602,0,NA,A,PU,NA,NA,NA,NA,FALSE,WEF_GCIHH,WEF_GCIHH_LIFEEXPECT,CZE,_T,_T,_T,_Z,_Z,_Z,2010,A,YR,NA
38,602,0,NA,A,PU,NA,NA,NA,NA,FALSE,WEF_GCIHH,WEF_GCIHH_LIFEEXPECT,CZE,_T,_T,_T,_Z,_Z,_Z,2010,A,RANK,NA
77,602,0,NA,A,PU,NA,NA,NA,NA,FALSE,WEF_GCIHH,WEF_GCIHH_LIFEEXPECT,CZE,_T,_T,_T,_Z,_Z,_Z,2009,A,YR,NA
37,602,0,NA,A,PU,NA,NA,NA,NA,FALSE,WEF_GCIHH,WEF_GCIHH_LIFEEXPECT,CZE,_T,_T,_T,_Z,_Z,_Z,2009,A,RANK,NA
77,602,0,NA,A,PU,NA,NA,NA,NA,FALSE,WEF_GCIHH,WEF_GCIHH_LIFEEXPECT,CZE,_T,_T,_T,_Z,_Z,_Z,2008,A,YR,NA
37,602,0,NA,A,PU,NA,NA,NA,NA,FALSE,WEF_GCIHH,WEF_GCIHH_LIFEEXPECT,CZE,_T,_T,_T,_Z,_Z,_Z,2008,A,RANK,NA
76,602,0,NA,A,PU,NA,NA,NA,NA,FALSE,WEF_GCIHH,WEF_GCIHH_LIFEEXPECT,CZE,_T,_T,_T,_Z,_Z,_Z,2007,A,YR,NA
37,602,0,NA,A,PU,NA,NA,NA,NA,FALSE,WEF_GCIHH,WEF_GCIHH_LIFEEXPECT,CZE,_T,_T,_T,_Z,_Z,_Z,2007,A,RANK,NA
81.1,602,0,NA,A,PU,NA,NA,NA,NA,TRUE,WEF_GCIHH,WEF_GCIHH_LIFEEXPECT,DNK,_T,_T,_T,_Z,_Z,_Z,2017,A,YR,NA
27,602,0,NA,A,PU,NA,NA,NA,NA,TRUE,WEF_GCIHH,WEF_GCIHH_LIFEEXPECT,DNK,_T,_T,_T,_Z,_Z,_Z,2017,A,RANK,NA
80.55,602,0,NA,A,PU,NA,NA,NA,NA,FALSE,WEF_GCIHH,WEF_GCIHH_LIFEEXPECT,DNK,_T,_T,_T,_Z,_Z,_Z,2016,A,YR,NA
28,602,0,NA,A,PU,NA,NA,NA,NA,FALSE,WEF_GCIHH,WEF_GCIHH_LIFEEXPECT,DNK,_T,_T,_T,_Z,_Z,_Z,2016,A,RANK,NA
80.3,602,0,NA,A,PU,NA,NA,NA,NA,FALSE,WEF_GCIHH,WEF_GCIHH_LIFEEXPECT,DNK,_T,_T,_T,_Z,_Z,_Z,2015,A,YR,NA
27,602,0,NA,A,PU,NA,NA,NA,NA,FALSE,WEF_GCIHH,WEF_GCIHH_LIFEEXPECT,DNK,_T,_T,_T,_Z,_Z,_Z,2015,A,RANK,NA
80.05,602,0,NA,A,PU,NA,NA,NA,NA,FALSE,WEF_GCIHH,WEF_GCIHH_LIFEEXPECT,DNK,_T,_T,_T,_Z,_Z,_Z,2014,A,YR,NA
28,602,0,NA,A,PU,NA,NA,NA,NA,FALSE,WEF_GCIHH,WEF_GCIHH_LIFEEXPECT,DNK,_T,_T,_T,_Z,_Z,_Z,2014,A,RANK,NA
79.8,602,0,NA,A,PU,NA,NA,NA,NA,FALSE,WEF_GCIHH,WEF_GCIHH_LIFEEXPECT,DNK,_T,_T,_T,_Z,_Z,_Z,2013,A,YR,NA
28,602,0,NA,A,PU,NA,NA,NA,NA,FALSE,WEF_GCIHH,WEF_GCIHH_LIFEEXPECT,DNK,_T,_T,_T,_Z,_Z,_Z,2013,A,RANK,NA
79.1,602,0,NA,A,PU,NA,NA,NA,NA,FALSE,WEF_GCIHH,WEF_GCIHH_LIFEEXPECT,DNK,_T,_T,_T,_Z,_Z,_Z,2012,A,YR,NA
30,602,0,NA,A,PU,NA,NA,NA,NA,FALSE,WEF_GCIHH,WEF_GCIHH_LIFEEXPECT,DNK,_T,_T,_T,_Z,_Z,_Z,2012,A,RANK,NA
78.6,602,0,NA,A,PU,NA,NA,NA,NA,FALSE,WEF_GCIHH,WEF_GCIHH_LIFEEXPECT,DNK,_T,_T,_T,_Z,_Z,_Z,2011,A,YR,NA
34,602,0,NA,A,PU,NA,NA,NA,NA,FALSE,WEF_GCIHH,WEF_GCIHH_LIFEEXPECT,DNK,_T,_T,_T,_Z,_Z,_Z,2011,A,RANK,NA
78.7,602,0,NA,A,PU,NA,NA,NA,NA,FALSE,WEF_GCIHH,WEF_GCIHH_LIFEEXPECT,DNK,_T,_T,_T,_Z,_Z,_Z,2010,A,YR,NA
30,602,0,NA,A,PU,NA,NA,NA,NA,FALSE,WEF_GCIHH,WEF_GCIHH_LIFEEXPECT,DNK,_T,_T,_T,_Z,_Z,_Z,2010,A,RANK,NA
78,602,0,NA,A,PU,NA,NA,NA,NA,FALSE,WEF_GCIHH,WEF_GCIHH_LIFEEXPECT,DNK,_T,_T,_T,_Z,_Z,_Z,2009,A,YR,NA
30,602,0,NA,A,PU,NA,NA,NA,NA,FALSE,WEF_GCIHH,WEF_GCIHH_LIFEEXPECT,DNK,_T,_T,_T,_Z,_Z,_Z,2009,A,RANK,NA
79,602,0,NA,A,PU,NA,NA,NA,NA,FALSE,WEF_GCIHH,WEF_GCIHH_LIFEEXPECT,DNK,_T,_T,_T,_Z,_Z,_Z,2008,A,YR,NA
22,602,0,NA,A,PU,NA,NA,NA,NA,FALSE,WEF_GCIHH,WEF_GCIHH_LIFEEXPECT,DNK,_T,_T,_T,_Z,_Z,_Z,2008,A,RANK,NA
78,602,0,NA,A,PU,NA,NA,NA,NA,FALSE,WEF_GCIHH,WEF_GCIHH_LIFEEXPECT,DNK,_T,_T,_T,_Z,_Z,_Z,2007,A,YR,NA
24,602,0,NA,A,PU,NA,NA,NA,NA,FALSE,WEF_GCIHH,WEF_GCIHH_LIFEEXPECT,DNK,_T,_T,_T,_Z,_Z,_Z,2007,A,RANK,NA
73.68,602,0,NA,A,PU,NA,NA,NA,NA,TRUE,WEF_GCIHH,WEF_GCIHH_LIFEEXPECT,DOM,_T,_T,_T,_Z,_Z,_Z,2017,A,YR,NA
81,602,0,NA,A,PU,NA,NA,NA,NA,TRUE,WEF_GCIHH,WEF_GCIHH_LIFEEXPECT,DOM,_T,_T,_T,_Z,_Z,_Z,2017,A,RANK,NA
73.5,602,0,NA,A,PU,NA,NA,NA,NA,FALSE,WEF_GCIHH,WEF_GCIHH_LIFEEXPECT,DOM,_T,_T,_T,_Z,_Z,_Z,2016,A,YR,NA
83,602,0,NA,A,PU,NA,NA,NA,NA,FALSE,WEF_GCIHH,WEF_GCIHH_LIFEEXPECT,DOM,_T,_T,_T,_Z,_Z,_Z,2016,A,RANK,NA
73.45,602,0,NA,A,PU,NA,NA,NA,NA,FALSE,WEF_GCIHH,WEF_GCIHH_LIFEEXPECT,DOM,_T,_T,_T,_Z,_Z,_Z,2015,A,YR,NA
82,602,0,NA,A,PU,NA,NA,NA,NA,FALSE,WEF_GCIHH,WEF_GCIHH_LIFEEXPECT,DOM,_T,_T,_T,_Z,_Z,_Z,2015,A,RANK,NA
73.23,602,0,NA,A,PU,NA,NA,NA,NA,FALSE,WEF_GCIHH,WEF_GCIHH_LIFEEXPECT,DOM,_T,_T,_T,_Z,_Z,_Z,2014,A,YR,NA
82,602,0,NA,A,PU,NA,NA,NA,NA,FALSE,WEF_GCIHH,WEF_GCIHH_LIFEEXPECT,DOM,_T,_T,_T,_Z,_Z,_Z,2014,A,RANK,NA
73.44,602,0,NA,A,PU,NA,NA,NA,NA,FALSE,WEF_GCIHH,WEF_GCIHH_LIFEEXPECT,DOM,_T,_T,_T,_Z,_Z,_Z,2013,A,YR,NA
77,602,0,NA,A,PU,NA,NA,NA,NA,FALSE,WEF_GCIHH,WEF_GCIHH_LIFEEXPECT,DOM,_T,_T,_T,_Z,_Z,_Z,2013,A,RANK,NA
73.2,602,0,NA,A,PU,NA,NA,NA,NA,FALSE,WEF_GCIHH,WEF_GCIHH_LIFEEXPECT,DOM,_T,_T,_T,_Z,_Z,_Z,2012,A,YR,NA
77,602,0,NA,A,PU,NA,NA,NA,NA,FALSE,WEF_GCIHH,WEF_GCIHH_LIFEEXPECT,DOM,_T,_T,_T,_Z,_Z,_Z,2012,A,RANK,NA
72.71,602,0,NA,A,PU,NA,NA,NA,NA,FALSE,WEF_GCIHH,WEF_GCIHH_LIFEEXPECT,DOM,_T,_T,_T,_Z,_Z,_Z,2011,A,YR,NA
76,602,0,NA,A,PU,NA,NA,NA,NA,FALSE,WEF_GCIHH,WEF_GCIHH_LIFEEXPECT,DOM,_T,_T,_T,_Z,_Z,_Z,2011,A,RANK,NA
72.57,602,0,NA,A,PU,NA,NA,NA,NA,FALSE,WEF_GCIHH,WEF_GCIHH_LIFEEXPECT,DOM,_T,_T,_T,_Z,_Z,_Z,2010,A,YR,NA
74,602,0,NA,A,PU,NA,NA,NA,NA,FALSE,WEF_GCIHH,WEF_GCIHH_LIFEEXPECT,DOM,_T,_T,_T,_Z,_Z,_Z,2010,A,RANK,NA
72,602,0,NA,A,PU,NA,NA,NA,NA,FALSE,WEF_GCIHH,WEF_GCIHH_LIFEEXPECT,DOM,_T,_T,_T,_Z,_Z,_Z,2009,A,YR,NA
69,602,0,NA,A,PU,NA,NA,NA,NA,FALSE,WEF_GCIHH,WEF_GCIHH_LIFEEXPECT,DOM,_T,_T,_T,_Z,_Z,_Z,2009,A,RANK,NA
70,602,0,NA,A,PU,NA,NA,NA,NA,FALSE,WEF_GCIHH,WEF_GCIHH_LIFEEXPECT,DOM,_T,_T,_T,_Z,_Z,_Z,2008,A,YR,NA
83,602,0,NA,A,PU,NA,NA,NA,NA,FALSE,WEF_GCIHH,WEF_GCIHH_LIFEEXPECT,DOM,_T,_T,_T,_Z,_Z,_Z,2008,A,RANK,NA
67,602,0,NA,A,PU,NA,NA,NA,NA,FALSE,WEF_GCIHH,WEF_GCIHH_LIFEEXPECT,DOM,_T,_T,_T,_Z,_Z,_Z,2007,A,YR,NA
89,602,0,NA,A,PU,NA,NA,NA,NA,FALSE,WEF_GCIHH,WEF_GCIHH_LIFEEXPECT,DOM,_T,_T,_T,_Z,_Z,_Z,2007,A,RANK,NA
76.1,602,0,NA,A,PU,NA,NA,NA,NA,TRUE,WEF_GCIHH,WEF_GCIHH_LIFEEXPECT,ECU,_T,_T,_T,_Z,_Z,_Z,2017,A,YR,NA
52,602,0,NA,A,PU,NA,NA,NA,NA,TRUE,WEF_GCIHH,WEF_GCIHH_LIFEEXPECT,ECU,_T,_T,_T,_Z,_Z,_Z,2017,A,RANK,NA
75.87,602,0,NA,A,PU,NA,NA,NA,NA,FALSE,WEF_GCIHH,WEF_GCIHH_LIFEEXPECT,ECU,_T,_T,_T,_Z,_Z,_Z,2016,A,YR,NA
53,602,0,NA,A,PU,NA,NA,NA,NA,FALSE,WEF_GCIHH,WEF_GCIHH_LIFEEXPECT,ECU,_T,_T,_T,_Z,_Z,_Z,2016,A,RANK,NA
76.47,602,0,NA,A,PU,NA,NA,NA,NA,FALSE,WEF_GCIHH,WEF_GCIHH_LIFEEXPECT,ECU,_T,_T,_T,_Z,_Z,_Z,2015,A,YR,NA
46,602,0,NA,A,PU,NA,NA,NA,NA,FALSE,WEF_GCIHH,WEF_GCIHH_LIFEEXPECT,ECU,_T,_T,_T,_Z,_Z,_Z,2015,A,RANK,NA
75.63,602,0,NA,A,PU,NA,NA,NA,NA,FALSE,WEF_GCIHH,WEF_GCIHH_LIFEEXPECT,ECU,_T,_T,_T,_Z,_Z,_Z,2013,A,YR,NA
49,602,0,NA,A,PU,NA,NA,NA,NA,FALSE,WEF_GCIHH,WEF_GCIHH_LIFEEXPECT,ECU,_T,_T,_T,_Z,_Z,_Z,2013,A,RANK,NA
75.46,602,0,NA,A,PU,NA,NA,NA,NA,FALSE,WEF_GCIHH,WEF_GCIHH_LIFEEXPECT,ECU,_T,_T,_T,_Z,_Z,_Z,2012,A,YR,NA
47,602,0,NA,A,PU,NA,NA,NA,NA,FALSE,WEF_GCIHH,WEF_GCIHH_LIFEEXPECT,ECU,_T,_T,_T,_Z,_Z,_Z,2012,A,RANK,NA
75.28,602,0,NA,A,PU,NA,NA,NA,NA,FALSE,WEF_GCIHH,WEF_GCIHH_LIFEEXPECT,ECU,_T,_T,_T,_Z,_Z,_Z,2011,A,YR,NA
51,602,0,NA,A,PU,NA,NA,NA,NA,FALSE,WEF_GCIHH,WEF_GCIHH_LIFEEXPECT,ECU,_T,_T,_T,_Z,_Z,_Z,2011,A,RANK,NA
75.13,602,0,NA,A,PU,NA,NA,NA,NA,FALSE,WEF_GCIHH,WEF_GCIHH_LIFEEXPECT,ECU,_T,_T,_T,_Z,_Z,_Z,2010,A,YR,NA
49,602,0,NA,A,PU,NA,NA,NA,NA,FALSE,WEF_GCIHH,WEF_GCIHH_LIFEEXPECT,ECU,_T,_T,_T,_Z,_Z,_Z,2010,A,RANK,NA
73,602,0,NA,A,PU,NA,NA,NA,NA,FALSE,WEF_GCIHH,WEF_GCIHH_LIFEEXPECT,ECU,_T,_T,_T,_Z,_Z,_Z,2009,A,YR,NA
59,602,0,NA,A,PU,NA,NA,NA,NA,FALSE,WEF_GCIHH,WEF_GCIHH_LIFEEXPECT,ECU,_T,_T,_T,_Z,_Z,_Z,2009,A,RANK,NA
73,602,0,NA,A,PU,NA,NA,NA,NA,FALSE,WEF_GCIHH,WEF_GCIHH_LIFEEXPECT,ECU,_T,_T,_T,_Z,_Z,_Z,2008,A,YR,NA
55,602,0,NA,A,PU,NA,NA,NA,NA,FALSE,WEF_GCIHH,WEF_GCIHH_LIFEEXPECT,ECU,_T,_T,_T,_Z,_Z,_Z,2008,A,RANK,NA
72,602,0,NA,A,PU,NA,NA,NA,NA,FALSE,WEF_GCIHH,WEF_GCIHH_LIFEEXPECT,ECU,_T,_T,_T,_Z,_Z,_Z,2007,A,YR,NA
56,602,0,NA,A,PU,NA,NA,NA,NA,FALSE,WEF_GCIHH,WEF_GCIHH_LIFEEXPECT,ECU,_T,_T,_T,_Z,_Z,_Z,2007,A,RANK,NA
71.32,602,0,NA,A,PU,NA,NA,NA,NA,TRUE,WEF_GCIHH,WEF_GCIHH_LIFEEXPECT,EGY,_T,_T,_T,_Z,_Z,_Z,2017,A,YR,NA
91,602,0,NA,A,PU,NA,NA,NA,NA,TRUE,WEF_GCIHH,WEF_GCIHH_LIFEEXPECT,EGY,_T,_T,_T,_Z,_Z,_Z,2017,A,RANK,NA
71.12,602,0,NA,A,PU,NA,NA,NA,NA,FALSE,WEF_GCIHH,WEF_GCIHH_LIFEEXPECT,EGY,_T,_T,_T,_Z,_Z,_Z,2016,A,YR,NA
93,602,0,NA,A,PU,NA,NA,NA,NA,FALSE,WEF_GCIHH,WEF_GCIHH_LIFEEXPECT,EGY,_T,_T,_T,_Z,_Z,_Z,2016,A,RANK,NA
71.13,602,0,NA,A,PU,NA,NA,NA,NA,FALSE,WEF_GCIHH,WEF_GCIHH_LIFEEXPECT,EGY,_T,_T,_T,_Z,_Z,_Z,2015,A,YR,NA
88,602,0,NA,A,PU,NA,NA,NA,NA,FALSE,WEF_GCIHH,WEF_GCIHH_LIFEEXPECT,EGY,_T,_T,_T,_Z,_Z,_Z,2015,A,RANK,NA
70.91,602,0,NA,A,PU,NA,NA,NA,NA,FALSE,WEF_GCIHH,WEF_GCIHH_LIFEEXPECT,EGY,_T,_T,_T,_Z,_Z,_Z,2014,A,YR,NA
89,602,0,NA,A,PU,NA,NA,NA,NA,FALSE,WEF_GCIHH,WEF_GCIHH_LIFEEXPECT,EGY,_T,_T,_T,_Z,_Z,_Z,2014,A,RANK,NA
73.2,602,0,NA,A,PU,NA,NA,NA,NA,FALSE,WEF_GCIHH,WEF_GCIHH_LIFEEXPECT,EGY,_T,_T,_T,_Z,_Z,_Z,2013,A,YR,NA
83,602,0,NA,A,PU,NA,NA,NA,NA,FALSE,WEF_GCIHH,WEF_GCIHH_LIFEEXPECT,EGY,_T,_T,_T,_Z,_Z,_Z,2013,A,RANK,NA
72.98,602,0,NA,A,PU,NA,NA,NA,NA,FALSE,WEF_GCIHH,WEF_GCIHH_LIFEEXPECT,EGY,_T,_T,_T,_Z,_Z,_Z,2012,A,YR,NA
81,602,0,NA,A,PU,NA,NA,NA,NA,FALSE,WEF_GCIHH,WEF_GCIHH_LIFEEXPECT,EGY,_T,_T,_T,_Z,_Z,_Z,2012,A,RANK,NA
70.34,602,0,NA,A,PU,NA,NA,NA,NA,FALSE,WEF_GCIHH,WEF_GCIHH_LIFEEXPECT,EGY,_T,_T,_T,_Z,_Z,_Z,2011,A,YR,NA
94,602,0,NA,A,PU,NA,NA,NA,NA,FALSE,WEF_GCIHH,WEF_GCIHH_LIFEEXPECT,EGY,_T,_T,_T,_Z,_Z,_Z,2011,A,RANK,NA
70.14,602,0,NA,A,PU,NA,NA,NA,NA,FALSE,WEF_GCIHH,WEF_GCIHH_LIFEEXPECT,EGY,_T,_T,_T,_Z,_Z,_Z,2010,A,YR,NA
94,602,0,NA,A,PU,NA,NA,NA,NA,FALSE,WEF_GCIHH,WEF_GCIHH_LIFEEXPECT,EGY,_T,_T,_T,_Z,_Z,_Z,2010,A,RANK,NA
68,602,0,NA,A,PU,NA,NA,NA,NA,FALSE,WEF_GCIHH,WEF_GCIHH_LIFEEXPECT,EGY,_T,_T,_T,_Z,_Z,_Z,2009,A,YR,NA
92,602,0,NA,A,PU,NA,NA,NA,NA,FALSE,WEF_GCIHH,WEF_GCIHH_LIFEEXPECT,EGY,_T,_T,_T,_Z,_Z,_Z,2009,A,RANK,NA
68,602,0,NA,A,PU,NA,NA,NA,NA,FALSE,WEF_GCIHH,WEF_GCIHH_LIFEEXPECT,EGY,_T,_T,_T,_Z,_Z,_Z,2008,A,YR,NA
89,602,0,NA,A,PU,NA,NA,NA,NA,FALSE,WEF_GCIHH,WEF_GCIHH_LIFEEXPECT,EGY,_T,_T,_T,_Z,_Z,_Z,2008,A,RANK,NA
68,602,0,NA,A,PU,NA,NA,NA,NA,FALSE,WEF_GCIHH,WEF_GCIHH_LIFEEXPECT,EGY,_T,_T,_T,_Z,_Z,_Z,2007,A,YR,NA
85,602,0,NA,A,PU,NA,NA,NA,NA,FALSE,WEF_GCIHH,WEF_GCIHH_LIFEEXPECT,EGY,_T,_T,_T,_Z,_Z,_Z,2007,A,RANK,NA
73,602,0,NA,A,PU,NA,NA,NA,NA,TRUE,WEF_GCIHH,WEF_GCIHH_LIFEEXPECT,SLV,_T,_T,_T,_Z,_Z,_Z,2017,A,YR,NA
86,602,0,NA,A,PU,NA,NA,NA,NA,TRUE,WEF_GCIHH,WEF_GCIHH_LIFEEXPECT,SLV,_T,_T,_T,_Z,_Z,_Z,2017,A,RANK,NA
72.75,602,0,NA,A,PU,NA,NA,NA,NA,FALSE,WEF_GCIHH,WEF_GCIHH_LIFEEXPECT,SLV,_T,_T,_T,_Z,_Z,_Z,2016,A,YR,NA
87,602,0,NA,A,PU,NA,NA,NA,NA,FALSE,WEF_GCIHH,WEF_GCIHH_LIFEEXPECT,SLV,_T,_T,_T,_Z,_Z,_Z,2016,A,RANK,NA
72.34,602,0,NA,A,PU,NA,NA,NA,NA,FALSE,WEF_GCIHH,WEF_GCIHH_LIFEEXPECT,SLV,_T,_T,_T,_Z,_Z,_Z,2015,A,YR,NA
83,602,0,NA,A,PU,NA,NA,NA,NA,FALSE,WEF_GCIHH,WEF_GCIHH_LIFEEXPECT,SLV,_T,_T,_T,_Z,_Z,_Z,2015,A,RANK,NA
72.1,602,0,NA,A,PU,NA,NA,NA,NA,FALSE,WEF_GCIHH,WEF_GCIHH_LIFEEXPECT,SLV,_T,_T,_T,_Z,_Z,_Z,2014,A,YR,NA
85,602,0,NA,A,PU,NA,NA,NA,NA,FALSE,WEF_GCIHH,WEF_GCIHH_LIFEEXPECT,SLV,_T,_T,_T,_Z,_Z,_Z,2014,A,RANK,NA
71.95,602,0,NA,A,PU,NA,NA,NA,NA,FALSE,WEF_GCIHH,WEF_GCIHH_LIFEEXPECT,SLV,_T,_T,_T,_Z,_Z,_Z,2013,A,YR,NA
91,602,0,NA,A,PU,NA,NA,NA,NA,FALSE,WEF_GCIHH,WEF_GCIHH_LIFEEXPECT,SLV,_T,_T,_T,_Z,_Z,_Z,2013,A,RANK,NA
71.73,602,0,NA,A,PU,NA,NA,NA,NA,FALSE,WEF_GCIHH,WEF_GCIHH_LIFEEXPECT,SLV,_T,_T,_T,_Z,_Z,_Z,2012,A,YR,NA
90,602,0,NA,A,PU,NA,NA,NA,NA,FALSE,WEF_GCIHH,WEF_GCIHH_LIFEEXPECT,SLV,_T,_T,_T,_Z,_Z,_Z,2012,A,RANK,NA
71.46,602,0,NA,A,PU,NA,NA,NA,NA,FALSE,WEF_GCIHH,WEF_GCIHH_LIFEEXPECT,SLV,_T,_T,_T,_Z,_Z,_Z,2011,A,YR,NA
89,602,0,NA,A,PU,NA,NA,NA,NA,FALSE,WEF_GCIHH,WEF_GCIHH_LIFEEXPECT,SLV,_T,_T,_T,_Z,_Z,_Z,2011,A,RANK,NA
71.26,602,0,NA,A,PU,NA,NA,NA,NA,FALSE,WEF_GCIHH,WEF_GCIHH_LIFEEXPECT,SLV,_T,_T,_T,_Z,_Z,_Z,2010,A,YR,NA
89,602,0,NA,A,PU,NA,NA,NA,NA,FALSE,WEF_GCIHH,WEF_GCIHH_LIFEEXPECT,SLV,_T,_T,_T,_Z,_Z,_Z,2010,A,RANK,NA
72,602,0,NA,A,PU,NA,NA,NA,NA,FALSE,WEF_GCIHH,WEF_GCIHH_LIFEEXPECT,SLV,_T,_T,_T,_Z,_Z,_Z,2009,A,YR,NA
69,602,0,NA,A,PU,NA,NA,NA,NA,FALSE,WEF_GCIHH,WEF_GCIHH_LIFEEXPECT,SLV,_T,_T,_T,_Z,_Z,_Z,2009,A,RANK,NA
71,602,0,NA,A,PU,NA,NA,NA,NA,FALSE,WEF_GCIHH,WEF_GCIHH_LIFEEXPECT,SLV,_T,_T,_T,_Z,_Z,_Z,2008,A,YR,NA
76,602,0,NA,A,PU,NA,NA,NA,NA,FALSE,WEF_GCIHH,WEF_GCIHH_LIFEEXPECT,SLV,_T,_T,_T,_Z,_Z,_Z,2008,A,RANK,NA
71,602,0,NA,A,PU,NA,NA,NA,NA,FALSE,WEF_GCIHH,WEF_GCIHH_LIFEEXPECT,SLV,_T,_T,_T,_Z,_Z,_Z,2007,A,YR,NA
71,602,0,NA,A,PU,NA,NA,NA,NA,FALSE,WEF_GCIHH,WEF_GCIHH_LIFEEXPECT,SLV,_T,_T,_T,_Z,_Z,_Z,2007,A,RANK,NA
77.13,602,0,NA,A,PU,NA,NA,NA,NA,TRUE,WEF_GCIHH,WEF_GCIHH_LIFEEXPECT,EST,_T,_T,_T,_Z,_Z,_Z,2017,A,YR,NA
46,602,0,NA,A,PU,NA,NA,NA,NA,TRUE,WEF_GCIHH,WEF_GCIHH_LIFEEXPECT,EST,_T,_T,_T,_Z,_Z,_Z,2017,A,RANK,NA
77.24,602,0,NA,A,PU,NA,NA,NA,NA,FALSE,WEF_GCIHH,WEF_GCIHH_LIFEEXPECT,EST,_T,_T,_T,_Z,_Z,_Z,2016,A,YR,NA
43,602,0,NA,A,PU,NA,NA,NA,NA,FALSE,WEF_GCIHH,WEF_GCIHH_LIFEEXPECT,EST,_T,_T,_T,_Z,_Z,_Z,2016,A,RANK,NA
76.42,602,0,NA,A,PU,NA,NA,NA,NA,FALSE,WEF_GCIHH,WEF_GCIHH_LIFEEXPECT,EST,_T,_T,_T,_Z,_Z,_Z,2015,A,YR,NA
47,602,0,NA,A,PU,NA,NA,NA,NA,FALSE,WEF_GCIHH,WEF_GCIHH_LIFEEXPECT,EST,_T,_T,_T,_Z,_Z,_Z,2015,A,RANK,NA
76.43,602,0,NA,A,PU,NA,NA,NA,NA,FALSE,WEF_GCIHH,WEF_GCIHH_LIFEEXPECT,EST,_T,_T,_T,_Z,_Z,_Z,2014,A,YR,NA
47,602,0,NA,A,PU,NA,NA,NA,NA,FALSE,WEF_GCIHH,WEF_GCIHH_LIFEEXPECT,EST,_T,_T,_T,_Z,_Z,_Z,2014,A,RANK,NA
76.13,602,0,NA,A,PU,NA,NA,NA,NA,FALSE,WEF_GCIHH,WEF_GCIHH_LIFEEXPECT,EST,_T,_T,_T,_Z,_Z,_Z,2013,A,YR,NA
46,602,0,NA,A,PU,NA,NA,NA,NA,FALSE,WEF_GCIHH,WEF_GCIHH_LIFEEXPECT,EST,_T,_T,_T,_Z,_Z,_Z,2013,A,RANK,NA
75.43,602,0,NA,A,PU,NA,NA,NA,NA,FALSE,WEF_GCIHH,WEF_GCIHH_LIFEEXPECT,EST,_T,_T,_T,_Z,_Z,_Z,2012,A,YR,NA
48,602,0,NA,A,PU,NA,NA,NA,NA,FALSE,WEF_GCIHH,WEF_GCIHH_LIFEEXPECT,EST,_T,_T,_T,_Z,_Z,_Z,2012,A,RANK,NA
74.82,602,0,NA,A,PU,NA,NA,NA,NA,FALSE,WEF_GCIHH,WEF_GCIHH_LIFEEXPECT,EST,_T,_T,_T,_Z,_Z,_Z,2011,A,YR,NA
54,602,0,NA,A,PU,NA,NA,NA,NA,FALSE,WEF_GCIHH,WEF_GCIHH_LIFEEXPECT,EST,_T,_T,_T,_Z,_Z,_Z,2011,A,RANK,NA
73.97,602,0,NA,A,PU,NA,NA,NA,NA,FALSE,WEF_GCIHH,WEF_GCIHH_LIFEEXPECT,EST,_T,_T,_T,_Z,_Z,_Z,2010,A,YR,NA
62,602,0,NA,A,PU,NA,NA,NA,NA,FALSE,WEF_GCIHH,WEF_GCIHH_LIFEEXPECT,EST,_T,_T,_T,_Z,_Z,_Z,2010,A,RANK,NA
73,602,0,NA,A,PU,NA,NA,NA,NA,FALSE,WEF_GCIHH,WEF_GCIHH_LIFEEXPECT,EST,_T,_T,_T,_Z,_Z,_Z,2009,A,YR,NA
59,602,0,NA,A,PU,NA,NA,NA,NA,FALSE,WEF_GCIHH,WEF_GCIHH_LIFEEXPECT,EST,_T,_T,_T,_Z,_Z,_Z,2009,A,RANK,NA
73,602,0,NA,A,PU,NA,NA,NA,NA,FALSE,WEF_GCIHH,WEF_GCIHH_LIFEEXPECT,EST,_T,_T,_T,_Z,_Z,_Z,2008,A,YR,NA
55,602,0,NA,A,PU,NA,NA,NA,NA,FALSE,WEF_GCIHH,WEF_GCIHH_LIFEEXPECT,EST,_T,_T,_T,_Z,_Z,_Z,2008,A,RANK,NA
72,602,0,NA,A,PU,NA,NA,NA,NA,FALSE,WEF_GCIHH,WEF_GCIHH_LIFEEXPECT,EST,_T,_T,_T,_Z,_Z,_Z,2007,A,YR,NA
56,602,0,NA,A,PU,NA,NA,NA,NA,FALSE,WEF_GCIHH,WEF_GCIHH_LIFEEXPECT,EST,_T,_T,_T,_Z,_Z,_Z,2007,A,RANK,NA
64.58,602,0,NA,A,PU,NA,NA,NA,NA,TRUE,WEF_GCIHH,WEF_GCIHH_LIFEEXPECT,ETH,_T,_T,_T,_Z,_Z,_Z,2017,A,YR,NA
111,602,0,NA,A,PU,NA,NA,NA,NA,TRUE,WEF_GCIHH,WEF_GCIHH_LIFEEXPECT,ETH,_T,_T,_T,_Z,_Z,_Z,2017,A,RANK,NA
64.04,602,0,NA,A,PU,NA,NA,NA,NA,FALSE,WEF_GCIHH,WEF_GCIHH_LIFEEXPECT,ETH,_T,_T,_T,_Z,_Z,_Z,2016,A,YR,NA
115,602,0,NA,A,PU,NA,NA,NA,NA,FALSE,WEF_GCIHH,WEF_GCIHH_LIFEEXPECT,ETH,_T,_T,_T,_Z,_Z,_Z,2016,A,RANK,NA
63.62,602,0,NA,A,PU,NA,NA,NA,NA,FALSE,WEF_GCIHH,WEF_GCIHH_LIFEEXPECT,ETH,_T,_T,_T,_Z,_Z,_Z,2015,A,YR,NA
113,602,0,NA,A,PU,NA,NA,NA,NA,FALSE,WEF_GCIHH,WEF_GCIHH_LIFEEXPECT,ETH,_T,_T,_T,_Z,_Z,_Z,2015,A,RANK,NA
62.97,602,0,NA,A,PU,NA,NA,NA,NA,FALSE,WEF_GCIHH,WEF_GCIHH_LIFEEXPECT,ETH,_T,_T,_T,_Z,_Z,_Z,2014,A,YR,NA
118,602,0,NA,A,PU,NA,NA,NA,NA,FALSE,WEF_GCIHH,WEF_GCIHH_LIFEEXPECT,ETH,_T,_T,_T,_Z,_Z,_Z,2014,A,RANK,NA
59.24,602,0,NA,A,PU,NA,NA,NA,NA,FALSE,WEF_GCIHH,WEF_GCIHH_LIFEEXPECT,ETH,_T,_T,_T,_Z,_Z,_Z,2013,A,YR,NA
122,602,0,NA,A,PU,NA,NA,NA,NA,FALSE,WEF_GCIHH,WEF_GCIHH_LIFEEXPECT,ETH,_T,_T,_T,_Z,_Z,_Z,2013,A,RANK,NA
58.72,602,0,NA,A,PU,NA,NA,NA,NA,FALSE,WEF_GCIHH,WEF_GCIHH_LIFEEXPECT,ETH,_T,_T,_T,_Z,_Z,_Z,2012,A,YR,NA
119,602,0,NA,A,PU,NA,NA,NA,NA,FALSE,WEF_GCIHH,WEF_GCIHH_LIFEEXPECT,ETH,_T,_T,_T,_Z,_Z,_Z,2012,A,RANK,NA
55.66,602,0,NA,A,PU,NA,NA,NA,NA,FALSE,WEF_GCIHH,WEF_GCIHH_LIFEEXPECT,ETH,_T,_T,_T,_Z,_Z,_Z,2011,A,YR,NA
124,602,0,NA,A,PU,NA,NA,NA,NA,FALSE,WEF_GCIHH,WEF_GCIHH_LIFEEXPECT,ETH,_T,_T,_T,_Z,_Z,_Z,2011,A,RANK,NA
55.2,602,0,NA,A,PU,NA,NA,NA,NA,FALSE,WEF_GCIHH,WEF_GCIHH_LIFEEXPECT,ETH,_T,_T,_T,_Z,_Z,_Z,2010,A,YR,NA
121,602,0,NA,A,PU,NA,NA,NA,NA,FALSE,WEF_GCIHH,WEF_GCIHH_LIFEEXPECT,ETH,_T,_T,_T,_Z,_Z,_Z,2010,A,RANK,NA
57,602,0,NA,A,PU,NA,NA,NA,NA,FALSE,WEF_GCIHH,WEF_GCIHH_LIFEEXPECT,ETH,_T,_T,_T,_Z,_Z,_Z,2009,A,YR,NA
114,602,0,NA,A,PU,NA,NA,NA,NA,FALSE,WEF_GCIHH,WEF_GCIHH_LIFEEXPECT,ETH,_T,_T,_T,_Z,_Z,_Z,2009,A,RANK,NA
56,602,0,NA,A,PU,NA,NA,NA,NA,FALSE,WEF_GCIHH,WEF_GCIHH_LIFEEXPECT,ETH,_T,_T,_T,_Z,_Z,_Z,2008,A,YR,NA
116,602,0,NA,A,PU,NA,NA,NA,NA,FALSE,WEF_GCIHH,WEF_GCIHH_LIFEEXPECT,ETH,_T,_T,_T,_Z,_Z,_Z,2008,A,RANK,NA
50,602,0,NA,A,PU,NA,NA,NA,NA,FALSE,WEF_GCIHH,WEF_GCIHH_LIFEEXPECT,ETH,_T,_T,_T,_Z,_Z,_Z,2007,A,YR,NA
117,602,0,NA,A,PU,NA,NA,NA,NA,FALSE,WEF_GCIHH,WEF_GCIHH_LIFEEXPECT,ETH,_T,_T,_T,_Z,_Z,_Z,2007,A,RANK,NA
81.39,602,0,NA,A,PU,NA,NA,NA,NA,TRUE,WEF_GCIHH,WEF_GCIHH_LIFEEXPECT,FIN,_T,_T,_T,_Z,_Z,_Z,2017,A,YR,NA
25,602,0,NA,A,PU,NA,NA,NA,NA,TRUE,WEF_GCIHH,WEF_GCIHH_LIFEEXPECT,FIN,_T,_T,_T,_Z,_Z,_Z,2017,A,RANK,NA
81.13,602,0,NA,A,PU,NA,NA,NA,NA,FALSE,WEF_GCIHH,WEF_GCIHH_LIFEEXPECT,FIN,_T,_T,_T,_Z,_Z,_Z,2016,A,YR,NA
23,602,0,NA,A,PU,NA,NA,NA,NA,FALSE,WEF_GCIHH,WEF_GCIHH_LIFEEXPECT,FIN,_T,_T,_T,_Z,_Z,_Z,2016,A,RANK,NA
80.83,602,0,NA,A,PU,NA,NA,NA,NA,FALSE,WEF_GCIHH,WEF_GCIHH_LIFEEXPECT,FIN,_T,_T,_T,_Z,_Z,_Z,2015,A,YR,NA
22,602,0,NA,A,PU,NA,NA,NA,NA,FALSE,WEF_GCIHH,WEF_GCIHH_LIFEEXPECT,FIN,_T,_T,_T,_Z,_Z,_Z,2015,A,RANK,NA
80.63,602,0,NA,A,PU,NA,NA,NA,NA,FALSE,WEF_GCIHH,WEF_GCIHH_LIFEEXPECT,FIN,_T,_T,_T,_Z,_Z,_Z,2014,A,YR,NA
24,602,0,NA,A,PU,NA,NA,NA,NA,FALSE,WEF_GCIHH,WEF_GCIHH_LIFEEXPECT,FIN,_T,_T,_T,_Z,_Z,_Z,2014,A,RANK,NA
80.47,602,0,NA,A,PU,NA,NA,NA,NA,FALSE,WEF_GCIHH,WEF_GCIHH_LIFEEXPECT,FIN,_T,_T,_T,_Z,_Z,_Z,2013,A,YR,NA
26,602,0,NA,A,PU,NA,NA,NA,NA,FALSE,WEF_GCIHH,WEF_GCIHH_LIFEEXPECT,FIN,_T,_T,_T,_Z,_Z,_Z,2013,A,RANK,NA
79.87,602,0,NA,A,PU,NA,NA,NA,NA,FALSE,WEF_GCIHH,WEF_GCIHH_LIFEEXPECT,FIN,_T,_T,_T,_Z,_Z,_Z,2012,A,YR,NA
25,602,0,NA,A,PU,NA,NA,NA,NA,FALSE,WEF_GCIHH,WEF_GCIHH_LIFEEXPECT,FIN,_T,_T,_T,_Z,_Z,_Z,2012,A,RANK,NA
79.72,602,0,NA,A,PU,NA,NA,NA,NA,FALSE,WEF_GCIHH,WEF_GCIHH_LIFEEXPECT,FIN,_T,_T,_T,_Z,_Z,_Z,2011,A,YR,NA
25,602,0,NA,A,PU,NA,NA,NA,NA,FALSE,WEF_GCIHH,WEF_GCIHH_LIFEEXPECT,FIN,_T,_T,_T,_Z,_Z,_Z,2011,A,RANK,NA
79.79,602,0,NA,A,PU,NA,NA,NA,NA,FALSE,WEF_GCIHH,WEF_GCIHH_LIFEEXPECT,FIN,_T,_T,_T,_Z,_Z,_Z,2010,A,YR,NA
24,602,0,NA,A,PU,NA,NA,NA,NA,FALSE,WEF_GCIHH,WEF_GCIHH_LIFEEXPECT,FIN,_T,_T,_T,_Z,_Z,_Z,2010,A,RANK,NA
79,602,0,NA,A,PU,NA,NA,NA,NA,FALSE,WEF_GCIHH,WEF_GCIHH_LIFEEXPECT,FIN,_T,_T,_T,_Z,_Z,_Z,2009,A,YR,NA
25,602,0,NA,A,PU,NA,NA,NA,NA,FALSE,WEF_GCIHH,WEF_GCIHH_LIFEEXPECT,FIN,_T,_T,_T,_Z,_Z,_Z,2009,A,RANK,NA
79,602,0,NA,A,PU,NA,NA,NA,NA,FALSE,WEF_GCIHH,WEF_GCIHH_LIFEEXPECT,FIN,_T,_T,_T,_Z,_Z,_Z,2008,A,YR,NA
22,602,0,NA,A,PU,NA,NA,NA,NA,FALSE,WEF_GCIHH,WEF_GCIHH_LIFEEXPECT,FIN,_T,_T,_T,_Z,_Z,_Z,2008,A,RANK,NA
79,602,0,NA,A,PU,NA,NA,NA,NA,FALSE,WEF_GCIHH,WEF_GCIHH_LIFEEXPECT,FIN,_T,_T,_T,_Z,_Z,_Z,2007,A,YR,NA
15,602,0,NA,A,PU,NA,NA,NA,NA,FALSE,WEF_GCIHH,WEF_GCIHH_LIFEEXPECT,FIN,_T,_T,_T,_Z,_Z,_Z,2007,A,RANK,NA
82.67,602,0,NA,A,PU,NA,NA,NA,NA,TRUE,WEF_GCIHH,WEF_GCIHH_LIFEEXPECT,FRA,_T,_T,_T,_Z,_Z,_Z,2017,A,YR,NA
7,602,0,NA,A,PU,NA,NA,NA,NA,TRUE,WEF_GCIHH,WEF_GCIHH_LIFEEXPECT,FRA,_T,_T,_T,_Z,_Z,_Z,2017,A,RANK,NA
82.37,602,0,NA,A,PU,NA,NA,NA,NA,FALSE,WEF_GCIHH,WEF_GCIHH_LIFEEXPECT,FRA,_T,_T,_T,_Z,_Z,_Z,2016,A,YR,NA
7,602,0,NA,A,PU,NA,NA,NA,NA,FALSE,WEF_GCIHH,WEF_GCIHH_LIFEEXPECT,FRA,_T,_T,_T,_Z,_Z,_Z,2016,A,RANK,NA
81.97,602,0,NA,A,PU,NA,NA,NA,NA,FALSE,WEF_GCIHH,WEF_GCIHH_LIFEEXPECT,FRA,_T,_T,_T,_Z,_Z,_Z,2015,A,YR,NA
10,602,0,NA,A,PU,NA,NA,NA,NA,FALSE,WEF_GCIHH,WEF_GCIHH_LIFEEXPECT,FRA,_T,_T,_T,_Z,_Z,_Z,2015,A,RANK,NA
82.57,602,0,NA,A,PU,NA,NA,NA,NA,FALSE,WEF_GCIHH,WEF_GCIHH_LIFEEXPECT,FRA,_T,_T,_T,_Z,_Z,_Z,2014,A,YR,NA
6,602,0,NA,A,PU,NA,NA,NA,NA,FALSE,WEF_GCIHH,WEF_GCIHH_LIFEEXPECT,FRA,_T,_T,_T,_Z,_Z,_Z,2014,A,RANK,NA
81.67,602,0,NA,A,PU,NA,NA,NA,NA,FALSE,WEF_GCIHH,WEF_GCIHH_LIFEEXPECT,FRA,_T,_T,_T,_Z,_Z,_Z,2013,A,YR,NA
12,602,0,NA,A,PU,NA,NA,NA,NA,FALSE,WEF_GCIHH,WEF_GCIHH_LIFEEXPECT,FRA,_T,_T,_T,_Z,_Z,_Z,2013,A,RANK,NA
81.37,602,0,NA,A,PU,NA,NA,NA,NA,FALSE,WEF_GCIHH,WEF_GCIHH_LIFEEXPECT,FRA,_T,_T,_T,_Z,_Z,_Z,2012,A,YR,NA
11,602,0,NA,A,PU,NA,NA,NA,NA,FALSE,WEF_GCIHH,WEF_GCIHH_LIFEEXPECT,FRA,_T,_T,_T,_Z,_Z,_Z,2012,A,RANK,NA
81.07,602,0,NA,A,PU,NA,NA,NA,NA,FALSE,WEF_GCIHH,WEF_GCIHH_LIFEEXPECT,FRA,_T,_T,_T,_Z,_Z,_Z,2011,A,YR,NA
12,602,0,NA,A,PU,NA,NA,NA,NA,FALSE,WEF_GCIHH,WEF_GCIHH_LIFEEXPECT,FRA,_T,_T,_T,_Z,_Z,_Z,2011,A,RANK,NA
81.52,602,0,NA,A,PU,NA,NA,NA,NA,FALSE,WEF_GCIHH,WEF_GCIHH_LIFEEXPECT,FRA,_T,_T,_T,_Z,_Z,_Z,2010,A,YR,NA
6,602,0,NA,A,PU,NA,NA,NA,NA,FALSE,WEF_GCIHH,WEF_GCIHH_LIFEEXPECT,FRA,_T,_T,_T,_Z,_Z,_Z,2010,A,RANK,NA
81,602,0,NA,A,PU,NA,NA,NA,NA,FALSE,WEF_GCIHH,WEF_GCIHH_LIFEEXPECT,FRA,_T,_T,_T,_Z,_Z,_Z,2009,A,YR,NA
7,602,0,NA,A,PU,NA,NA,NA,NA,FALSE,WEF_GCIHH,WEF_GCIHH_LIFEEXPECT,FRA,_T,_T,_T,_Z,_Z,_Z,2009,A,RANK,NA
81,602,0,NA,A,PU,NA,NA,NA,NA,FALSE,WEF_GCIHH,WEF_GCIHH_LIFEEXPECT,FRA,_T,_T,_T,_Z,_Z,_Z,2008,A,YR,NA
5,602,0,NA,A,PU,NA,NA,NA,NA,FALSE,WEF_GCIHH,WEF_GCIHH_LIFEEXPECT,FRA,_T,_T,_T,_Z,_Z,_Z,2008,A,RANK,NA
80,602,0,NA,A,PU,NA,NA,NA,NA,FALSE,WEF_GCIHH,WEF_GCIHH_LIFEEXPECT,FRA,_T,_T,_T,_Z,_Z,_Z,2007,A,YR,NA
8,602,0,NA,A,PU,NA,NA,NA,NA,FALSE,WEF_GCIHH,WEF_GCIHH_LIFEEXPECT,FRA,_T,_T,_T,_Z,_Z,_Z,2007,A,RANK,NA
64.38,602,0,NA,A,PU,NA,NA,NA,NA,TRUE,WEF_GCIHH,WEF_GCIHH_LIFEEXPECT,GAB,_T,_T,_T,_Z,_Z,_Z,2016,A,YR,NA
114,602,0,NA,A,PU,NA,NA,NA,NA,TRUE,WEF_GCIHH,WEF_GCIHH_LIFEEXPECT,GAB,_T,_T,_T,_Z,_Z,_Z,2016,A,RANK,NA
63.44,602,0,NA,A,PU,NA,NA,NA,NA,FALSE,WEF_GCIHH,WEF_GCIHH_LIFEEXPECT,GAB,_T,_T,_T,_Z,_Z,_Z,2015,A,YR,NA
114,602,0,NA,A,PU,NA,NA,NA,NA,FALSE,WEF_GCIHH,WEF_GCIHH_LIFEEXPECT,GAB,_T,_T,_T,_Z,_Z,_Z,2015,A,RANK,NA
63.07,602,0,NA,A,PU,NA,NA,NA,NA,FALSE,WEF_GCIHH,WEF_GCIHH_LIFEEXPECT,GAB,_T,_T,_T,_Z,_Z,_Z,2014,A,YR,NA
117,602,0,NA,A,PU,NA,NA,NA,NA,FALSE,WEF_GCIHH,WEF_GCIHH_LIFEEXPECT,GAB,_T,_T,_T,_Z,_Z,_Z,2014,A,RANK,NA
62.69,602,0,NA,A,PU,NA,NA,NA,NA,FALSE,WEF_GCIHH,WEF_GCIHH_LIFEEXPECT,GAB,_T,_T,_T,_Z,_Z,_Z,2013,A,YR,NA
117,602,0,NA,A,PU,NA,NA,NA,NA,FALSE,WEF_GCIHH,WEF_GCIHH_LIFEEXPECT,GAB,_T,_T,_T,_Z,_Z,_Z,2013,A,RANK,NA
62.29,602,0,NA,A,PU,NA,NA,NA,NA,FALSE,WEF_GCIHH,WEF_GCIHH_LIFEEXPECT,GAB,_T,_T,_T,_Z,_Z,_Z,2012,A,YR,NA
114,602,0,NA,A,PU,NA,NA,NA,NA,FALSE,WEF_GCIHH,WEF_GCIHH_LIFEEXPECT,GAB,_T,_T,_T,_Z,_Z,_Z,2012,A,RANK,NA
60.47,602,0,NA,A,PU,NA,NA,NA,NA,TRUE,WEF_GCIHH,WEF_GCIHH_LIFEEXPECT,GMB,_T,_T,_T,_Z,_Z,_Z,2017,A,YR,NA
122,602,0,NA,A,PU,NA,NA,NA,NA,TRUE,WEF_GCIHH,WEF_GCIHH_LIFEEXPECT,GMB,_T,_T,_T,_Z,_Z,_Z,2017,A,RANK,NA
60.23,602,0,NA,A,PU,NA,NA,NA,NA,FALSE,WEF_GCIHH,WEF_GCIHH_LIFEEXPECT,GMB,_T,_T,_T,_Z,_Z,_Z,2016,A,YR,NA
123,602,0,NA,A,PU,NA,NA,NA,NA,FALSE,WEF_GCIHH,WEF_GCIHH_LIFEEXPECT,GMB,_T,_T,_T,_Z,_Z,_Z,2016,A,RANK,NA
58.83,602,0,NA,A,PU,NA,NA,NA,NA,FALSE,WEF_GCIHH,WEF_GCIHH_LIFEEXPECT,GMB,_T,_T,_T,_Z,_Z,_Z,2015,A,YR,NA
125,602,0,NA,A,PU,NA,NA,NA,NA,FALSE,WEF_GCIHH,WEF_GCIHH_LIFEEXPECT,GMB,_T,_T,_T,_Z,_Z,_Z,2015,A,RANK,NA
58.61,602,0,NA,A,PU,NA,NA,NA,NA,FALSE,WEF_GCIHH,WEF_GCIHH_LIFEEXPECT,GMB,_T,_T,_T,_Z,_Z,_Z,2014,A,YR,NA
126,602,0,NA,A,PU,NA,NA,NA,NA,FALSE,WEF_GCIHH,WEF_GCIHH_LIFEEXPECT,GMB,_T,_T,_T,_Z,_Z,_Z,2014,A,RANK,NA
58.48,602,0,NA,A,PU,NA,NA,NA,NA,FALSE,WEF_GCIHH,WEF_GCIHH_LIFEEXPECT,GMB,_T,_T,_T,_Z,_Z,_Z,2013,A,YR,NA
124,602,0,NA,A,PU,NA,NA,NA,NA,FALSE,WEF_GCIHH,WEF_GCIHH_LIFEEXPECT,GMB,_T,_T,_T,_Z,_Z,_Z,2013,A,RANK,NA
58.16,602,0,NA,A,PU,NA,NA,NA,NA,FALSE,WEF_GCIHH,WEF_GCIHH_LIFEEXPECT,GMB,_T,_T,_T,_Z,_Z,_Z,2012,A,YR,NA
121,602,0,NA,A,PU,NA,NA,NA,NA,FALSE,WEF_GCIHH,WEF_GCIHH_LIFEEXPECT,GMB,_T,_T,_T,_Z,_Z,_Z,2012,A,RANK,NA
56.24,602,0,NA,A,PU,NA,NA,NA,NA,FALSE,WEF_GCIHH,WEF_GCIHH_LIFEEXPECT,GMB,_T,_T,_T,_Z,_Z,_Z,2011,A,YR,NA
122,602,0,NA,A,PU,NA,NA,NA,NA,FALSE,WEF_GCIHH,WEF_GCIHH_LIFEEXPECT,GMB,_T,_T,_T,_Z,_Z,_Z,2011,A,RANK,NA
55.93,602,0,NA,A,PU,NA,NA,NA,NA,FALSE,WEF_GCIHH,WEF_GCIHH_LIFEEXPECT,GMB,_T,_T,_T,_Z,_Z,_Z,2010,A,YR,NA
118,602,0,NA,A,PU,NA,NA,NA,NA,FALSE,WEF_GCIHH,WEF_GCIHH_LIFEEXPECT,GMB,_T,_T,_T,_Z,_Z,_Z,2010,A,RANK,NA
59,602,0,NA,A,PU,NA,NA,NA,NA,FALSE,WEF_GCIHH,WEF_GCIHH_LIFEEXPECT,GMB,_T,_T,_T,_Z,_Z,_Z,2009,A,YR,NA
109,602,0,NA,A,PU,NA,NA,NA,NA,FALSE,WEF_GCIHH,WEF_GCIHH_LIFEEXPECT,GMB,_T,_T,_T,_Z,_Z,_Z,2009,A,RANK,NA
59,602,0,NA,A,PU,NA,NA,NA,NA,FALSE,WEF_GCIHH,WEF_GCIHH_LIFEEXPECT,GMB,_T,_T,_T,_Z,_Z,_Z,2008,A,YR,NA
111,602,0,NA,A,PU,NA,NA,NA,NA,FALSE,WEF_GCIHH,WEF_GCIHH_LIFEEXPECT,GMB,_T,_T,_T,_Z,_Z,_Z,2008,A,RANK,NA
57,602,0,NA,A,PU,NA,NA,NA,NA,FALSE,WEF_GCIHH,WEF_GCIHH_LIFEEXPECT,GMB,_T,_T,_T,_Z,_Z,_Z,2007,A,YR,NA
110,602,0,NA,A,PU,NA,NA,NA,NA,FALSE,WEF_GCIHH,WEF_GCIHH_LIFEEXPECT,GMB,_T,_T,_T,_Z,_Z,_Z,2007,A,RANK,NA
74.82,602,0,NA,A,PU,NA,NA,NA,NA,TRUE,WEF_GCIHH,WEF_GCIHH_LIFEEXPECT,GEO,_T,_T,_T,_Z,_Z,_Z,2017,A,YR,NA
67,602,0,NA,A,PU,NA,NA,NA,NA,TRUE,WEF_GCIHH,WEF_GCIHH_LIFEEXPECT,GEO,_T,_T,_T,_Z,_Z,_Z,2017,A,RANK,NA
74.67,602,0,NA,A,PU,NA,NA,NA,NA,FALSE,WEF_GCIHH,WEF_GCIHH_LIFEEXPECT,GEO,_T,_T,_T,_Z,_Z,_Z,2016,A,YR,NA
69,602,0,NA,A,PU,NA,NA,NA,NA,FALSE,WEF_GCIHH,WEF_GCIHH_LIFEEXPECT,GEO,_T,_T,_T,_Z,_Z,_Z,2016,A,RANK,NA
74.08,602,0,NA,A,PU,NA,NA,NA,NA,FALSE,WEF_GCIHH,WEF_GCIHH_LIFEEXPECT,GEO,_T,_T,_T,_Z,_Z,_Z,2015,A,YR,NA
73,602,0,NA,A,PU,NA,NA,NA,NA,FALSE,WEF_GCIHH,WEF_GCIHH_LIFEEXPECT,GEO,_T,_T,_T,_Z,_Z,_Z,2015,A,RANK,NA
73.94,602,0,NA,A,PU,NA,NA,NA,NA,FALSE,WEF_GCIHH,WEF_GCIHH_LIFEEXPECT,GEO,_T,_T,_T,_Z,_Z,_Z,2014,A,YR,NA
72,602,0,NA,A,PU,NA,NA,NA,NA,FALSE,WEF_GCIHH,WEF_GCIHH_LIFEEXPECT,GEO,_T,_T,_T,_Z,_Z,_Z,2014,A,RANK,NA
73.33,602,0,NA,A,PU,NA,NA,NA,NA,FALSE,WEF_GCIHH,WEF_GCIHH_LIFEEXPECT,GEO,_T,_T,_T,_Z,_Z,_Z,2013,A,YR,NA
81,602,0,NA,A,PU,NA,NA,NA,NA,FALSE,WEF_GCIHH,WEF_GCIHH_LIFEEXPECT,GEO,_T,_T,_T,_Z,_Z,_Z,2013,A,RANK,NA
73.33,602,0,NA,A,PU,NA,NA,NA,NA,FALSE,WEF_GCIHH,WEF_GCIHH_LIFEEXPECT,GEO,_T,_T,_T,_Z,_Z,_Z,2012,A,YR,NA
73,602,0,NA,A,PU,NA,NA,NA,NA,FALSE,WEF_GCIHH,WEF_GCIHH_LIFEEXPECT,GEO,_T,_T,_T,_Z,_Z,_Z,2012,A,RANK,NA
71.68,602,0,NA,A,PU,NA,NA,NA,NA,FALSE,WEF_GCIHH,WEF_GCIHH_LIFEEXPECT,GEO,_T,_T,_T,_Z,_Z,_Z,2011,A,YR,NA
87,602,0,NA,A,PU,NA,NA,NA,NA,FALSE,WEF_GCIHH,WEF_GCIHH_LIFEEXPECT,GEO,_T,_T,_T,_Z,_Z,_Z,2011,A,RANK,NA
71.55,602,0,NA,A,PU,NA,NA,NA,NA,FALSE,WEF_GCIHH,WEF_GCIHH_LIFEEXPECT,GEO,_T,_T,_T,_Z,_Z,_Z,2010,A,YR,NA
86,602,0,NA,A,PU,NA,NA,NA,NA,FALSE,WEF_GCIHH,WEF_GCIHH_LIFEEXPECT,GEO,_T,_T,_T,_Z,_Z,_Z,2010,A,RANK,NA
72,602,0,NA,A,PU,NA,NA,NA,NA,FALSE,WEF_GCIHH,WEF_GCIHH_LIFEEXPECT,GEO,_T,_T,_T,_Z,_Z,_Z,2009,A,YR,NA
69,602,0,NA,A,PU,NA,NA,NA,NA,FALSE,WEF_GCIHH,WEF_GCIHH_LIFEEXPECT,GEO,_T,_T,_T,_Z,_Z,_Z,2009,A,RANK,NA
70,602,0,NA,A,PU,NA,NA,NA,NA,FALSE,WEF_GCIHH,WEF_GCIHH_LIFEEXPECT,GEO,_T,_T,_T,_Z,_Z,_Z,2008,A,YR,NA
83,602,0,NA,A,PU,NA,NA,NA,NA,FALSE,WEF_GCIHH,WEF_GCIHH_LIFEEXPECT,GEO,_T,_T,_T,_Z,_Z,_Z,2008,A,RANK,NA
74,602,0,NA,A,PU,NA,NA,NA,NA,FALSE,WEF_GCIHH,WEF_GCIHH_LIFEEXPECT,GEO,_T,_T,_T,_Z,_Z,_Z,2007,A,YR,NA
46,602,0,NA,A,PU,NA,NA,NA,NA,FALSE,WEF_GCIHH,WEF_GCIHH_LIFEEXPECT,GEO,_T,_T,_T,_Z,_Z,_Z,2007,A,RANK,NA
81.09,602,0,NA,A,PU,NA,NA,NA,NA,TRUE,WEF_GCIHH,WEF_GCIHH_LIFEEXPECT,DEU,_T,_T,_T,_Z,_Z,_Z,2017,A,YR,NA
28,602,0,NA,A,PU,NA,NA,NA,NA,TRUE,WEF_GCIHH,WEF_GCIHH_LIFEEXPECT,DEU,_T,_T,_T,_Z,_Z,_Z,2017,A,RANK,NA
80.84,602,0,NA,A,PU,NA,NA,NA,NA,FALSE,WEF_GCIHH,WEF_GCIHH_LIFEEXPECT,DEU,_T,_T,_T,_Z,_Z,_Z,2016,A,YR,NA
25,602,0,NA,A,PU,NA,NA,NA,NA,FALSE,WEF_GCIHH,WEF_GCIHH_LIFEEXPECT,DEU,_T,_T,_T,_Z,_Z,_Z,2016,A,RANK,NA
81.04,602,0,NA,A,PU,NA,NA,NA,NA,FALSE,WEF_GCIHH,WEF_GCIHH_LIFEEXPECT,DEU,_T,_T,_T,_Z,_Z,_Z,2015,A,YR,NA
18,602,0,NA,A,PU,NA,NA,NA,NA,FALSE,WEF_GCIHH,WEF_GCIHH_LIFEEXPECT,DEU,_T,_T,_T,_Z,_Z,_Z,2015,A,RANK,NA
80.89,602,0,NA,A,PU,NA,NA,NA,NA,FALSE,WEF_GCIHH,WEF_GCIHH_LIFEEXPECT,DEU,_T,_T,_T,_Z,_Z,_Z,2014,A,YR,NA
21,602,0,NA,A,PU,NA,NA,NA,NA,FALSE,WEF_GCIHH,WEF_GCIHH_LIFEEXPECT,DEU,_T,_T,_T,_Z,_Z,_Z,2014,A,RANK,NA
80.74,602,0,NA,A,PU,NA,NA,NA,NA,FALSE,WEF_GCIHH,WEF_GCIHH_LIFEEXPECT,DEU,_T,_T,_T,_Z,_Z,_Z,2013,A,YR,NA
22,602,0,NA,A,PU,NA,NA,NA,NA,FALSE,WEF_GCIHH,WEF_GCIHH_LIFEEXPECT,DEU,_T,_T,_T,_Z,_Z,_Z,2013,A,RANK,NA
79.99,602,0,NA,A,PU,NA,NA,NA,NA,FALSE,WEF_GCIHH,WEF_GCIHH_LIFEEXPECT,DEU,_T,_T,_T,_Z,_Z,_Z,2012,A,YR,NA
23,602,0,NA,A,PU,NA,NA,NA,NA,FALSE,WEF_GCIHH,WEF_GCIHH_LIFEEXPECT,DEU,_T,_T,_T,_Z,_Z,_Z,2012,A,RANK,NA
79.94,602,0,NA,A,PU,NA,NA,NA,NA,FALSE,WEF_GCIHH,WEF_GCIHH_LIFEEXPECT,DEU,_T,_T,_T,_Z,_Z,_Z,2011,A,YR,NA
22,602,0,NA,A,PU,NA,NA,NA,NA,FALSE,WEF_GCIHH,WEF_GCIHH_LIFEEXPECT,DEU,_T,_T,_T,_Z,_Z,_Z,2011,A,RANK,NA
80.09,602,0,NA,A,PU,NA,NA,NA,NA,FALSE,WEF_GCIHH,WEF_GCIHH_LIFEEXPECT,DEU,_T,_T,_T,_Z,_Z,_Z,2010,A,YR,NA
19,602,0,NA,A,PU,NA,NA,NA,NA,FALSE,WEF_GCIHH,WEF_GCIHH_LIFEEXPECT,DEU,_T,_T,_T,_Z,_Z,_Z,2010,A,RANK,NA
80,602,0,NA,A,PU,NA,NA,NA,NA,FALSE,WEF_GCIHH,WEF_GCIHH_LIFEEXPECT,DEU,_T,_T,_T,_Z,_Z,_Z,2009,A,YR,NA
15,602,0,NA,A,PU,NA,NA,NA,NA,FALSE,WEF_GCIHH,WEF_GCIHH_LIFEEXPECT,DEU,_T,_T,_T,_Z,_Z,_Z,2009,A,RANK,NA
80,602,0,NA,A,PU,NA,NA,NA,NA,FALSE,WEF_GCIHH,WEF_GCIHH_LIFEEXPECT,DEU,_T,_T,_T,_Z,_Z,_Z,2008,A,YR,NA
12,602,0,NA,A,PU,NA,NA,NA,NA,FALSE,WEF_GCIHH,WEF_GCIHH_LIFEEXPECT,DEU,_T,_T,_T,_Z,_Z,_Z,2008,A,RANK,NA
79,602,0,NA,A,PU,NA,NA,NA,NA,FALSE,WEF_GCIHH,WEF_GCIHH_LIFEEXPECT,DEU,_T,_T,_T,_Z,_Z,_Z,2007,A,YR,NA
15,602,0,NA,A,PU,NA,NA,NA,NA,FALSE,WEF_GCIHH,WEF_GCIHH_LIFEEXPECT,DEU,_T,_T,_T,_Z,_Z,_Z,2007,A,RANK,NA
61.49,602,0,NA,A,PU,NA,NA,NA,NA,TRUE,WEF_GCIHH,WEF_GCIHH_LIFEEXPECT,GHA,_T,_T,_T,_Z,_Z,_Z,2017,A,YR,NA
119,602,0,NA,A,PU,NA,NA,NA,NA,TRUE,WEF_GCIHH,WEF_GCIHH_LIFEEXPECT,GHA,_T,_T,_T,_Z,_Z,_Z,2017,A,RANK,NA
61.31,602,0,NA,A,PU,NA,NA,NA,NA,FALSE,WEF_GCIHH,WEF_GCIHH_LIFEEXPECT,GHA,_T,_T,_T,_Z,_Z,_Z,2016,A,YR,NA
121,602,0,NA,A,PU,NA,NA,NA,NA,FALSE,WEF_GCIHH,WEF_GCIHH_LIFEEXPECT,GHA,_T,_T,_T,_Z,_Z,_Z,2016,A,RANK,NA
61.1,602,0,NA,A,PU,NA,NA,NA,NA,FALSE,WEF_GCIHH,WEF_GCIHH_LIFEEXPECT,GHA,_T,_T,_T,_Z,_Z,_Z,2015,A,YR,NA
120,602,0,NA,A,PU,NA,NA,NA,NA,FALSE,WEF_GCIHH,WEF_GCIHH_LIFEEXPECT,GHA,_T,_T,_T,_Z,_Z,_Z,2015,A,RANK,NA
60.95,602,0,NA,A,PU,NA,NA,NA,NA,FALSE,WEF_GCIHH,WEF_GCIHH_LIFEEXPECT,GHA,_T,_T,_T,_Z,_Z,_Z,2014,A,YR,NA
123,602,0,NA,A,PU,NA,NA,NA,NA,FALSE,WEF_GCIHH,WEF_GCIHH_LIFEEXPECT,GHA,_T,_T,_T,_Z,_Z,_Z,2014,A,RANK,NA
64.22,602,0,NA,A,PU,NA,NA,NA,NA,FALSE,WEF_GCIHH,WEF_GCIHH_LIFEEXPECT,GHA,_T,_T,_T,_Z,_Z,_Z,2013,A,YR,NA
115,602,0,NA,A,PU,NA,NA,NA,NA,FALSE,WEF_GCIHH,WEF_GCIHH_LIFEEXPECT,GHA,_T,_T,_T,_Z,_Z,_Z,2013,A,RANK,NA
63.84,602,0,NA,A,PU,NA,NA,NA,NA,FALSE,WEF_GCIHH,WEF_GCIHH_LIFEEXPECT,GHA,_T,_T,_T,_Z,_Z,_Z,2012,A,YR,NA
112,602,0,NA,A,PU,NA,NA,NA,NA,FALSE,WEF_GCIHH,WEF_GCIHH_LIFEEXPECT,GHA,_T,_T,_T,_Z,_Z,_Z,2012,A,RANK,NA
56.82,602,0,NA,A,PU,NA,NA,NA,NA,FALSE,WEF_GCIHH,WEF_GCIHH_LIFEEXPECT,GHA,_T,_T,_T,_Z,_Z,_Z,2011,A,YR,NA
120,602,0,NA,A,PU,NA,NA,NA,NA,FALSE,WEF_GCIHH,WEF_GCIHH_LIFEEXPECT,GHA,_T,_T,_T,_Z,_Z,_Z,2011,A,RANK,NA
56.62,602,0,NA,A,PU,NA,NA,NA,NA,FALSE,WEF_GCIHH,WEF_GCIHH_LIFEEXPECT,GHA,_T,_T,_T,_Z,_Z,_Z,2010,A,YR,NA
117,602,0,NA,A,PU,NA,NA,NA,NA,FALSE,WEF_GCIHH,WEF_GCIHH_LIFEEXPECT,GHA,_T,_T,_T,_Z,_Z,_Z,2010,A,RANK,NA
57,602,0,NA,A,PU,NA,NA,NA,NA,FALSE,WEF_GCIHH,WEF_GCIHH_LIFEEXPECT,GHA,_T,_T,_T,_Z,_Z,_Z,2009,A,YR,NA
114,602,0,NA,A,PU,NA,NA,NA,NA,FALSE,WEF_GCIHH,WEF_GCIHH_LIFEEXPECT,GHA,_T,_T,_T,_Z,_Z,_Z,2009,A,RANK,NA
57,602,0,NA,A,PU,NA,NA,NA,NA,FALSE,WEF_GCIHH,WEF_GCIHH_LIFEEXPECT,GHA,_T,_T,_T,_Z,_Z,_Z,2008,A,YR,NA
115,602,0,NA,A,PU,NA,NA,NA,NA,FALSE,WEF_GCIHH,WEF_GCIHH_LIFEEXPECT,GHA,_T,_T,_T,_Z,_Z,_Z,2008,A,RANK,NA
81.59,602,0,NA,A,PU,NA,NA,NA,NA,TRUE,WEF_GCIHH,WEF_GCIHH_LIFEEXPECT,GRC,_T,_T,_T,_Z,_Z,_Z,2017,A,YR,NA
21,602,0,NA,A,PU,NA,NA,NA,NA,TRUE,WEF_GCIHH,WEF_GCIHH_LIFEEXPECT,GRC,_T,_T,_T,_Z,_Z,_Z,2017,A,RANK,NA
81.29,602,0,NA,A,PU,NA,NA,NA,NA,FALSE,WEF_GCIHH,WEF_GCIHH_LIFEEXPECT,GRC,_T,_T,_T,_Z,_Z,_Z,2016,A,YR,NA
21,602,0,NA,A,PU,NA,NA,NA,NA,FALSE,WEF_GCIHH,WEF_GCIHH_LIFEEXPECT,GRC,_T,_T,_T,_Z,_Z,_Z,2016,A,RANK,NA
80.63,602,0,NA,A,PU,NA,NA,NA,NA,FALSE,WEF_GCIHH,WEF_GCIHH_LIFEEXPECT,GRC,_T,_T,_T,_Z,_Z,_Z,2015,A,YR,NA
24,602,0,NA,A,PU,NA,NA,NA,NA,FALSE,WEF_GCIHH,WEF_GCIHH_LIFEEXPECT,GRC,_T,_T,_T,_Z,_Z,_Z,2015,A,RANK,NA
80.63,602,0,NA,A,PU,NA,NA,NA,NA,FALSE,WEF_GCIHH,WEF_GCIHH_LIFEEXPECT,GRC,_T,_T,_T,_Z,_Z,_Z,2014,A,YR,NA
23,602,0,NA,A,PU,NA,NA,NA,NA,FALSE,WEF_GCIHH,WEF_GCIHH_LIFEEXPECT,GRC,_T,_T,_T,_Z,_Z,_Z,2014,A,RANK,NA
80.74,602,0,NA,A,PU,NA,NA,NA,NA,FALSE,WEF_GCIHH,WEF_GCIHH_LIFEEXPECT,GRC,_T,_T,_T,_Z,_Z,_Z,2013,A,YR,NA
21,602,0,NA,A,PU,NA,NA,NA,NA,FALSE,WEF_GCIHH,WEF_GCIHH_LIFEEXPECT,GRC,_T,_T,_T,_Z,_Z,_Z,2013,A,RANK,NA
80.39,602,0,NA,A,PU,NA,NA,NA,NA,FALSE,WEF_GCIHH,WEF_GCIHH_LIFEEXPECT,GRC,_T,_T,_T,_Z,_Z,_Z,2012,A,YR,NA
19,602,0,NA,A,PU,NA,NA,NA,NA,FALSE,WEF_GCIHH,WEF_GCIHH_LIFEEXPECT,GRC,_T,_T,_T,_Z,_Z,_Z,2012,A,RANK,NA
80.19,602,0,NA,A,PU,NA,NA,NA,NA,FALSE,WEF_GCIHH,WEF_GCIHH_LIFEEXPECT,GRC,_T,_T,_T,_Z,_Z,_Z,2011,A,YR,NA
18,602,0,NA,A,PU,NA,NA,NA,NA,FALSE,WEF_GCIHH,WEF_GCIHH_LIFEEXPECT,GRC,_T,_T,_T,_Z,_Z,_Z,2011,A,RANK,NA
79.96,602,0,NA,A,PU,NA,NA,NA,NA,FALSE,WEF_GCIHH,WEF_GCIHH_LIFEEXPECT,GRC,_T,_T,_T,_Z,_Z,_Z,2010,A,YR,NA
20,602,0,NA,A,PU,NA,NA,NA,NA,FALSE,WEF_GCIHH,WEF_GCIHH_LIFEEXPECT,GRC,_T,_T,_T,_Z,_Z,_Z,2010,A,RANK,NA
80,602,0,NA,A,PU,NA,NA,NA,NA,FALSE,WEF_GCIHH,WEF_GCIHH_LIFEEXPECT,GRC,_T,_T,_T,_Z,_Z,_Z,2009,A,YR,NA
15,602,0,NA,A,PU,NA,NA,NA,NA,FALSE,WEF_GCIHH,WEF_GCIHH_LIFEEXPECT,GRC,_T,_T,_T,_Z,_Z,_Z,2009,A,RANK,NA
80,602,0,NA,A,PU,NA,NA,NA,NA,FALSE,WEF_GCIHH,WEF_GCIHH_LIFEEXPECT,GRC,_T,_T,_T,_Z,_Z,_Z,2008,A,YR,NA
12,602,0,NA,A,PU,NA,NA,NA,NA,FALSE,WEF_GCIHH,WEF_GCIHH_LIFEEXPECT,GRC,_T,_T,_T,_Z,_Z,_Z,2008,A,RANK,NA
79,602,0,NA,A,PU,NA,NA,NA,NA,FALSE,WEF_GCIHH,WEF_GCIHH_LIFEEXPECT,GRC,_T,_T,_T,_Z,_Z,_Z,2007,A,YR,NA
15,602,0,NA,A,PU,NA,NA,NA,NA,FALSE,WEF_GCIHH,WEF_GCIHH_LIFEEXPECT,GRC,_T,_T,_T,_Z,_Z,_Z,2007,A,RANK,NA
71.96,602,0,NA,A,PU,NA,NA,NA,NA,TRUE,WEF_GCIHH,WEF_GCIHH_LIFEEXPECT,GTM,_T,_T,_T,_Z,_Z,_Z,2017,A,YR,NA
89,602,0,NA,A,PU,NA,NA,NA,NA,TRUE,WEF_GCIHH,WEF_GCIHH_LIFEEXPECT,GTM,_T,_T,_T,_Z,_Z,_Z,2017,A,RANK,NA
71.72,602,0,NA,A,PU,NA,NA,NA,NA,FALSE,WEF_GCIHH,WEF_GCIHH_LIFEEXPECT,GTM,_T,_T,_T,_Z,_Z,_Z,2016,A,YR,NA
88,602,0,NA,A,PU,NA,NA,NA,NA,FALSE,WEF_GCIHH,WEF_GCIHH_LIFEEXPECT,GTM,_T,_T,_T,_Z,_Z,_Z,2016,A,RANK,NA
71.99,602,0,NA,A,PU,NA,NA,NA,NA,FALSE,WEF_GCIHH,WEF_GCIHH_LIFEEXPECT,GTM,_T,_T,_T,_Z,_Z,_Z,2015,A,YR,NA
85,602,0,NA,A,PU,NA,NA,NA,NA,FALSE,WEF_GCIHH,WEF_GCIHH_LIFEEXPECT,GTM,_T,_T,_T,_Z,_Z,_Z,2015,A,RANK,NA
71.66,602,0,NA,A,PU,NA,NA,NA,NA,FALSE,WEF_GCIHH,WEF_GCIHH_LIFEEXPECT,GTM,_T,_T,_T,_Z,_Z,_Z,2014,A,YR,NA
86,602,0,NA,A,PU,NA,NA,NA,NA,FALSE,WEF_GCIHH,WEF_GCIHH_LIFEEXPECT,GTM,_T,_T,_T,_Z,_Z,_Z,2014,A,RANK,NA
71.07,602,0,NA,A,PU,NA,NA,NA,NA,FALSE,WEF_GCIHH,WEF_GCIHH_LIFEEXPECT,GTM,_T,_T,_T,_Z,_Z,_Z,2013,A,YR,NA
92,602,0,NA,A,PU,NA,NA,NA,NA,FALSE,WEF_GCIHH,WEF_GCIHH_LIFEEXPECT,GTM,_T,_T,_T,_Z,_Z,_Z,2013,A,RANK,NA
70.83,602,0,NA,A,PU,NA,NA,NA,NA,FALSE,WEF_GCIHH,WEF_GCIHH_LIFEEXPECT,GTM,_T,_T,_T,_Z,_Z,_Z,2012,A,YR,NA
91,602,0,NA,A,PU,NA,NA,NA,NA,FALSE,WEF_GCIHH,WEF_GCIHH_LIFEEXPECT,GTM,_T,_T,_T,_Z,_Z,_Z,2012,A,RANK,NA
70.56,602,0,NA,A,PU,NA,NA,NA,NA,FALSE,WEF_GCIHH,WEF_GCIHH_LIFEEXPECT,GTM,_T,_T,_T,_Z,_Z,_Z,2011,A,YR,NA
92,602,0,NA,A,PU,NA,NA,NA,NA,FALSE,WEF_GCIHH,WEF_GCIHH_LIFEEXPECT,GTM,_T,_T,_T,_Z,_Z,_Z,2011,A,RANK,NA
70.34,602,0,NA,A,PU,NA,NA,NA,NA,FALSE,WEF_GCIHH,WEF_GCIHH_LIFEEXPECT,GTM,_T,_T,_T,_Z,_Z,_Z,2010,A,YR,NA
92,602,0,NA,A,PU,NA,NA,NA,NA,FALSE,WEF_GCIHH,WEF_GCIHH_LIFEEXPECT,GTM,_T,_T,_T,_Z,_Z,_Z,2010,A,RANK,NA
69,602,0,NA,A,PU,NA,NA,NA,NA,FALSE,WEF_GCIHH,WEF_GCIHH_LIFEEXPECT,GTM,_T,_T,_T,_Z,_Z,_Z,2009,A,YR,NA
88,602,0,NA,A,PU,NA,NA,NA,NA,FALSE,WEF_GCIHH,WEF_GCIHH_LIFEEXPECT,GTM,_T,_T,_T,_Z,_Z,_Z,2009,A,RANK,NA
68,602,0,NA,A,PU,NA,NA,NA,NA,FALSE,WEF_GCIHH,WEF_GCIHH_LIFEEXPECT,GTM,_T,_T,_T,_Z,_Z,_Z,2008,A,YR,NA
89,602,0,NA,A,PU,NA,NA,NA,NA,FALSE,WEF_GCIHH,WEF_GCIHH_LIFEEXPECT,GTM,_T,_T,_T,_Z,_Z,_Z,2008,A,RANK,NA
68,602,0,NA,A,PU,NA,NA,NA,NA,FALSE,WEF_GCIHH,WEF_GCIHH_LIFEEXPECT,GTM,_T,_T,_T,_Z,_Z,_Z,2007,A,YR,NA
85,602,0,NA,A,PU,NA,NA,NA,NA,FALSE,WEF_GCIHH,WEF_GCIHH_LIFEEXPECT,GTM,_T,_T,_T,_Z,_Z,_Z,2007,A,RANK,NA
59.19,602,0,NA,A,PU,NA,NA,NA,NA,TRUE,WEF_GCIHH,WEF_GCIHH_LIFEEXPECT,GIN,_T,_T,_T,_Z,_Z,_Z,2017,A,YR,NA
124,602,0,NA,A,PU,NA,NA,NA,NA,TRUE,WEF_GCIHH,WEF_GCIHH_LIFEEXPECT,GIN,_T,_T,_T,_Z,_Z,_Z,2017,A,RANK,NA
56.09,602,0,NA,A,PU,NA,NA,NA,NA,FALSE,WEF_GCIHH,WEF_GCIHH_LIFEEXPECT,GIN,_T,_T,_T,_Z,_Z,_Z,2015,A,YR,NA
128,602,0,NA,A,PU,NA,NA,NA,NA,FALSE,WEF_GCIHH,WEF_GCIHH_LIFEEXPECT,GIN,_T,_T,_T,_Z,_Z,_Z,2015,A,RANK,NA
55.84,602,0,NA,A,PU,NA,NA,NA,NA,FALSE,WEF_GCIHH,WEF_GCIHH_LIFEEXPECT,GIN,_T,_T,_T,_Z,_Z,_Z,2014,A,YR,NA
131,602,0,NA,A,PU,NA,NA,NA,NA,FALSE,WEF_GCIHH,WEF_GCIHH_LIFEEXPECT,GIN,_T,_T,_T,_Z,_Z,_Z,2014,A,RANK,NA
54.09,602,0,NA,A,PU,NA,NA,NA,NA,FALSE,WEF_GCIHH,WEF_GCIHH_LIFEEXPECT,GIN,_T,_T,_T,_Z,_Z,_Z,2013,A,YR,NA
133,602,0,NA,A,PU,NA,NA,NA,NA,FALSE,WEF_GCIHH,WEF_GCIHH_LIFEEXPECT,GIN,_T,_T,_T,_Z,_Z,_Z,2013,A,RANK,NA
53.64,602,0,NA,A,PU,NA,NA,NA,NA,FALSE,WEF_GCIHH,WEF_GCIHH_LIFEEXPECT,GIN,_T,_T,_T,_Z,_Z,_Z,2012,A,YR,NA
129,602,0,NA,A,PU,NA,NA,NA,NA,FALSE,WEF_GCIHH,WEF_GCIHH_LIFEEXPECT,GIN,_T,_T,_T,_Z,_Z,_Z,2012,A,RANK,NA
66.21,602,0,NA,A,PU,NA,NA,NA,NA,TRUE,WEF_GCIHH,WEF_GCIHH_LIFEEXPECT,GUY,_T,_T,_T,_Z,_Z,_Z,2015,A,YR,NA
108,602,0,NA,A,PU,NA,NA,NA,NA,TRUE,WEF_GCIHH,WEF_GCIHH_LIFEEXPECT,GUY,_T,_T,_T,_Z,_Z,_Z,2015,A,RANK,NA
66.05,602,0,NA,A,PU,NA,NA,NA,NA,FALSE,WEF_GCIHH,WEF_GCIHH_LIFEEXPECT,GUY,_T,_T,_T,_Z,_Z,_Z,2014,A,YR,NA
111,602,0,NA,A,PU,NA,NA,NA,NA,FALSE,WEF_GCIHH,WEF_GCIHH_LIFEEXPECT,GUY,_T,_T,_T,_Z,_Z,_Z,2014,A,RANK,NA
69.86,602,0,NA,A,PU,NA,NA,NA,NA,FALSE,WEF_GCIHH,WEF_GCIHH_LIFEEXPECT,GUY,_T,_T,_T,_Z,_Z,_Z,2013,A,YR,NA
97,602,0,NA,A,PU,NA,NA,NA,NA,FALSE,WEF_GCIHH,WEF_GCIHH_LIFEEXPECT,GUY,_T,_T,_T,_Z,_Z,_Z,2013,A,RANK,NA
69.55,602,0,NA,A,PU,NA,NA,NA,NA,FALSE,WEF_GCIHH,WEF_GCIHH_LIFEEXPECT,GUY,_T,_T,_T,_Z,_Z,_Z,2012,A,YR,NA
96,602,0,NA,A,PU,NA,NA,NA,NA,FALSE,WEF_GCIHH,WEF_GCIHH_LIFEEXPECT,GUY,_T,_T,_T,_Z,_Z,_Z,2012,A,RANK,NA
67.59,602,0,NA,A,PU,NA,NA,NA,NA,FALSE,WEF_GCIHH,WEF_GCIHH_LIFEEXPECT,GUY,_T,_T,_T,_Z,_Z,_Z,2011,A,YR,NA
102,602,0,NA,A,PU,NA,NA,NA,NA,FALSE,WEF_GCIHH,WEF_GCIHH_LIFEEXPECT,GUY,_T,_T,_T,_Z,_Z,_Z,2011,A,RANK,NA
67.11,602,0,NA,A,PU,NA,NA,NA,NA,FALSE,WEF_GCIHH,WEF_GCIHH_LIFEEXPECT,GUY,_T,_T,_T,_Z,_Z,_Z,2010,A,YR,NA
101,602,0,NA,A,PU,NA,NA,NA,NA,FALSE,WEF_GCIHH,WEF_GCIHH_LIFEEXPECT,GUY,_T,_T,_T,_Z,_Z,_Z,2010,A,RANK,NA
60,602,0,NA,A,PU,NA,NA,NA,NA,FALSE,WEF_GCIHH,WEF_GCIHH_LIFEEXPECT,GUY,_T,_T,_T,_Z,_Z,_Z,2009,A,YR,NA
108,602,0,NA,A,PU,NA,NA,NA,NA,FALSE,WEF_GCIHH,WEF_GCIHH_LIFEEXPECT,GUY,_T,_T,_T,_Z,_Z,_Z,2009,A,RANK,NA
64,602,0,NA,A,PU,NA,NA,NA,NA,FALSE,WEF_GCIHH,WEF_GCIHH_LIFEEXPECT,GUY,_T,_T,_T,_Z,_Z,_Z,2008,A,YR,NA
101,602,0,NA,A,PU,NA,NA,NA,NA,FALSE,WEF_GCIHH,WEF_GCIHH_LIFEEXPECT,GUY,_T,_T,_T,_Z,_Z,_Z,2008,A,RANK,NA
63,602,0,NA,A,PU,NA,NA,NA,NA,FALSE,WEF_GCIHH,WEF_GCIHH_LIFEEXPECT,GUY,_T,_T,_T,_Z,_Z,_Z,2007,A,YR,NA
100,602,0,NA,A,PU,NA,NA,NA,NA,FALSE,WEF_GCIHH,WEF_GCIHH_LIFEEXPECT,GUY,_T,_T,_T,_Z,_Z,_Z,2007,A,RANK,NA
63.07,602,0,NA,A,PU,NA,NA,NA,NA,TRUE,WEF_GCIHH,WEF_GCIHH_LIFEEXPECT,HTI,_T,_T,_T,_Z,_Z,_Z,2017,A,YR,NA
117,602,0,NA,A,PU,NA,NA,NA,NA,TRUE,WEF_GCIHH,WEF_GCIHH_LIFEEXPECT,HTI,_T,_T,_T,_Z,_Z,_Z,2017,A,RANK,NA
63.06,602,0,NA,A,PU,NA,NA,NA,NA,FALSE,WEF_GCIHH,WEF_GCIHH_LIFEEXPECT,HTI,_T,_T,_T,_Z,_Z,_Z,2015,A,YR,NA
116,602,0,NA,A,PU,NA,NA,NA,NA,FALSE,WEF_GCIHH,WEF_GCIHH_LIFEEXPECT,HTI,_T,_T,_T,_Z,_Z,_Z,2015,A,RANK,NA
62.7,602,0,NA,A,PU,NA,NA,NA,NA,FALSE,WEF_GCIHH,WEF_GCIHH_LIFEEXPECT,HTI,_T,_T,_T,_Z,_Z,_Z,2014,A,YR,NA
120,602,0,NA,A,PU,NA,NA,NA,NA,FALSE,WEF_GCIHH,WEF_GCIHH_LIFEEXPECT,HTI,_T,_T,_T,_Z,_Z,_Z,2014,A,RANK,NA
62.06,602,0,NA,A,PU,NA,NA,NA,NA,FALSE,WEF_GCIHH,WEF_GCIHH_LIFEEXPECT,HTI,_T,_T,_T,_Z,_Z,_Z,2013,A,YR,NA
120,602,0,NA,A,PU,NA,NA,NA,NA,FALSE,WEF_GCIHH,WEF_GCIHH_LIFEEXPECT,HTI,_T,_T,_T,_Z,_Z,_Z,2013,A,RANK,NA
61.76,602,0,NA,A,PU,NA,NA,NA,NA,FALSE,WEF_GCIHH,WEF_GCIHH_LIFEEXPECT,HTI,_T,_T,_T,_Z,_Z,_Z,2012,A,YR,NA
117,602,0,NA,A,PU,NA,NA,NA,NA,FALSE,WEF_GCIHH,WEF_GCIHH_LIFEEXPECT,HTI,_T,_T,_T,_Z,_Z,_Z,2012,A,RANK,NA
61.44,602,0,NA,A,PU,NA,NA,NA,NA,FALSE,WEF_GCIHH,WEF_GCIHH_LIFEEXPECT,HTI,_T,_T,_T,_Z,_Z,_Z,2011,A,YR,NA
116,602,0,NA,A,PU,NA,NA,NA,NA,FALSE,WEF_GCIHH,WEF_GCIHH_LIFEEXPECT,HTI,_T,_T,_T,_Z,_Z,_Z,2011,A,RANK,NA
73.33,602,0,NA,A,PU,NA,NA,NA,NA,TRUE,WEF_GCIHH,WEF_GCIHH_LIFEEXPECT,HND,_T,_T,_T,_Z,_Z,_Z,2017,A,YR,NA
83,602,0,NA,A,PU,NA,NA,NA,NA,TRUE,WEF_GCIHH,WEF_GCIHH_LIFEEXPECT,HND,_T,_T,_T,_Z,_Z,_Z,2017,A,RANK,NA
73.14,602,0,NA,A,PU,NA,NA,NA,NA,FALSE,WEF_GCIHH,WEF_GCIHH_LIFEEXPECT,HND,_T,_T,_T,_Z,_Z,_Z,2016,A,YR,NA
85,602,0,NA,A,PU,NA,NA,NA,NA,FALSE,WEF_GCIHH,WEF_GCIHH_LIFEEXPECT,HND,_T,_T,_T,_Z,_Z,_Z,2016,A,RANK,NA
73.8,602,0,NA,A,PU,NA,NA,NA,NA,FALSE,WEF_GCIHH,WEF_GCIHH_LIFEEXPECT,HND,_T,_T,_T,_Z,_Z,_Z,2015,A,YR,NA
79,602,0,NA,A,PU,NA,NA,NA,NA,FALSE,WEF_GCIHH,WEF_GCIHH_LIFEEXPECT,HND,_T,_T,_T,_Z,_Z,_Z,2015,A,RANK,NA
73.49,602,0,NA,A,PU,NA,NA,NA,NA,FALSE,WEF_GCIHH,WEF_GCIHH_LIFEEXPECT,HND,_T,_T,_T,_Z,_Z,_Z,2014,A,YR,NA
80,602,0,NA,A,PU,NA,NA,NA,NA,FALSE,WEF_GCIHH,WEF_GCIHH_LIFEEXPECT,HND,_T,_T,_T,_Z,_Z,_Z,2014,A,RANK,NA
73.11,602,0,NA,A,PU,NA,NA,NA,NA,FALSE,WEF_GCIHH,WEF_GCIHH_LIFEEXPECT,HND,_T,_T,_T,_Z,_Z,_Z,2013,A,YR,NA
84,602,0,NA,A,PU,NA,NA,NA,NA,FALSE,WEF_GCIHH,WEF_GCIHH_LIFEEXPECT,HND,_T,_T,_T,_Z,_Z,_Z,2013,A,RANK,NA
72.83,602,0,NA,A,PU,NA,NA,NA,NA,FALSE,WEF_GCIHH,WEF_GCIHH_LIFEEXPECT,HND,_T,_T,_T,_Z,_Z,_Z,2012,A,YR,NA
85,602,0,NA,A,PU,NA,NA,NA,NA,FALSE,WEF_GCIHH,WEF_GCIHH_LIFEEXPECT,HND,_T,_T,_T,_Z,_Z,_Z,2012,A,RANK,NA
72.41,602,0,NA,A,PU,NA,NA,NA,NA,FALSE,WEF_GCIHH,WEF_GCIHH_LIFEEXPECT,HND,_T,_T,_T,_Z,_Z,_Z,2011,A,YR,NA
80,602,0,NA,A,PU,NA,NA,NA,NA,FALSE,WEF_GCIHH,WEF_GCIHH_LIFEEXPECT,HND,_T,_T,_T,_Z,_Z,_Z,2011,A,RANK,NA
72.2,602,0,NA,A,PU,NA,NA,NA,NA,FALSE,WEF_GCIHH,WEF_GCIHH_LIFEEXPECT,HND,_T,_T,_T,_Z,_Z,_Z,2010,A,YR,NA
79,602,0,NA,A,PU,NA,NA,NA,NA,FALSE,WEF_GCIHH,WEF_GCIHH_LIFEEXPECT,HND,_T,_T,_T,_Z,_Z,_Z,2010,A,RANK,NA
71,602,0,NA,A,PU,NA,NA,NA,NA,FALSE,WEF_GCIHH,WEF_GCIHH_LIFEEXPECT,HND,_T,_T,_T,_Z,_Z,_Z,2009,A,YR,NA
80,602,0,NA,A,PU,NA,NA,NA,NA,FALSE,WEF_GCIHH,WEF_GCIHH_LIFEEXPECT,HND,_T,_T,_T,_Z,_Z,_Z,2009,A,RANK,NA
70,602,0,NA,A,PU,NA,NA,NA,NA,FALSE,WEF_GCIHH,WEF_GCIHH_LIFEEXPECT,HND,_T,_T,_T,_Z,_Z,_Z,2008,A,YR,NA
83,602,0,NA,A,PU,NA,NA,NA,NA,FALSE,WEF_GCIHH,WEF_GCIHH_LIFEEXPECT,HND,_T,_T,_T,_Z,_Z,_Z,2008,A,RANK,NA
67,602,0,NA,A,PU,NA,NA,NA,NA,FALSE,WEF_GCIHH,WEF_GCIHH_LIFEEXPECT,HND,_T,_T,_T,_Z,_Z,_Z,2007,A,YR,NA
89,602,0,NA,A,PU,NA,NA,NA,NA,FALSE,WEF_GCIHH,WEF_GCIHH_LIFEEXPECT,HND,_T,_T,_T,_Z,_Z,_Z,2007,A,RANK,NA
84.28,602,0,NA,A,PU,NA,NA,NA,NA,TRUE,WEF_GCIHH,WEF_GCIHH_LIFEEXPECT,HKG,_T,_T,_T,_Z,_Z,_Z,2017,A,YR,NA
1,602,0,NA,A,PU,NA,NA,NA,NA,TRUE,WEF_GCIHH,WEF_GCIHH_LIFEEXPECT,HKG,_T,_T,_T,_Z,_Z,_Z,2017,A,RANK,NA
83.98,602,0,NA,A,PU,NA,NA,NA,NA,FALSE,WEF_GCIHH,WEF_GCIHH_LIFEEXPECT,HKG,_T,_T,_T,_Z,_Z,_Z,2016,A,YR,NA
1,602,0,NA,A,PU,NA,NA,NA,NA,FALSE,WEF_GCIHH,WEF_GCIHH_LIFEEXPECT,HKG,_T,_T,_T,_Z,_Z,_Z,2016,A,RANK,NA
83.83,602,0,NA,A,PU,NA,NA,NA,NA,FALSE,WEF_GCIHH,WEF_GCIHH_LIFEEXPECT,HKG,_T,_T,_T,_Z,_Z,_Z,2015,A,YR,NA
1,602,0,NA,A,PU,NA,NA,NA,NA,FALSE,WEF_GCIHH,WEF_GCIHH_LIFEEXPECT,HKG,_T,_T,_T,_Z,_Z,_Z,2015,A,RANK,NA
83.48,602,0,NA,A,PU,NA,NA,NA,NA,FALSE,WEF_GCIHH,WEF_GCIHH_LIFEEXPECT,HKG,_T,_T,_T,_Z,_Z,_Z,2014,A,YR,NA
1,602,0,NA,A,PU,NA,NA,NA,NA,FALSE,WEF_GCIHH,WEF_GCIHH_LIFEEXPECT,HKG,_T,_T,_T,_Z,_Z,_Z,2014,A,RANK,NA
83.42,602,0,NA,A,PU,NA,NA,NA,NA,FALSE,WEF_GCIHH,WEF_GCIHH_LIFEEXPECT,HKG,_T,_T,_T,_Z,_Z,_Z,2013,A,YR,NA
1,602,0,NA,A,PU,NA,NA,NA,NA,FALSE,WEF_GCIHH,WEF_GCIHH_LIFEEXPECT,HKG,_T,_T,_T,_Z,_Z,_Z,2013,A,RANK,NA
82.88,602,0,NA,A,PU,NA,NA,NA,NA,FALSE,WEF_GCIHH,WEF_GCIHH_LIFEEXPECT,HKG,_T,_T,_T,_Z,_Z,_Z,2012,A,YR,NA
2,602,0,NA,A,PU,NA,NA,NA,NA,FALSE,WEF_GCIHH,WEF_GCIHH_LIFEEXPECT,HKG,_T,_T,_T,_Z,_Z,_Z,2012,A,RANK,NA
82.72,602,0,NA,A,PU,NA,NA,NA,NA,FALSE,WEF_GCIHH,WEF_GCIHH_LIFEEXPECT,HKG,_T,_T,_T,_Z,_Z,_Z,2011,A,YR,NA
2,602,0,NA,A,PU,NA,NA,NA,NA,FALSE,WEF_GCIHH,WEF_GCIHH_LIFEEXPECT,HKG,_T,_T,_T,_Z,_Z,_Z,2011,A,RANK,NA
82.34,602,0,NA,A,PU,NA,NA,NA,NA,FALSE,WEF_GCIHH,WEF_GCIHH_LIFEEXPECT,HKG,_T,_T,_T,_Z,_Z,_Z,2010,A,YR,NA
2,602,0,NA,A,PU,NA,NA,NA,NA,FALSE,WEF_GCIHH,WEF_GCIHH_LIFEEXPECT,HKG,_T,_T,_T,_Z,_Z,_Z,2010,A,RANK,NA
82.28,602,0,NA,A,PU,NA,NA,NA,NA,FALSE,WEF_GCIHH,WEF_GCIHH_LIFEEXPECT,HKG,_T,_T,_T,_Z,_Z,_Z,2009,A,YR,NA
2,602,0,NA,A,PU,NA,NA,NA,NA,FALSE,WEF_GCIHH,WEF_GCIHH_LIFEEXPECT,HKG,_T,_T,_T,_Z,_Z,_Z,2009,A,RANK,NA
81.9,602,0,NA,A,PU,NA,NA,NA,NA,FALSE,WEF_GCIHH,WEF_GCIHH_LIFEEXPECT,HKG,_T,_T,_T,_Z,_Z,_Z,2008,A,YR,NA
4,602,0,NA,A,PU,NA,NA,NA,NA,FALSE,WEF_GCIHH,WEF_GCIHH_LIFEEXPECT,HKG,_T,_T,_T,_Z,_Z,_Z,2008,A,RANK,NA
82,602,0,NA,A,PU,NA,NA,NA,NA,FALSE,WEF_GCIHH,WEF_GCIHH_LIFEEXPECT,HKG,_T,_T,_T,_Z,_Z,_Z,2007,A,YR,NA
1,602,0,NA,A,PU,NA,NA,NA,NA,FALSE,WEF_GCIHH,WEF_GCIHH_LIFEEXPECT,HKG,_T,_T,_T,_Z,_Z,_Z,2007,A,RANK,NA
75.96,602,0,NA,A,PU,NA,NA,NA,NA,TRUE,WEF_GCIHH,WEF_GCIHH_LIFEEXPECT,HUN,_T,_T,_T,_Z,_Z,_Z,2017,A,YR,NA
54,602,0,NA,A,PU,NA,NA,NA,NA,TRUE,WEF_GCIHH,WEF_GCIHH_LIFEEXPECT,HUN,_T,_T,_T,_Z,_Z,_Z,2017,A,RANK,NA
75.87,602,0,NA,A,PU,NA,NA,NA,NA,FALSE,WEF_GCIHH,WEF_GCIHH_LIFEEXPECT,HUN,_T,_T,_T,_Z,_Z,_Z,2016,A,YR,NA
52,602,0,NA,A,PU,NA,NA,NA,NA,FALSE,WEF_GCIHH,WEF_GCIHH_LIFEEXPECT,HUN,_T,_T,_T,_Z,_Z,_Z,2016,A,RANK,NA
75.27,602,0,NA,A,PU,NA,NA,NA,NA,FALSE,WEF_GCIHH,WEF_GCIHH_LIFEEXPECT,HUN,_T,_T,_T,_Z,_Z,_Z,2015,A,YR,NA
54,602,0,NA,A,PU,NA,NA,NA,NA,FALSE,WEF_GCIHH,WEF_GCIHH_LIFEEXPECT,HUN,_T,_T,_T,_Z,_Z,_Z,2015,A,RANK,NA
75.06,602,0,NA,A,PU,NA,NA,NA,NA,FALSE,WEF_GCIHH,WEF_GCIHH_LIFEEXPECT,HUN,_T,_T,_T,_Z,_Z,_Z,2014,A,YR,NA
57,602,0,NA,A,PU,NA,NA,NA,NA,FALSE,WEF_GCIHH,WEF_GCIHH_LIFEEXPECT,HUN,_T,_T,_T,_Z,_Z,_Z,2014,A,RANK,NA
74.86,602,0,NA,A,PU,NA,NA,NA,NA,FALSE,WEF_GCIHH,WEF_GCIHH_LIFEEXPECT,HUN,_T,_T,_T,_Z,_Z,_Z,2013,A,YR,NA
55,602,0,NA,A,PU,NA,NA,NA,NA,FALSE,WEF_GCIHH,WEF_GCIHH_LIFEEXPECT,HUN,_T,_T,_T,_Z,_Z,_Z,2013,A,RANK,NA
74.21,602,0,NA,A,PU,NA,NA,NA,NA,FALSE,WEF_GCIHH,WEF_GCIHH_LIFEEXPECT,HUN,_T,_T,_T,_Z,_Z,_Z,2012,A,YR,NA
58,602,0,NA,A,PU,NA,NA,NA,NA,FALSE,WEF_GCIHH,WEF_GCIHH_LIFEEXPECT,HUN,_T,_T,_T,_Z,_Z,_Z,2012,A,RANK,NA
73.9,602,0,NA,A,PU,NA,NA,NA,NA,FALSE,WEF_GCIHH,WEF_GCIHH_LIFEEXPECT,HUN,_T,_T,_T,_Z,_Z,_Z,2011,A,YR,NA
62,602,0,NA,A,PU,NA,NA,NA,NA,FALSE,WEF_GCIHH,WEF_GCIHH_LIFEEXPECT,HUN,_T,_T,_T,_Z,_Z,_Z,2011,A,RANK,NA
74.01,602,0,NA,A,PU,NA,NA,NA,NA,FALSE,WEF_GCIHH,WEF_GCIHH_LIFEEXPECT,HUN,_T,_T,_T,_Z,_Z,_Z,2010,A,YR,NA
61,602,0,NA,A,PU,NA,NA,NA,NA,FALSE,WEF_GCIHH,WEF_GCIHH_LIFEEXPECT,HUN,_T,_T,_T,_Z,_Z,_Z,2010,A,RANK,NA
73,602,0,NA,A,PU,NA,NA,NA,NA,FALSE,WEF_GCIHH,WEF_GCIHH_LIFEEXPECT,HUN,_T,_T,_T,_Z,_Z,_Z,2009,A,YR,NA
59,602,0,NA,A,PU,NA,NA,NA,NA,FALSE,WEF_GCIHH,WEF_GCIHH_LIFEEXPECT,HUN,_T,_T,_T,_Z,_Z,_Z,2009,A,RANK,NA
73,602,0,NA,A,PU,NA,NA,NA,NA,FALSE,WEF_GCIHH,WEF_GCIHH_LIFEEXPECT,HUN,_T,_T,_T,_Z,_Z,_Z,2008,A,YR,NA
55,602,0,NA,A,PU,NA,NA,NA,NA,FALSE,WEF_GCIHH,WEF_GCIHH_LIFEEXPECT,HUN,_T,_T,_T,_Z,_Z,_Z,2008,A,RANK,NA
73,602,0,NA,A,PU,NA,NA,NA,NA,FALSE,WEF_GCIHH,WEF_GCIHH_LIFEEXPECT,HUN,_T,_T,_T,_Z,_Z,_Z,2007,A,YR,NA
51,602,0,NA,A,PU,NA,NA,NA,NA,FALSE,WEF_GCIHH,WEF_GCIHH_LIFEEXPECT,HUN,_T,_T,_T,_Z,_Z,_Z,2007,A,RANK,NA
82.86,602,0,NA,A,PU,NA,NA,NA,NA,TRUE,WEF_GCIHH,WEF_GCIHH_LIFEEXPECT,ISL,_T,_T,_T,_Z,_Z,_Z,2017,A,YR,NA
6,602,0,NA,A,PU,NA,NA,NA,NA,TRUE,WEF_GCIHH,WEF_GCIHH_LIFEEXPECT,ISL,_T,_T,_T,_Z,_Z,_Z,2017,A,RANK,NA
82.06,602,0,NA,A,PU,NA,NA,NA,NA,FALSE,WEF_GCIHH,WEF_GCIHH_LIFEEXPECT,ISL,_T,_T,_T,_Z,_Z,_Z,2016,A,YR,NA
12,602,0,NA,A,PU,NA,NA,NA,NA,FALSE,WEF_GCIHH,WEF_GCIHH_LIFEEXPECT,ISL,_T,_T,_T,_Z,_Z,_Z,2016,A,RANK,NA
83.12,602,0,NA,A,PU,NA,NA,NA,NA,FALSE,WEF_GCIHH,WEF_GCIHH_LIFEEXPECT,ISL,_T,_T,_T,_Z,_Z,_Z,2015,A,YR,NA
3,602,0,NA,A,PU,NA,NA,NA,NA,FALSE,WEF_GCIHH,WEF_GCIHH_LIFEEXPECT,ISL,_T,_T,_T,_Z,_Z,_Z,2015,A,RANK,NA
82.92,602,0,NA,A,PU,NA,NA,NA,NA,FALSE,WEF_GCIHH,WEF_GCIHH_LIFEEXPECT,ISL,_T,_T,_T,_Z,_Z,_Z,2014,A,YR,NA
4,602,0,NA,A,PU,NA,NA,NA,NA,FALSE,WEF_GCIHH,WEF_GCIHH_LIFEEXPECT,ISL,_T,_T,_T,_Z,_Z,_Z,2014,A,RANK,NA
82.36,602,0,NA,A,PU,NA,NA,NA,NA,FALSE,WEF_GCIHH,WEF_GCIHH_LIFEEXPECT,ISL,_T,_T,_T,_Z,_Z,_Z,2013,A,YR,NA
4,602,0,NA,A,PU,NA,NA,NA,NA,FALSE,WEF_GCIHH,WEF_GCIHH_LIFEEXPECT,ISL,_T,_T,_T,_Z,_Z,_Z,2013,A,RANK,NA
81.45,602,0,NA,A,PU,NA,NA,NA,NA,FALSE,WEF_GCIHH,WEF_GCIHH_LIFEEXPECT,ISL,_T,_T,_T,_Z,_Z,_Z,2012,A,YR,NA
9,602,0,NA,A,PU,NA,NA,NA,NA,FALSE,WEF_GCIHH,WEF_GCIHH_LIFEEXPECT,ISL,_T,_T,_T,_Z,_Z,_Z,2012,A,RANK,NA
81.46,602,0,NA,A,PU,NA,NA,NA,NA,FALSE,WEF_GCIHH,WEF_GCIHH_LIFEEXPECT,ISL,_T,_T,_T,_Z,_Z,_Z,2011,A,YR,NA
7,602,0,NA,A,PU,NA,NA,NA,NA,FALSE,WEF_GCIHH,WEF_GCIHH_LIFEEXPECT,ISL,_T,_T,_T,_Z,_Z,_Z,2011,A,RANK,NA
81.58,602,0,NA,A,PU,NA,NA,NA,NA,FALSE,WEF_GCIHH,WEF_GCIHH_LIFEEXPECT,ISL,_T,_T,_T,_Z,_Z,_Z,2010,A,YR,NA
5,602,0,NA,A,PU,NA,NA,NA,NA,FALSE,WEF_GCIHH,WEF_GCIHH_LIFEEXPECT,ISL,_T,_T,_T,_Z,_Z,_Z,2010,A,RANK,NA
82,602,0,NA,A,PU,NA,NA,NA,NA,FALSE,WEF_GCIHH,WEF_GCIHH_LIFEEXPECT,ISL,_T,_T,_T,_Z,_Z,_Z,2009,A,YR,NA
3,602,0,NA,A,PU,NA,NA,NA,NA,FALSE,WEF_GCIHH,WEF_GCIHH_LIFEEXPECT,ISL,_T,_T,_T,_Z,_Z,_Z,2009,A,RANK,NA
81,602,0,NA,A,PU,NA,NA,NA,NA,FALSE,WEF_GCIHH,WEF_GCIHH_LIFEEXPECT,ISL,_T,_T,_T,_Z,_Z,_Z,2008,A,YR,NA
5,602,0,NA,A,PU,NA,NA,NA,NA,FALSE,WEF_GCIHH,WEF_GCIHH_LIFEEXPECT,ISL,_T,_T,_T,_Z,_Z,_Z,2008,A,RANK,NA
81,602,0,NA,A,PU,NA,NA,NA,NA,FALSE,WEF_GCIHH,WEF_GCIHH_LIFEEXPECT,ISL,_T,_T,_T,_Z,_Z,_Z,2007,A,YR,NA
3,602,0,NA,A,PU,NA,NA,NA,NA,FALSE,WEF_GCIHH,WEF_GCIHH_LIFEEXPECT,ISL,_T,_T,_T,_Z,_Z,_Z,2007,A,RANK,NA
68.35,602,0,NA,A,PU,NA,NA,NA,NA,TRUE,WEF_GCIHH,WEF_GCIHH_LIFEEXPECT,IND,_T,_T,_T,_Z,_Z,_Z,2017,A,YR,NA
104,602,0,NA,A,PU,NA,NA,NA,NA,TRUE,WEF_GCIHH,WEF_GCIHH_LIFEEXPECT,IND,_T,_T,_T,_Z,_Z,_Z,2017,A,RANK,NA
68.01,602,0,NA,A,PU,NA,NA,NA,NA,FALSE,WEF_GCIHH,WEF_GCIHH_LIFEEXPECT,IND,_T,_T,_T,_Z,_Z,_Z,2016,A,YR,NA
106,602,0,NA,A,PU,NA,NA,NA,NA,FALSE,WEF_GCIHH,WEF_GCIHH_LIFEEXPECT,IND,_T,_T,_T,_Z,_Z,_Z,2016,A,RANK,NA
66.46,602,0,NA,A,PU,NA,NA,NA,NA,FALSE,WEF_GCIHH,WEF_GCIHH_LIFEEXPECT,IND,_T,_T,_T,_Z,_Z,_Z,2015,A,YR,NA
107,602,0,NA,A,PU,NA,NA,NA,NA,FALSE,WEF_GCIHH,WEF_GCIHH_LIFEEXPECT,IND,_T,_T,_T,_Z,_Z,_Z,2015,A,RANK,NA
66.21,602,0,NA,A,PU,NA,NA,NA,NA,FALSE,WEF_GCIHH,WEF_GCIHH_LIFEEXPECT,IND,_T,_T,_T,_Z,_Z,_Z,2014,A,YR,NA
110,602,0,NA,A,PU,NA,NA,NA,NA,FALSE,WEF_GCIHH,WEF_GCIHH_LIFEEXPECT,IND,_T,_T,_T,_Z,_Z,_Z,2014,A,RANK,NA
65.48,602,0,NA,A,PU,NA,NA,NA,NA,FALSE,WEF_GCIHH,WEF_GCIHH_LIFEEXPECT,IND,_T,_T,_T,_Z,_Z,_Z,2013,A,YR,NA
111,602,0,NA,A,PU,NA,NA,NA,NA,FALSE,WEF_GCIHH,WEF_GCIHH_LIFEEXPECT,IND,_T,_T,_T,_Z,_Z,_Z,2013,A,RANK,NA
65.13,602,0,NA,A,PU,NA,NA,NA,NA,FALSE,WEF_GCIHH,WEF_GCIHH_LIFEEXPECT,IND,_T,_T,_T,_Z,_Z,_Z,2012,A,YR,NA
110,602,0,NA,A,PU,NA,NA,NA,NA,FALSE,WEF_GCIHH,WEF_GCIHH_LIFEEXPECT,IND,_T,_T,_T,_Z,_Z,_Z,2012,A,RANK,NA
64.05,602,0,NA,A,PU,NA,NA,NA,NA,FALSE,WEF_GCIHH,WEF_GCIHH_LIFEEXPECT,IND,_T,_T,_T,_Z,_Z,_Z,2011,A,YR,NA
110,602,0,NA,A,PU,NA,NA,NA,NA,FALSE,WEF_GCIHH,WEF_GCIHH_LIFEEXPECT,IND,_T,_T,_T,_Z,_Z,_Z,2011,A,RANK,NA
63.72,602,0,NA,A,PU,NA,NA,NA,NA,FALSE,WEF_GCIHH,WEF_GCIHH_LIFEEXPECT,IND,_T,_T,_T,_Z,_Z,_Z,2010,A,YR,NA
109,602,0,NA,A,PU,NA,NA,NA,NA,FALSE,WEF_GCIHH,WEF_GCIHH_LIFEEXPECT,IND,_T,_T,_T,_Z,_Z,_Z,2010,A,RANK,NA
64,602,0,NA,A,PU,NA,NA,NA,NA,FALSE,WEF_GCIHH,WEF_GCIHH_LIFEEXPECT,IND,_T,_T,_T,_Z,_Z,_Z,2009,A,YR,NA
100,602,0,NA,A,PU,NA,NA,NA,NA,FALSE,WEF_GCIHH,WEF_GCIHH_LIFEEXPECT,IND,_T,_T,_T,_Z,_Z,_Z,2009,A,RANK,NA
63,602,0,NA,A,PU,NA,NA,NA,NA,FALSE,WEF_GCIHH,WEF_GCIHH_LIFEEXPECT,IND,_T,_T,_T,_Z,_Z,_Z,2008,A,YR,NA
105,602,0,NA,A,PU,NA,NA,NA,NA,FALSE,WEF_GCIHH,WEF_GCIHH_LIFEEXPECT,IND,_T,_T,_T,_Z,_Z,_Z,2008,A,RANK,NA
62,602,0,NA,A,PU,NA,NA,NA,NA,FALSE,WEF_GCIHH,WEF_GCIHH_LIFEEXPECT,IND,_T,_T,_T,_Z,_Z,_Z,2007,A,YR,NA
104,602,0,NA,A,PU,NA,NA,NA,NA,FALSE,WEF_GCIHH,WEF_GCIHH_LIFEEXPECT,IND,_T,_T,_T,_Z,_Z,_Z,2007,A,RANK,NA
69.07,602,0,NA,A,PU,NA,NA,NA,NA,TRUE,WEF_GCIHH,WEF_GCIHH_LIFEEXPECT,IDN,_T,_T,_T,_Z,_Z,_Z,2017,A,YR,NA
101,602,0,NA,A,PU,NA,NA,NA,NA,TRUE,WEF_GCIHH,WEF_GCIHH_LIFEEXPECT,IDN,_T,_T,_T,_Z,_Z,_Z,2017,A,RANK,NA
68.89,602,0,NA,A,PU,NA,NA,NA,NA,FALSE,WEF_GCIHH,WEF_GCIHH_LIFEEXPECT,IDN,_T,_T,_T,_Z,_Z,_Z,2016,A,YR,NA
102,602,0,NA,A,PU,NA,NA,NA,NA,FALSE,WEF_GCIHH,WEF_GCIHH_LIFEEXPECT,IDN,_T,_T,_T,_Z,_Z,_Z,2016,A,RANK,NA
70.82,602,0,NA,A,PU,NA,NA,NA,NA,FALSE,WEF_GCIHH,WEF_GCIHH_LIFEEXPECT,IDN,_T,_T,_T,_Z,_Z,_Z,2015,A,YR,NA
92,602,0,NA,A,PU,NA,NA,NA,NA,FALSE,WEF_GCIHH,WEF_GCIHH_LIFEEXPECT,IDN,_T,_T,_T,_Z,_Z,_Z,2015,A,RANK,NA
70.61,602,0,NA,A,PU,NA,NA,NA,NA,FALSE,WEF_GCIHH,WEF_GCIHH_LIFEEXPECT,IDN,_T,_T,_T,_Z,_Z,_Z,2014,A,YR,NA
94,602,0,NA,A,PU,NA,NA,NA,NA,FALSE,WEF_GCIHH,WEF_GCIHH_LIFEEXPECT,IDN,_T,_T,_T,_Z,_Z,_Z,2014,A,RANK,NA
69.32,602,0,NA,A,PU,NA,NA,NA,NA,FALSE,WEF_GCIHH,WEF_GCIHH_LIFEEXPECT,IDN,_T,_T,_T,_Z,_Z,_Z,2013,A,YR,NA
99,602,0,NA,A,PU,NA,NA,NA,NA,FALSE,WEF_GCIHH,WEF_GCIHH_LIFEEXPECT,IDN,_T,_T,_T,_Z,_Z,_Z,2013,A,RANK,NA
68.89,602,0,NA,A,PU,NA,NA,NA,NA,FALSE,WEF_GCIHH,WEF_GCIHH_LIFEEXPECT,IDN,_T,_T,_T,_Z,_Z,_Z,2012,A,YR,NA
99,602,0,NA,A,PU,NA,NA,NA,NA,FALSE,WEF_GCIHH,WEF_GCIHH_LIFEEXPECT,IDN,_T,_T,_T,_Z,_Z,_Z,2012,A,RANK,NA
71.18,602,0,NA,A,PU,NA,NA,NA,NA,FALSE,WEF_GCIHH,WEF_GCIHH_LIFEEXPECT,IDN,_T,_T,_T,_Z,_Z,_Z,2011,A,YR,NA
91,602,0,NA,A,PU,NA,NA,NA,NA,FALSE,WEF_GCIHH,WEF_GCIHH_LIFEEXPECT,IDN,_T,_T,_T,_Z,_Z,_Z,2011,A,RANK,NA
70.79,602,0,NA,A,PU,NA,NA,NA,NA,FALSE,WEF_GCIHH,WEF_GCIHH_LIFEEXPECT,IDN,_T,_T,_T,_Z,_Z,_Z,2010,A,YR,NA
91,602,0,NA,A,PU,NA,NA,NA,NA,FALSE,WEF_GCIHH,WEF_GCIHH_LIFEEXPECT,IDN,_T,_T,_T,_Z,_Z,_Z,2010,A,RANK,NA
68,602,0,NA,A,PU,NA,NA,NA,NA,FALSE,WEF_GCIHH,WEF_GCIHH_LIFEEXPECT,IDN,_T,_T,_T,_Z,_Z,_Z,2009,A,YR,NA
92,602,0,NA,A,PU,NA,NA,NA,NA,FALSE,WEF_GCIHH,WEF_GCIHH_LIFEEXPECT,IDN,_T,_T,_T,_Z,_Z,_Z,2009,A,RANK,NA
68,602,0,NA,A,PU,NA,NA,NA,NA,FALSE,WEF_GCIHH,WEF_GCIHH_LIFEEXPECT,IDN,_T,_T,_T,_Z,_Z,_Z,2008,A,YR,NA
89,602,0,NA,A,PU,NA,NA,NA,NA,FALSE,WEF_GCIHH,WEF_GCIHH_LIFEEXPECT,IDN,_T,_T,_T,_Z,_Z,_Z,2008,A,RANK,NA
67,602,0,NA,A,PU,NA,NA,NA,NA,FALSE,WEF_GCIHH,WEF_GCIHH_LIFEEXPECT,IDN,_T,_T,_T,_Z,_Z,_Z,2007,A,YR,NA
89,602,0,NA,A,PU,NA,NA,NA,NA,FALSE,WEF_GCIHH,WEF_GCIHH_LIFEEXPECT,IDN,_T,_T,_T,_Z,_Z,_Z,2007,A,RANK,NA
75.59,602,0,NA,A,PU,NA,NA,NA,NA,TRUE,WEF_GCIHH,WEF_GCIHH_LIFEEXPECT,IRN,_T,_T,_T,_Z,_Z,_Z,2017,A,YR,NA
57,602,0,NA,A,PU,NA,NA,NA,NA,TRUE,WEF_GCIHH,WEF_GCIHH_LIFEEXPECT,IRN,_T,_T,_T,_Z,_Z,_Z,2017,A,RANK,NA
75.39,602,0,NA,A,PU,NA,NA,NA,NA,FALSE,WEF_GCIHH,WEF_GCIHH_LIFEEXPECT,IRN,_T,_T,_T,_Z,_Z,_Z,2016,A,YR,NA
60,602,0,NA,A,PU,NA,NA,NA,NA,FALSE,WEF_GCIHH,WEF_GCIHH_LIFEEXPECT,IRN,_T,_T,_T,_Z,_Z,_Z,2016,A,RANK,NA
74.07,602,0,NA,A,PU,NA,NA,NA,NA,FALSE,WEF_GCIHH,WEF_GCIHH_LIFEEXPECT,IRN,_T,_T,_T,_Z,_Z,_Z,2015,A,YR,NA
74,602,0,NA,A,PU,NA,NA,NA,NA,FALSE,WEF_GCIHH,WEF_GCIHH_LIFEEXPECT,IRN,_T,_T,_T,_Z,_Z,_Z,2015,A,RANK,NA
73.76,602,0,NA,A,PU,NA,NA,NA,NA,FALSE,WEF_GCIHH,WEF_GCIHH_LIFEEXPECT,IRN,_T,_T,_T,_Z,_Z,_Z,2014,A,YR,NA
76,602,0,NA,A,PU,NA,NA,NA,NA,FALSE,WEF_GCIHH,WEF_GCIHH_LIFEEXPECT,IRN,_T,_T,_T,_Z,_Z,_Z,2014,A,RANK,NA
73,602,0,NA,A,PU,NA,NA,NA,NA,FALSE,WEF_GCIHH,WEF_GCIHH_LIFEEXPECT,IRN,_T,_T,_T,_Z,_Z,_Z,2013,A,YR,NA
87,602,0,NA,A,PU,NA,NA,NA,NA,FALSE,WEF_GCIHH,WEF_GCIHH_LIFEEXPECT,IRN,_T,_T,_T,_Z,_Z,_Z,2013,A,RANK,NA
72.75,602,0,NA,A,PU,NA,NA,NA,NA,FALSE,WEF_GCIHH,WEF_GCIHH_LIFEEXPECT,IRN,_T,_T,_T,_Z,_Z,_Z,2012,A,YR,NA
86,602,0,NA,A,PU,NA,NA,NA,NA,FALSE,WEF_GCIHH,WEF_GCIHH_LIFEEXPECT,IRN,_T,_T,_T,_Z,_Z,_Z,2012,A,RANK,NA
71.69,602,0,NA,A,PU,NA,NA,NA,NA,FALSE,WEF_GCIHH,WEF_GCIHH_LIFEEXPECT,IRN,_T,_T,_T,_Z,_Z,_Z,2011,A,YR,NA
86,602,0,NA,A,PU,NA,NA,NA,NA,FALSE,WEF_GCIHH,WEF_GCIHH_LIFEEXPECT,IRN,_T,_T,_T,_Z,_Z,_Z,2011,A,RANK,NA
71.44,602,0,NA,A,PU,NA,NA,NA,NA,FALSE,WEF_GCIHH,WEF_GCIHH_LIFEEXPECT,IRN,_T,_T,_T,_Z,_Z,_Z,2010,A,YR,NA
87,602,0,NA,A,PU,NA,NA,NA,NA,FALSE,WEF_GCIHH,WEF_GCIHH_LIFEEXPECT,IRN,_T,_T,_T,_Z,_Z,_Z,2010,A,RANK,NA
81.5,602,0,NA,A,PU,NA,NA,NA,NA,TRUE,WEF_GCIHH,WEF_GCIHH_LIFEEXPECT,IRL,_T,_T,_T,_Z,_Z,_Z,2017,A,YR,NA
23,602,0,NA,A,PU,NA,NA,NA,NA,TRUE,WEF_GCIHH,WEF_GCIHH_LIFEEXPECT,IRL,_T,_T,_T,_Z,_Z,_Z,2017,A,RANK,NA
81.15,602,0,NA,A,PU,NA,NA,NA,NA,FALSE,WEF_GCIHH,WEF_GCIHH_LIFEEXPECT,IRL,_T,_T,_T,_Z,_Z,_Z,2016,A,YR,NA
22,602,0,NA,A,PU,NA,NA,NA,NA,FALSE,WEF_GCIHH,WEF_GCIHH_LIFEEXPECT,IRL,_T,_T,_T,_Z,_Z,_Z,2016,A,RANK,NA
81.04,602,0,NA,A,PU,NA,NA,NA,NA,FALSE,WEF_GCIHH,WEF_GCIHH_LIFEEXPECT,IRL,_T,_T,_T,_Z,_Z,_Z,2015,A,YR,NA
18,602,0,NA,A,PU,NA,NA,NA,NA,FALSE,WEF_GCIHH,WEF_GCIHH_LIFEEXPECT,IRL,_T,_T,_T,_Z,_Z,_Z,2015,A,RANK,NA
80.9,602,0,NA,A,PU,NA,NA,NA,NA,FALSE,WEF_GCIHH,WEF_GCIHH_LIFEEXPECT,IRL,_T,_T,_T,_Z,_Z,_Z,2014,A,YR,NA
20,602,0,NA,A,PU,NA,NA,NA,NA,FALSE,WEF_GCIHH,WEF_GCIHH_LIFEEXPECT,IRL,_T,_T,_T,_Z,_Z,_Z,2014,A,RANK,NA
80.5,602,0,NA,A,PU,NA,NA,NA,NA,FALSE,WEF_GCIHH,WEF_GCIHH_LIFEEXPECT,IRL,_T,_T,_T,_Z,_Z,_Z,2013,A,YR,NA
24,602,0,NA,A,PU,NA,NA,NA,NA,FALSE,WEF_GCIHH,WEF_GCIHH_LIFEEXPECT,IRL,_T,_T,_T,_Z,_Z,_Z,2013,A,RANK,NA
80.29,602,0,NA,A,PU,NA,NA,NA,NA,FALSE,WEF_GCIHH,WEF_GCIHH_LIFEEXPECT,IRL,_T,_T,_T,_Z,_Z,_Z,2012,A,YR,NA
21,602,0,NA,A,PU,NA,NA,NA,NA,FALSE,WEF_GCIHH,WEF_GCIHH_LIFEEXPECT,IRL,_T,_T,_T,_Z,_Z,_Z,2012,A,RANK,NA
79.5,602,0,NA,A,PU,NA,NA,NA,NA,FALSE,WEF_GCIHH,WEF_GCIHH_LIFEEXPECT,IRL,_T,_T,_T,_Z,_Z,_Z,2011,A,YR,NA
26,602,0,NA,A,PU,NA,NA,NA,NA,FALSE,WEF_GCIHH,WEF_GCIHH_LIFEEXPECT,IRL,_T,_T,_T,_Z,_Z,_Z,2011,A,RANK,NA
79.86,602,0,NA,A,PU,NA,NA,NA,NA,FALSE,WEF_GCIHH,WEF_GCIHH_LIFEEXPECT,IRL,_T,_T,_T,_Z,_Z,_Z,2010,A,YR,NA
22,602,0,NA,A,PU,NA,NA,NA,NA,FALSE,WEF_GCIHH,WEF_GCIHH_LIFEEXPECT,IRL,_T,_T,_T,_Z,_Z,_Z,2010,A,RANK,NA
80,602,0,NA,A,PU,NA,NA,NA,NA,FALSE,WEF_GCIHH,WEF_GCIHH_LIFEEXPECT,IRL,_T,_T,_T,_Z,_Z,_Z,2009,A,YR,NA
15,602,0,NA,A,PU,NA,NA,NA,NA,FALSE,WEF_GCIHH,WEF_GCIHH_LIFEEXPECT,IRL,_T,_T,_T,_Z,_Z,_Z,2009,A,RANK,NA
80,602,0,NA,A,PU,NA,NA,NA,NA,FALSE,WEF_GCIHH,WEF_GCIHH_LIFEEXPECT,IRL,_T,_T,_T,_Z,_Z,_Z,2008,A,YR,NA
12,602,0,NA,A,PU,NA,NA,NA,NA,FALSE,WEF_GCIHH,WEF_GCIHH_LIFEEXPECT,IRL,_T,_T,_T,_Z,_Z,_Z,2008,A,RANK,NA
78,602,0,NA,A,PU,NA,NA,NA,NA,FALSE,WEF_GCIHH,WEF_GCIHH_LIFEEXPECT,IRL,_T,_T,_T,_Z,_Z,_Z,2007,A,YR,NA
24,602,0,NA,A,PU,NA,NA,NA,NA,FALSE,WEF_GCIHH,WEF_GCIHH_LIFEEXPECT,IRL,_T,_T,_T,_Z,_Z,_Z,2007,A,RANK,NA
82.05,602,0,NA,A,PU,NA,NA,NA,NA,TRUE,WEF_GCIHH,WEF_GCIHH_LIFEEXPECT,ISR,_T,_T,_T,_Z,_Z,_Z,2017,A,YR,NA
15,602,0,NA,A,PU,NA,NA,NA,NA,TRUE,WEF_GCIHH,WEF_GCIHH_LIFEEXPECT,ISR,_T,_T,_T,_Z,_Z,_Z,2017,A,RANK,NA
82.15,602,0,NA,A,PU,NA,NA,NA,NA,FALSE,WEF_GCIHH,WEF_GCIHH_LIFEEXPECT,ISR,_T,_T,_T,_Z,_Z,_Z,2016,A,YR,NA
11,602,0,NA,A,PU,NA,NA,NA,NA,FALSE,WEF_GCIHH,WEF_GCIHH_LIFEEXPECT,ISR,_T,_T,_T,_Z,_Z,_Z,2016,A,RANK,NA
82.06,602,0,NA,A,PU,NA,NA,NA,NA,FALSE,WEF_GCIHH,WEF_GCIHH_LIFEEXPECT,ISR,_T,_T,_T,_Z,_Z,_Z,2015,A,YR,NA
9,602,0,NA,A,PU,NA,NA,NA,NA,FALSE,WEF_GCIHH,WEF_GCIHH_LIFEEXPECT,ISR,_T,_T,_T,_Z,_Z,_Z,2015,A,RANK,NA
81.7,602,0,NA,A,PU,NA,NA,NA,NA,FALSE,WEF_GCIHH,WEF_GCIHH_LIFEEXPECT,ISR,_T,_T,_T,_Z,_Z,_Z,2014,A,YR,NA
10,602,0,NA,A,PU,NA,NA,NA,NA,FALSE,WEF_GCIHH,WEF_GCIHH_LIFEEXPECT,ISR,_T,_T,_T,_Z,_Z,_Z,2014,A,RANK,NA
81.76,602,0,NA,A,PU,NA,NA,NA,NA,FALSE,WEF_GCIHH,WEF_GCIHH_LIFEEXPECT,ISR,_T,_T,_T,_Z,_Z,_Z,2013,A,YR,NA
11,602,0,NA,A,PU,NA,NA,NA,NA,FALSE,WEF_GCIHH,WEF_GCIHH_LIFEEXPECT,ISR,_T,_T,_T,_Z,_Z,_Z,2013,A,RANK,NA
81.5,602,0,NA,A,PU,NA,NA,NA,NA,FALSE,WEF_GCIHH,WEF_GCIHH_LIFEEXPECT,ISR,_T,_T,_T,_Z,_Z,_Z,2012,A,YR,NA
8,602,0,NA,A,PU,NA,NA,NA,NA,FALSE,WEF_GCIHH,WEF_GCIHH_LIFEEXPECT,ISR,_T,_T,_T,_Z,_Z,_Z,2012,A,RANK,NA
81.55,602,0,NA,A,PU,NA,NA,NA,NA,FALSE,WEF_GCIHH,WEF_GCIHH_LIFEEXPECT,ISR,_T,_T,_T,_Z,_Z,_Z,2011,A,YR,NA
4,602,0,NA,A,PU,NA,NA,NA,NA,FALSE,WEF_GCIHH,WEF_GCIHH_LIFEEXPECT,ISR,_T,_T,_T,_Z,_Z,_Z,2011,A,RANK,NA
81,602,0,NA,A,PU,NA,NA,NA,NA,FALSE,WEF_GCIHH,WEF_GCIHH_LIFEEXPECT,ISR,_T,_T,_T,_Z,_Z,_Z,2010,A,YR,NA
10,602,0,NA,A,PU,NA,NA,NA,NA,FALSE,WEF_GCIHH,WEF_GCIHH_LIFEEXPECT,ISR,_T,_T,_T,_Z,_Z,_Z,2010,A,RANK,NA
81,602,0,NA,A,PU,NA,NA,NA,NA,FALSE,WEF_GCIHH,WEF_GCIHH_LIFEEXPECT,ISR,_T,_T,_T,_Z,_Z,_Z,2009,A,YR,NA
7,602,0,NA,A,PU,NA,NA,NA,NA,FALSE,WEF_GCIHH,WEF_GCIHH_LIFEEXPECT,ISR,_T,_T,_T,_Z,_Z,_Z,2009,A,RANK,NA
81,602,0,NA,A,PU,NA,NA,NA,NA,FALSE,WEF_GCIHH,WEF_GCIHH_LIFEEXPECT,ISR,_T,_T,_T,_Z,_Z,_Z,2008,A,YR,NA
5,602,0,NA,A,PU,NA,NA,NA,NA,FALSE,WEF_GCIHH,WEF_GCIHH_LIFEEXPECT,ISR,_T,_T,_T,_Z,_Z,_Z,2008,A,RANK,NA
80,602,0,NA,A,PU,NA,NA,NA,NA,FALSE,WEF_GCIHH,WEF_GCIHH_LIFEEXPECT,ISR,_T,_T,_T,_Z,_Z,_Z,2007,A,YR,NA
8,602,0,NA,A,PU,NA,NA,NA,NA,FALSE,WEF_GCIHH,WEF_GCIHH_LIFEEXPECT,ISR,_T,_T,_T,_Z,_Z,_Z,2007,A,RANK,NA
83.49,602,0,NA,A,PU,NA,NA,NA,NA,TRUE,WEF_GCIHH,WEF_GCIHH_LIFEEXPECT,ITA,_T,_T,_T,_Z,_Z,_Z,2017,A,YR,NA
3,602,0,NA,A,PU,NA,NA,NA,NA,TRUE,WEF_GCIHH,WEF_GCIHH_LIFEEXPECT,ITA,_T,_T,_T,_Z,_Z,_Z,2017,A,RANK,NA
82.69,602,0,NA,A,PU,NA,NA,NA,NA,FALSE,WEF_GCIHH,WEF_GCIHH_LIFEEXPECT,ITA,_T,_T,_T,_Z,_Z,_Z,2016,A,YR,NA
5,602,0,NA,A,PU,NA,NA,NA,NA,FALSE,WEF_GCIHH,WEF_GCIHH_LIFEEXPECT,ITA,_T,_T,_T,_Z,_Z,_Z,2016,A,RANK,NA
82.29,602,0,NA,A,PU,NA,NA,NA,NA,FALSE,WEF_GCIHH,WEF_GCIHH_LIFEEXPECT,ITA,_T,_T,_T,_Z,_Z,_Z,2015,A,YR,NA
7,602,0,NA,A,PU,NA,NA,NA,NA,FALSE,WEF_GCIHH,WEF_GCIHH_LIFEEXPECT,ITA,_T,_T,_T,_Z,_Z,_Z,2015,A,RANK,NA
82.94,602,0,NA,A,PU,NA,NA,NA,NA,FALSE,WEF_GCIHH,WEF_GCIHH_LIFEEXPECT,ITA,_T,_T,_T,_Z,_Z,_Z,2014,A,YR,NA
3,602,0,NA,A,PU,NA,NA,NA,NA,FALSE,WEF_GCIHH,WEF_GCIHH_LIFEEXPECT,ITA,_T,_T,_T,_Z,_Z,_Z,2014,A,RANK,NA
82.09,602,0,NA,A,PU,NA,NA,NA,NA,FALSE,WEF_GCIHH,WEF_GCIHH_LIFEEXPECT,ITA,_T,_T,_T,_Z,_Z,_Z,2013,A,YR,NA
6,602,0,NA,A,PU,NA,NA,NA,NA,FALSE,WEF_GCIHH,WEF_GCIHH_LIFEEXPECT,ITA,_T,_T,_T,_Z,_Z,_Z,2013,A,RANK,NA
81.74,602,0,NA,A,PU,NA,NA,NA,NA,FALSE,WEF_GCIHH,WEF_GCIHH_LIFEEXPECT,ITA,_T,_T,_T,_Z,_Z,_Z,2012,A,YR,NA
4,602,0,NA,A,PU,NA,NA,NA,NA,FALSE,WEF_GCIHH,WEF_GCIHH_LIFEEXPECT,ITA,_T,_T,_T,_Z,_Z,_Z,2012,A,RANK,NA
81.44,602,0,NA,A,PU,NA,NA,NA,NA,FALSE,WEF_GCIHH,WEF_GCIHH_LIFEEXPECT,ITA,_T,_T,_T,_Z,_Z,_Z,2011,A,YR,NA
8,602,0,NA,A,PU,NA,NA,NA,NA,FALSE,WEF_GCIHH,WEF_GCIHH_LIFEEXPECT,ITA,_T,_T,_T,_Z,_Z,_Z,2011,A,RANK,NA
81.95,602,0,NA,A,PU,NA,NA,NA,NA,FALSE,WEF_GCIHH,WEF_GCIHH_LIFEEXPECT,ITA,_T,_T,_T,_Z,_Z,_Z,2010,A,YR,NA
4,602,0,NA,A,PU,NA,NA,NA,NA,FALSE,WEF_GCIHH,WEF_GCIHH_LIFEEXPECT,ITA,_T,_T,_T,_Z,_Z,_Z,2010,A,RANK,NA
82,602,0,NA,A,PU,NA,NA,NA,NA,FALSE,WEF_GCIHH,WEF_GCIHH_LIFEEXPECT,ITA,_T,_T,_T,_Z,_Z,_Z,2009,A,YR,NA
3,602,0,NA,A,PU,NA,NA,NA,NA,FALSE,WEF_GCIHH,WEF_GCIHH_LIFEEXPECT,ITA,_T,_T,_T,_Z,_Z,_Z,2009,A,RANK,NA
81,602,0,NA,A,PU,NA,NA,NA,NA,FALSE,WEF_GCIHH,WEF_GCIHH_LIFEEXPECT,ITA,_T,_T,_T,_Z,_Z,_Z,2008,A,YR,NA
5,602,0,NA,A,PU,NA,NA,NA,NA,FALSE,WEF_GCIHH,WEF_GCIHH_LIFEEXPECT,ITA,_T,_T,_T,_Z,_Z,_Z,2008,A,RANK,NA
81,602,0,NA,A,PU,NA,NA,NA,NA,FALSE,WEF_GCIHH,WEF_GCIHH_LIFEEXPECT,ITA,_T,_T,_T,_Z,_Z,_Z,2007,A,YR,NA
3,602,0,NA,A,PU,NA,NA,NA,NA,FALSE,WEF_GCIHH,WEF_GCIHH_LIFEEXPECT,ITA,_T,_T,_T,_Z,_Z,_Z,2007,A,RANK,NA
75.8,602,0,NA,A,PU,NA,NA,NA,NA,TRUE,WEF_GCIHH,WEF_GCIHH_LIFEEXPECT,JAM,_T,_T,_T,_Z,_Z,_Z,2017,A,YR,NA
55,602,0,NA,A,PU,NA,NA,NA,NA,TRUE,WEF_GCIHH,WEF_GCIHH_LIFEEXPECT,JAM,_T,_T,_T,_Z,_Z,_Z,2017,A,RANK,NA
75.65,602,0,NA,A,PU,NA,NA,NA,NA,FALSE,WEF_GCIHH,WEF_GCIHH_LIFEEXPECT,JAM,_T,_T,_T,_Z,_Z,_Z,2016,A,YR,NA
55,602,0,NA,A,PU,NA,NA,NA,NA,FALSE,WEF_GCIHH,WEF_GCIHH_LIFEEXPECT,JAM,_T,_T,_T,_Z,_Z,_Z,2016,A,RANK,NA
73.47,602,0,NA,A,PU,NA,NA,NA,NA,FALSE,WEF_GCIHH,WEF_GCIHH_LIFEEXPECT,JAM,_T,_T,_T,_Z,_Z,_Z,2015,A,YR,NA
81,602,0,NA,A,PU,NA,NA,NA,NA,FALSE,WEF_GCIHH,WEF_GCIHH_LIFEEXPECT,JAM,_T,_T,_T,_Z,_Z,_Z,2015,A,RANK,NA
73.28,602,0,NA,A,PU,NA,NA,NA,NA,FALSE,WEF_GCIHH,WEF_GCIHH_LIFEEXPECT,JAM,_T,_T,_T,_Z,_Z,_Z,2014,A,YR,NA
81,602,0,NA,A,PU,NA,NA,NA,NA,FALSE,WEF_GCIHH,WEF_GCIHH_LIFEEXPECT,JAM,_T,_T,_T,_Z,_Z,_Z,2014,A,RANK,NA
73.08,602,0,NA,A,PU,NA,NA,NA,NA,FALSE,WEF_GCIHH,WEF_GCIHH_LIFEEXPECT,JAM,_T,_T,_T,_Z,_Z,_Z,2013,A,YR,NA
86,602,0,NA,A,PU,NA,NA,NA,NA,FALSE,WEF_GCIHH,WEF_GCIHH_LIFEEXPECT,JAM,_T,_T,_T,_Z,_Z,_Z,2013,A,RANK,NA
72.85,602,0,NA,A,PU,NA,NA,NA,NA,FALSE,WEF_GCIHH,WEF_GCIHH_LIFEEXPECT,JAM,_T,_T,_T,_Z,_Z,_Z,2012,A,YR,NA
84,602,0,NA,A,PU,NA,NA,NA,NA,FALSE,WEF_GCIHH,WEF_GCIHH_LIFEEXPECT,JAM,_T,_T,_T,_Z,_Z,_Z,2012,A,RANK,NA
72.06,602,0,NA,A,PU,NA,NA,NA,NA,FALSE,WEF_GCIHH,WEF_GCIHH_LIFEEXPECT,JAM,_T,_T,_T,_Z,_Z,_Z,2011,A,YR,NA
84,602,0,NA,A,PU,NA,NA,NA,NA,FALSE,WEF_GCIHH,WEF_GCIHH_LIFEEXPECT,JAM,_T,_T,_T,_Z,_Z,_Z,2011,A,RANK,NA
71.84,602,0,NA,A,PU,NA,NA,NA,NA,FALSE,WEF_GCIHH,WEF_GCIHH_LIFEEXPECT,JAM,_T,_T,_T,_Z,_Z,_Z,2010,A,YR,NA
83,602,0,NA,A,PU,NA,NA,NA,NA,FALSE,WEF_GCIHH,WEF_GCIHH_LIFEEXPECT,JAM,_T,_T,_T,_Z,_Z,_Z,2010,A,RANK,NA
72,602,0,NA,A,PU,NA,NA,NA,NA,FALSE,WEF_GCIHH,WEF_GCIHH_LIFEEXPECT,JAM,_T,_T,_T,_Z,_Z,_Z,2009,A,YR,NA
69,602,0,NA,A,PU,NA,NA,NA,NA,FALSE,WEF_GCIHH,WEF_GCIHH_LIFEEXPECT,JAM,_T,_T,_T,_Z,_Z,_Z,2009,A,RANK,NA
72,602,0,NA,A,PU,NA,NA,NA,NA,FALSE,WEF_GCIHH,WEF_GCIHH_LIFEEXPECT,JAM,_T,_T,_T,_Z,_Z,_Z,2008,A,YR,NA
66,602,0,NA,A,PU,NA,NA,NA,NA,FALSE,WEF_GCIHH,WEF_GCIHH_LIFEEXPECT,JAM,_T,_T,_T,_Z,_Z,_Z,2008,A,RANK,NA
72,602,0,NA,A,PU,NA,NA,NA,NA,FALSE,WEF_GCIHH,WEF_GCIHH_LIFEEXPECT,JAM,_T,_T,_T,_Z,_Z,_Z,2007,A,YR,NA
56,602,0,NA,A,PU,NA,NA,NA,NA,FALSE,WEF_GCIHH,WEF_GCIHH_LIFEEXPECT,JAM,_T,_T,_T,_Z,_Z,_Z,2007,A,RANK,NA
83.84,602,0,NA,A,PU,NA,NA,NA,NA,TRUE,WEF_GCIHH,WEF_GCIHH_LIFEEXPECT,JPN,_T,_T,_T,_Z,_Z,_Z,2017,A,YR,NA
2,602,0,NA,A,PU,NA,NA,NA,NA,TRUE,WEF_GCIHH,WEF_GCIHH_LIFEEXPECT,JPN,_T,_T,_T,_Z,_Z,_Z,2017,A,RANK,NA
83.59,602,0,NA,A,PU,NA,NA,NA,NA,FALSE,WEF_GCIHH,WEF_GCIHH_LIFEEXPECT,JPN,_T,_T,_T,_Z,_Z,_Z,2016,A,YR,NA
2,602,0,NA,A,PU,NA,NA,NA,NA,FALSE,WEF_GCIHH,WEF_GCIHH_LIFEEXPECT,JPN,_T,_T,_T,_Z,_Z,_Z,2016,A,RANK,NA
83.33,602,0,NA,A,PU,NA,NA,NA,NA,FALSE,WEF_GCIHH,WEF_GCIHH_LIFEEXPECT,JPN,_T,_T,_T,_Z,_Z,_Z,2015,A,YR,NA
2,602,0,NA,A,PU,NA,NA,NA,NA,FALSE,WEF_GCIHH,WEF_GCIHH_LIFEEXPECT,JPN,_T,_T,_T,_Z,_Z,_Z,2015,A,RANK,NA
83.1,602,0,NA,A,PU,NA,NA,NA,NA,FALSE,WEF_GCIHH,WEF_GCIHH_LIFEEXPECT,JPN,_T,_T,_T,_Z,_Z,_Z,2014,A,YR,NA
2,602,0,NA,A,PU,NA,NA,NA,NA,FALSE,WEF_GCIHH,WEF_GCIHH_LIFEEXPECT,JPN,_T,_T,_T,_Z,_Z,_Z,2014,A,RANK,NA
82.59,602,0,NA,A,PU,NA,NA,NA,NA,FALSE,WEF_GCIHH,WEF_GCIHH_LIFEEXPECT,JPN,_T,_T,_T,_Z,_Z,_Z,2013,A,YR,NA
3,602,0,NA,A,PU,NA,NA,NA,NA,FALSE,WEF_GCIHH,WEF_GCIHH_LIFEEXPECT,JPN,_T,_T,_T,_Z,_Z,_Z,2013,A,RANK,NA
82.93,602,0,NA,A,PU,NA,NA,NA,NA,FALSE,WEF_GCIHH,WEF_GCIHH_LIFEEXPECT,JPN,_T,_T,_T,_Z,_Z,_Z,2012,A,YR,NA
1,602,0,NA,A,PU,NA,NA,NA,NA,FALSE,WEF_GCIHH,WEF_GCIHH_LIFEEXPECT,JPN,_T,_T,_T,_Z,_Z,_Z,2012,A,RANK,NA
82.93,602,0,NA,A,PU,NA,NA,NA,NA,FALSE,WEF_GCIHH,WEF_GCIHH_LIFEEXPECT,JPN,_T,_T,_T,_Z,_Z,_Z,2011,A,YR,NA
1,602,0,NA,A,PU,NA,NA,NA,NA,FALSE,WEF_GCIHH,WEF_GCIHH_LIFEEXPECT,JPN,_T,_T,_T,_Z,_Z,_Z,2011,A,RANK,NA
82.59,602,0,NA,A,PU,NA,NA,NA,NA,FALSE,WEF_GCIHH,WEF_GCIHH_LIFEEXPECT,JPN,_T,_T,_T,_Z,_Z,_Z,2010,A,YR,NA
1,602,0,NA,A,PU,NA,NA,NA,NA,FALSE,WEF_GCIHH,WEF_GCIHH_LIFEEXPECT,JPN,_T,_T,_T,_Z,_Z,_Z,2010,A,RANK,NA
83,602,0,NA,A,PU,NA,NA,NA,NA,FALSE,WEF_GCIHH,WEF_GCIHH_LIFEEXPECT,JPN,_T,_T,_T,_Z,_Z,_Z,2009,A,YR,NA
1,602,0,NA,A,PU,NA,NA,NA,NA,FALSE,WEF_GCIHH,WEF_GCIHH_LIFEEXPECT,JPN,_T,_T,_T,_Z,_Z,_Z,2009,A,RANK,NA
83,602,0,NA,A,PU,NA,NA,NA,NA,FALSE,WEF_GCIHH,WEF_GCIHH_LIFEEXPECT,JPN,_T,_T,_T,_Z,_Z,_Z,2008,A,YR,NA
1,602,0,NA,A,PU,NA,NA,NA,NA,FALSE,WEF_GCIHH,WEF_GCIHH_LIFEEXPECT,JPN,_T,_T,_T,_Z,_Z,_Z,2008,A,RANK,NA
82,602,0,NA,A,PU,NA,NA,NA,NA,FALSE,WEF_GCIHH,WEF_GCIHH_LIFEEXPECT,JPN,_T,_T,_T,_Z,_Z,_Z,2007,A,YR,NA
1,602,0,NA,A,PU,NA,NA,NA,NA,FALSE,WEF_GCIHH,WEF_GCIHH_LIFEEXPECT,JPN,_T,_T,_T,_Z,_Z,_Z,2007,A,RANK,NA
74.2,602,0,NA,A,PU,NA,NA,NA,NA,TRUE,WEF_GCIHH,WEF_GCIHH_LIFEEXPECT,JOR,_T,_T,_T,_Z,_Z,_Z,2017,A,YR,NA
78,602,0,NA,A,PU,NA,NA,NA,NA,TRUE,WEF_GCIHH,WEF_GCIHH_LIFEEXPECT,JOR,_T,_T,_T,_Z,_Z,_Z,2017,A,RANK,NA
74.05,602,0,NA,A,PU,NA,NA,NA,NA,FALSE,WEF_GCIHH,WEF_GCIHH_LIFEEXPECT,JOR,_T,_T,_T,_Z,_Z,_Z,2016,A,YR,NA
79,602,0,NA,A,PU,NA,NA,NA,NA,FALSE,WEF_GCIHH,WEF_GCIHH_LIFEEXPECT,JOR,_T,_T,_T,_Z,_Z,_Z,2016,A,RANK,NA
73.9,602,0,NA,A,PU,NA,NA,NA,NA,FALSE,WEF_GCIHH,WEF_GCIHH_LIFEEXPECT,JOR,_T,_T,_T,_Z,_Z,_Z,2015,A,YR,NA
77,602,0,NA,A,PU,NA,NA,NA,NA,FALSE,WEF_GCIHH,WEF_GCIHH_LIFEEXPECT,JOR,_T,_T,_T,_Z,_Z,_Z,2015,A,RANK,NA
73.75,602,0,NA,A,PU,NA,NA,NA,NA,FALSE,WEF_GCIHH,WEF_GCIHH_LIFEEXPECT,JOR,_T,_T,_T,_Z,_Z,_Z,2014,A,YR,NA
77,602,0,NA,A,PU,NA,NA,NA,NA,FALSE,WEF_GCIHH,WEF_GCIHH_LIFEEXPECT,JOR,_T,_T,_T,_Z,_Z,_Z,2014,A,RANK,NA
73.43,602,0,NA,A,PU,NA,NA,NA,NA,FALSE,WEF_GCIHH,WEF_GCIHH_LIFEEXPECT,JOR,_T,_T,_T,_Z,_Z,_Z,2013,A,YR,NA
79,602,0,NA,A,PU,NA,NA,NA,NA,FALSE,WEF_GCIHH,WEF_GCIHH_LIFEEXPECT,JOR,_T,_T,_T,_Z,_Z,_Z,2013,A,RANK,NA
73.29,602,0,NA,A,PU,NA,NA,NA,NA,FALSE,WEF_GCIHH,WEF_GCIHH_LIFEEXPECT,JOR,_T,_T,_T,_Z,_Z,_Z,2012,A,YR,NA
74,602,0,NA,A,PU,NA,NA,NA,NA,FALSE,WEF_GCIHH,WEF_GCIHH_LIFEEXPECT,JOR,_T,_T,_T,_Z,_Z,_Z,2012,A,RANK,NA
72.94,602,0,NA,A,PU,NA,NA,NA,NA,FALSE,WEF_GCIHH,WEF_GCIHH_LIFEEXPECT,JOR,_T,_T,_T,_Z,_Z,_Z,2011,A,YR,NA
74,602,0,NA,A,PU,NA,NA,NA,NA,FALSE,WEF_GCIHH,WEF_GCIHH_LIFEEXPECT,JOR,_T,_T,_T,_Z,_Z,_Z,2011,A,RANK,NA
72.71,602,0,NA,A,PU,NA,NA,NA,NA,FALSE,WEF_GCIHH,WEF_GCIHH_LIFEEXPECT,JOR,_T,_T,_T,_Z,_Z,_Z,2010,A,YR,NA
73,602,0,NA,A,PU,NA,NA,NA,NA,FALSE,WEF_GCIHH,WEF_GCIHH_LIFEEXPECT,JOR,_T,_T,_T,_Z,_Z,_Z,2010,A,RANK,NA
72,602,0,NA,A,PU,NA,NA,NA,NA,FALSE,WEF_GCIHH,WEF_GCIHH_LIFEEXPECT,JOR,_T,_T,_T,_Z,_Z,_Z,2009,A,YR,NA
69,602,0,NA,A,PU,NA,NA,NA,NA,FALSE,WEF_GCIHH,WEF_GCIHH_LIFEEXPECT,JOR,_T,_T,_T,_Z,_Z,_Z,2009,A,RANK,NA
71,602,0,NA,A,PU,NA,NA,NA,NA,FALSE,WEF_GCIHH,WEF_GCIHH_LIFEEXPECT,JOR,_T,_T,_T,_Z,_Z,_Z,2008,A,YR,NA
76,602,0,NA,A,PU,NA,NA,NA,NA,FALSE,WEF_GCIHH,WEF_GCIHH_LIFEEXPECT,JOR,_T,_T,_T,_Z,_Z,_Z,2008,A,RANK,NA
71,602,0,NA,A,PU,NA,NA,NA,NA,FALSE,WEF_GCIHH,WEF_GCIHH_LIFEEXPECT,JOR,_T,_T,_T,_Z,_Z,_Z,2007,A,YR,NA
71,602,0,NA,A,PU,NA,NA,NA,NA,FALSE,WEF_GCIHH,WEF_GCIHH_LIFEEXPECT,JOR,_T,_T,_T,_Z,_Z,_Z,2007,A,RANK,NA
72,602,0,NA,A,PU,NA,NA,NA,NA,TRUE,WEF_GCIHH,WEF_GCIHH_LIFEEXPECT,KAZ,_T,_T,_T,_Z,_Z,_Z,2017,A,YR,NA
88,602,0,NA,A,PU,NA,NA,NA,NA,TRUE,WEF_GCIHH,WEF_GCIHH_LIFEEXPECT,KAZ,_T,_T,_T,_Z,_Z,_Z,2017,A,RANK,NA
71.62,602,0,NA,A,PU,NA,NA,NA,NA,FALSE,WEF_GCIHH,WEF_GCIHH_LIFEEXPECT,KAZ,_T,_T,_T,_Z,_Z,_Z,2016,A,YR,NA
90,602,0,NA,A,PU,NA,NA,NA,NA,FALSE,WEF_GCIHH,WEF_GCIHH_LIFEEXPECT,KAZ,_T,_T,_T,_Z,_Z,_Z,2016,A,RANK,NA
70.45,602,0,NA,A,PU,NA,NA,NA,NA,FALSE,WEF_GCIHH,WEF_GCIHH_LIFEEXPECT,KAZ,_T,_T,_T,_Z,_Z,_Z,2015,A,YR,NA
95,602,0,NA,A,PU,NA,NA,NA,NA,FALSE,WEF_GCIHH,WEF_GCIHH_LIFEEXPECT,KAZ,_T,_T,_T,_Z,_Z,_Z,2015,A,RANK,NA
69.61,602,0,NA,A,PU,NA,NA,NA,NA,FALSE,WEF_GCIHH,WEF_GCIHH_LIFEEXPECT,KAZ,_T,_T,_T,_Z,_Z,_Z,2014,A,YR,NA
99,602,0,NA,A,PU,NA,NA,NA,NA,FALSE,WEF_GCIHH,WEF_GCIHH_LIFEEXPECT,KAZ,_T,_T,_T,_Z,_Z,_Z,2014,A,RANK,NA
68.89,602,0,NA,A,PU,NA,NA,NA,NA,FALSE,WEF_GCIHH,WEF_GCIHH_LIFEEXPECT,KAZ,_T,_T,_T,_Z,_Z,_Z,2013,A,YR,NA
103,602,0,NA,A,PU,NA,NA,NA,NA,FALSE,WEF_GCIHH,WEF_GCIHH_LIFEEXPECT,KAZ,_T,_T,_T,_Z,_Z,_Z,2013,A,RANK,NA
68.3,602,0,NA,A,PU,NA,NA,NA,NA,FALSE,WEF_GCIHH,WEF_GCIHH_LIFEEXPECT,KAZ,_T,_T,_T,_Z,_Z,_Z,2012,A,YR,NA
104,602,0,NA,A,PU,NA,NA,NA,NA,FALSE,WEF_GCIHH,WEF_GCIHH_LIFEEXPECT,KAZ,_T,_T,_T,_Z,_Z,_Z,2012,A,RANK,NA
68.43,602,0,NA,A,PU,NA,NA,NA,NA,FALSE,WEF_GCIHH,WEF_GCIHH_LIFEEXPECT,KAZ,_T,_T,_T,_Z,_Z,_Z,2011,A,YR,NA
101,602,0,NA,A,PU,NA,NA,NA,NA,FALSE,WEF_GCIHH,WEF_GCIHH_LIFEEXPECT,KAZ,_T,_T,_T,_Z,_Z,_Z,2011,A,RANK,NA
66.44,602,0,NA,A,PU,NA,NA,NA,NA,FALSE,WEF_GCIHH,WEF_GCIHH_LIFEEXPECT,KAZ,_T,_T,_T,_Z,_Z,_Z,2010,A,YR,NA
106,602,0,NA,A,PU,NA,NA,NA,NA,FALSE,WEF_GCIHH,WEF_GCIHH_LIFEEXPECT,KAZ,_T,_T,_T,_Z,_Z,_Z,2010,A,RANK,NA
64,602,0,NA,A,PU,NA,NA,NA,NA,FALSE,WEF_GCIHH,WEF_GCIHH_LIFEEXPECT,KAZ,_T,_T,_T,_Z,_Z,_Z,2009,A,YR,NA
100,602,0,NA,A,PU,NA,NA,NA,NA,FALSE,WEF_GCIHH,WEF_GCIHH_LIFEEXPECT,KAZ,_T,_T,_T,_Z,_Z,_Z,2009,A,RANK,NA
64,602,0,NA,A,PU,NA,NA,NA,NA,FALSE,WEF_GCIHH,WEF_GCIHH_LIFEEXPECT,KAZ,_T,_T,_T,_Z,_Z,_Z,2008,A,YR,NA
101,602,0,NA,A,PU,NA,NA,NA,NA,FALSE,WEF_GCIHH,WEF_GCIHH_LIFEEXPECT,KAZ,_T,_T,_T,_Z,_Z,_Z,2008,A,RANK,NA
61,602,0,NA,A,PU,NA,NA,NA,NA,FALSE,WEF_GCIHH,WEF_GCIHH_LIFEEXPECT,KAZ,_T,_T,_T,_Z,_Z,_Z,2007,A,YR,NA
107,602,0,NA,A,PU,NA,NA,NA,NA,FALSE,WEF_GCIHH,WEF_GCIHH_LIFEEXPECT,KAZ,_T,_T,_T,_Z,_Z,_Z,2007,A,RANK,NA
62.13,602,0,NA,A,PU,NA,NA,NA,NA,TRUE,WEF_GCIHH,WEF_GCIHH_LIFEEXPECT,KEN,_T,_T,_T,_Z,_Z,_Z,2017,A,YR,NA
118,602,0,NA,A,PU,NA,NA,NA,NA,TRUE,WEF_GCIHH,WEF_GCIHH_LIFEEXPECT,KEN,_T,_T,_T,_Z,_Z,_Z,2017,A,RANK,NA
61.58,602,0,NA,A,PU,NA,NA,NA,NA,FALSE,WEF_GCIHH,WEF_GCIHH_LIFEEXPECT,KEN,_T,_T,_T,_Z,_Z,_Z,2016,A,YR,NA
120,602,0,NA,A,PU,NA,NA,NA,NA,FALSE,WEF_GCIHH,WEF_GCIHH_LIFEEXPECT,KEN,_T,_T,_T,_Z,_Z,_Z,2016,A,RANK,NA
61.68,602,0,NA,A,PU,NA,NA,NA,NA,FALSE,WEF_GCIHH,WEF_GCIHH_LIFEEXPECT,KEN,_T,_T,_T,_Z,_Z,_Z,2015,A,YR,NA
117,602,0,NA,A,PU,NA,NA,NA,NA,FALSE,WEF_GCIHH,WEF_GCIHH_LIFEEXPECT,KEN,_T,_T,_T,_Z,_Z,_Z,2015,A,RANK,NA
61.08,602,0,NA,A,PU,NA,NA,NA,NA,FALSE,WEF_GCIHH,WEF_GCIHH_LIFEEXPECT,KEN,_T,_T,_T,_Z,_Z,_Z,2014,A,YR,NA
122,602,0,NA,A,PU,NA,NA,NA,NA,FALSE,WEF_GCIHH,WEF_GCIHH_LIFEEXPECT,KEN,_T,_T,_T,_Z,_Z,_Z,2014,A,RANK,NA
57.08,602,0,NA,A,PU,NA,NA,NA,NA,FALSE,WEF_GCIHH,WEF_GCIHH_LIFEEXPECT,KEN,_T,_T,_T,_Z,_Z,_Z,2013,A,YR,NA
126,602,0,NA,A,PU,NA,NA,NA,NA,FALSE,WEF_GCIHH,WEF_GCIHH_LIFEEXPECT,KEN,_T,_T,_T,_Z,_Z,_Z,2013,A,RANK,NA
56.5,602,0,NA,A,PU,NA,NA,NA,NA,FALSE,WEF_GCIHH,WEF_GCIHH_LIFEEXPECT,KEN,_T,_T,_T,_Z,_Z,_Z,2012,A,YR,NA
123,602,0,NA,A,PU,NA,NA,NA,NA,FALSE,WEF_GCIHH,WEF_GCIHH_LIFEEXPECT,KEN,_T,_T,_T,_Z,_Z,_Z,2012,A,RANK,NA
54.89,602,0,NA,A,PU,NA,NA,NA,NA,FALSE,WEF_GCIHH,WEF_GCIHH_LIFEEXPECT,KEN,_T,_T,_T,_Z,_Z,_Z,2011,A,YR,NA
126,602,0,NA,A,PU,NA,NA,NA,NA,FALSE,WEF_GCIHH,WEF_GCIHH_LIFEEXPECT,KEN,_T,_T,_T,_Z,_Z,_Z,2011,A,RANK,NA
54.24,602,0,NA,A,PU,NA,NA,NA,NA,FALSE,WEF_GCIHH,WEF_GCIHH_LIFEEXPECT,KEN,_T,_T,_T,_Z,_Z,_Z,2010,A,YR,NA
123,602,0,NA,A,PU,NA,NA,NA,NA,FALSE,WEF_GCIHH,WEF_GCIHH_LIFEEXPECT,KEN,_T,_T,_T,_Z,_Z,_Z,2010,A,RANK,NA
54,602,0,NA,A,PU,NA,NA,NA,NA,FALSE,WEF_GCIHH,WEF_GCIHH_LIFEEXPECT,KEN,_T,_T,_T,_Z,_Z,_Z,2009,A,YR,NA
118,602,0,NA,A,PU,NA,NA,NA,NA,FALSE,WEF_GCIHH,WEF_GCIHH_LIFEEXPECT,KEN,_T,_T,_T,_Z,_Z,_Z,2009,A,RANK,NA
53,602,0,NA,A,PU,NA,NA,NA,NA,FALSE,WEF_GCIHH,WEF_GCIHH_LIFEEXPECT,KEN,_T,_T,_T,_Z,_Z,_Z,2008,A,YR,NA
118,602,0,NA,A,PU,NA,NA,NA,NA,FALSE,WEF_GCIHH,WEF_GCIHH_LIFEEXPECT,KEN,_T,_T,_T,_Z,_Z,_Z,2008,A,RANK,NA
51,602,0,NA,A,PU,NA,NA,NA,NA,FALSE,WEF_GCIHH,WEF_GCIHH_LIFEEXPECT,KEN,_T,_T,_T,_Z,_Z,_Z,2007,A,YR,NA
116,602,0,NA,A,PU,NA,NA,NA,NA,FALSE,WEF_GCIHH,WEF_GCIHH_LIFEEXPECT,KEN,_T,_T,_T,_Z,_Z,_Z,2007,A,RANK,NA
82.16,602,0,NA,A,PU,NA,NA,NA,NA,TRUE,WEF_GCIHH,WEF_GCIHH_LIFEEXPECT,KOR,_T,_T,_T,_Z,_Z,_Z,2017,A,YR,NA
12,602,0,NA,A,PU,NA,NA,NA,NA,TRUE,WEF_GCIHH,WEF_GCIHH_LIFEEXPECT,KOR,_T,_T,_T,_Z,_Z,_Z,2017,A,RANK,NA
82.16,602,0,NA,A,PU,NA,NA,NA,NA,FALSE,WEF_GCIHH,WEF_GCIHH_LIFEEXPECT,KOR,_T,_T,_T,_Z,_Z,_Z,2016,A,YR,NA
10,602,0,NA,A,PU,NA,NA,NA,NA,FALSE,WEF_GCIHH,WEF_GCIHH_LIFEEXPECT,KOR,_T,_T,_T,_Z,_Z,_Z,2016,A,RANK,NA
81.46,602,0,NA,A,PU,NA,NA,NA,NA,FALSE,WEF_GCIHH,WEF_GCIHH_LIFEEXPECT,KOR,_T,_T,_T,_Z,_Z,_Z,2015,A,YR,NA
13,602,0,NA,A,PU,NA,NA,NA,NA,FALSE,WEF_GCIHH,WEF_GCIHH_LIFEEXPECT,KOR,_T,_T,_T,_Z,_Z,_Z,2015,A,RANK,NA
81.37,602,0,NA,A,PU,NA,NA,NA,NA,FALSE,WEF_GCIHH,WEF_GCIHH_LIFEEXPECT,KOR,_T,_T,_T,_Z,_Z,_Z,2014,A,YR,NA
15,602,0,NA,A,PU,NA,NA,NA,NA,FALSE,WEF_GCIHH,WEF_GCIHH_LIFEEXPECT,KOR,_T,_T,_T,_Z,_Z,_Z,2014,A,RANK,NA
80.87,602,0,NA,A,PU,NA,NA,NA,NA,FALSE,WEF_GCIHH,WEF_GCIHH_LIFEEXPECT,KOR,_T,_T,_T,_Z,_Z,_Z,2013,A,YR,NA
19,602,0,NA,A,PU,NA,NA,NA,NA,FALSE,WEF_GCIHH,WEF_GCIHH_LIFEEXPECT,KOR,_T,_T,_T,_Z,_Z,_Z,2013,A,RANK,NA
80.76,602,0,NA,A,PU,NA,NA,NA,NA,FALSE,WEF_GCIHH,WEF_GCIHH_LIFEEXPECT,KOR,_T,_T,_T,_Z,_Z,_Z,2012,A,YR,NA
15,602,0,NA,A,PU,NA,NA,NA,NA,FALSE,WEF_GCIHH,WEF_GCIHH_LIFEEXPECT,KOR,_T,_T,_T,_Z,_Z,_Z,2012,A,RANK,NA
80.28,602,0,NA,A,PU,NA,NA,NA,NA,FALSE,WEF_GCIHH,WEF_GCIHH_LIFEEXPECT,KOR,_T,_T,_T,_Z,_Z,_Z,2011,A,YR,NA
17,602,0,NA,A,PU,NA,NA,NA,NA,FALSE,WEF_GCIHH,WEF_GCIHH_LIFEEXPECT,KOR,_T,_T,_T,_Z,_Z,_Z,2011,A,RANK,NA
79.83,602,0,NA,A,PU,NA,NA,NA,NA,FALSE,WEF_GCIHH,WEF_GCIHH_LIFEEXPECT,KOR,_T,_T,_T,_Z,_Z,_Z,2010,A,YR,NA
23,602,0,NA,A,PU,NA,NA,NA,NA,FALSE,WEF_GCIHH,WEF_GCIHH_LIFEEXPECT,KOR,_T,_T,_T,_Z,_Z,_Z,2010,A,RANK,NA
79,602,0,NA,A,PU,NA,NA,NA,NA,FALSE,WEF_GCIHH,WEF_GCIHH_LIFEEXPECT,KOR,_T,_T,_T,_Z,_Z,_Z,2009,A,YR,NA
25,602,0,NA,A,PU,NA,NA,NA,NA,FALSE,WEF_GCIHH,WEF_GCIHH_LIFEEXPECT,KOR,_T,_T,_T,_Z,_Z,_Z,2009,A,RANK,NA
79,602,0,NA,A,PU,NA,NA,NA,NA,FALSE,WEF_GCIHH,WEF_GCIHH_LIFEEXPECT,KOR,_T,_T,_T,_Z,_Z,_Z,2008,A,YR,NA
22,602,0,NA,A,PU,NA,NA,NA,NA,FALSE,WEF_GCIHH,WEF_GCIHH_LIFEEXPECT,KOR,_T,_T,_T,_Z,_Z,_Z,2008,A,RANK,NA
77,602,0,NA,A,PU,NA,NA,NA,NA,FALSE,WEF_GCIHH,WEF_GCIHH_LIFEEXPECT,KOR,_T,_T,_T,_Z,_Z,_Z,2007,A,YR,NA
31,602,0,NA,A,PU,NA,NA,NA,NA,FALSE,WEF_GCIHH,WEF_GCIHH_LIFEEXPECT,KOR,_T,_T,_T,_Z,_Z,_Z,2007,A,RANK,NA
74.7,602,0,NA,A,PU,NA,NA,NA,NA,TRUE,WEF_GCIHH,WEF_GCIHH_LIFEEXPECT,KWT,_T,_T,_T,_Z,_Z,_Z,2017,A,YR,NA
70,602,0,NA,A,PU,NA,NA,NA,NA,TRUE,WEF_GCIHH,WEF_GCIHH_LIFEEXPECT,KWT,_T,_T,_T,_Z,_Z,_Z,2017,A,RANK,NA
74.59,602,0,NA,A,PU,NA,NA,NA,NA,FALSE,WEF_GCIHH,WEF_GCIHH_LIFEEXPECT,KWT,_T,_T,_T,_Z,_Z,_Z,2016,A,YR,NA
70,602,0,NA,A,PU,NA,NA,NA,NA,FALSE,WEF_GCIHH,WEF_GCIHH_LIFEEXPECT,KWT,_T,_T,_T,_Z,_Z,_Z,2016,A,RANK,NA
74.46,602,0,NA,A,PU,NA,NA,NA,NA,FALSE,WEF_GCIHH,WEF_GCIHH_LIFEEXPECT,KWT,_T,_T,_T,_Z,_Z,_Z,2015,A,YR,NA
67,602,0,NA,A,PU,NA,NA,NA,NA,FALSE,WEF_GCIHH,WEF_GCIHH_LIFEEXPECT,KWT,_T,_T,_T,_Z,_Z,_Z,2015,A,RANK,NA
74.36,602,0,NA,A,PU,NA,NA,NA,NA,FALSE,WEF_GCIHH,WEF_GCIHH_LIFEEXPECT,KWT,_T,_T,_T,_Z,_Z,_Z,2014,A,YR,NA
68,602,0,NA,A,PU,NA,NA,NA,NA,FALSE,WEF_GCIHH,WEF_GCIHH_LIFEEXPECT,KWT,_T,_T,_T,_Z,_Z,_Z,2014,A,RANK,NA
74.73,602,0,NA,A,PU,NA,NA,NA,NA,FALSE,WEF_GCIHH,WEF_GCIHH_LIFEEXPECT,KWT,_T,_T,_T,_Z,_Z,_Z,2013,A,YR,NA
58,602,0,NA,A,PU,NA,NA,NA,NA,FALSE,WEF_GCIHH,WEF_GCIHH_LIFEEXPECT,KWT,_T,_T,_T,_Z,_Z,_Z,2013,A,RANK,NA
74.6,602,0,NA,A,PU,NA,NA,NA,NA,FALSE,WEF_GCIHH,WEF_GCIHH_LIFEEXPECT,KWT,_T,_T,_T,_Z,_Z,_Z,2012,A,YR,NA
56,602,0,NA,A,PU,NA,NA,NA,NA,FALSE,WEF_GCIHH,WEF_GCIHH_LIFEEXPECT,KWT,_T,_T,_T,_Z,_Z,_Z,2012,A,RANK,NA
78.1,602,0,NA,A,PU,NA,NA,NA,NA,FALSE,WEF_GCIHH,WEF_GCIHH_LIFEEXPECT,KWT,_T,_T,_T,_Z,_Z,_Z,2011,A,YR,NA
35,602,0,NA,A,PU,NA,NA,NA,NA,FALSE,WEF_GCIHH,WEF_GCIHH_LIFEEXPECT,KWT,_T,_T,_T,_Z,_Z,_Z,2011,A,RANK,NA
77.97,602,0,NA,A,PU,NA,NA,NA,NA,FALSE,WEF_GCIHH,WEF_GCIHH_LIFEEXPECT,KWT,_T,_T,_T,_Z,_Z,_Z,2010,A,YR,NA
35,602,0,NA,A,PU,NA,NA,NA,NA,FALSE,WEF_GCIHH,WEF_GCIHH_LIFEEXPECT,KWT,_T,_T,_T,_Z,_Z,_Z,2010,A,RANK,NA
78,602,0,NA,A,PU,NA,NA,NA,NA,FALSE,WEF_GCIHH,WEF_GCIHH_LIFEEXPECT,KWT,_T,_T,_T,_Z,_Z,_Z,2009,A,YR,NA
30,602,0,NA,A,PU,NA,NA,NA,NA,FALSE,WEF_GCIHH,WEF_GCIHH_LIFEEXPECT,KWT,_T,_T,_T,_Z,_Z,_Z,2009,A,RANK,NA
78,602,0,NA,A,PU,NA,NA,NA,NA,FALSE,WEF_GCIHH,WEF_GCIHH_LIFEEXPECT,KWT,_T,_T,_T,_Z,_Z,_Z,2008,A,YR,NA
29,602,0,NA,A,PU,NA,NA,NA,NA,FALSE,WEF_GCIHH,WEF_GCIHH_LIFEEXPECT,KWT,_T,_T,_T,_Z,_Z,_Z,2008,A,RANK,NA
77,602,0,NA,A,PU,NA,NA,NA,NA,FALSE,WEF_GCIHH,WEF_GCIHH_LIFEEXPECT,KWT,_T,_T,_T,_Z,_Z,_Z,2007,A,YR,NA
31,602,0,NA,A,PU,NA,NA,NA,NA,FALSE,WEF_GCIHH,WEF_GCIHH_LIFEEXPECT,KWT,_T,_T,_T,_Z,_Z,_Z,2007,A,RANK,NA
70.65,602,0,NA,A,PU,NA,NA,NA,NA,TRUE,WEF_GCIHH,WEF_GCIHH_LIFEEXPECT,KGZ,_T,_T,_T,_Z,_Z,_Z,2017,A,YR,NA
95,602,0,NA,A,PU,NA,NA,NA,NA,TRUE,WEF_GCIHH,WEF_GCIHH_LIFEEXPECT,KGZ,_T,_T,_T,_Z,_Z,_Z,2017,A,RANK,NA
70.4,602,0,NA,A,PU,NA,NA,NA,NA,FALSE,WEF_GCIHH,WEF_GCIHH_LIFEEXPECT,KGZ,_T,_T,_T,_Z,_Z,_Z,2016,A,YR,NA
96,602,0,NA,A,PU,NA,NA,NA,NA,FALSE,WEF_GCIHH,WEF_GCIHH_LIFEEXPECT,KGZ,_T,_T,_T,_Z,_Z,_Z,2016,A,RANK,NA
70.2,602,0,NA,A,PU,NA,NA,NA,NA,FALSE,WEF_GCIHH,WEF_GCIHH_LIFEEXPECT,KGZ,_T,_T,_T,_Z,_Z,_Z,2015,A,YR,NA
96,602,0,NA,A,PU,NA,NA,NA,NA,FALSE,WEF_GCIHH,WEF_GCIHH_LIFEEXPECT,KGZ,_T,_T,_T,_Z,_Z,_Z,2015,A,RANK,NA
70,602,0,NA,A,PU,NA,NA,NA,NA,FALSE,WEF_GCIHH,WEF_GCIHH_LIFEEXPECT,KGZ,_T,_T,_T,_Z,_Z,_Z,2014,A,YR,NA
97,602,0,NA,A,PU,NA,NA,NA,NA,FALSE,WEF_GCIHH,WEF_GCIHH_LIFEEXPECT,KGZ,_T,_T,_T,_Z,_Z,_Z,2014,A,RANK,NA
69.6,602,0,NA,A,PU,NA,NA,NA,NA,FALSE,WEF_GCIHH,WEF_GCIHH_LIFEEXPECT,KGZ,_T,_T,_T,_Z,_Z,_Z,2013,A,YR,NA
98,602,0,NA,A,PU,NA,NA,NA,NA,FALSE,WEF_GCIHH,WEF_GCIHH_LIFEEXPECT,KGZ,_T,_T,_T,_Z,_Z,_Z,2013,A,RANK,NA
69.37,602,0,NA,A,PU,NA,NA,NA,NA,FALSE,WEF_GCIHH,WEF_GCIHH_LIFEEXPECT,KGZ,_T,_T,_T,_Z,_Z,_Z,2012,A,YR,NA
97,602,0,NA,A,PU,NA,NA,NA,NA,FALSE,WEF_GCIHH,WEF_GCIHH_LIFEEXPECT,KGZ,_T,_T,_T,_Z,_Z,_Z,2012,A,RANK,NA
67.14,602,0,NA,A,PU,NA,NA,NA,NA,FALSE,WEF_GCIHH,WEF_GCIHH_LIFEEXPECT,KGZ,_T,_T,_T,_Z,_Z,_Z,2011,A,YR,NA
103,602,0,NA,A,PU,NA,NA,NA,NA,FALSE,WEF_GCIHH,WEF_GCIHH_LIFEEXPECT,KGZ,_T,_T,_T,_Z,_Z,_Z,2011,A,RANK,NA
67.37,602,0,NA,A,PU,NA,NA,NA,NA,FALSE,WEF_GCIHH,WEF_GCIHH_LIFEEXPECT,KGZ,_T,_T,_T,_Z,_Z,_Z,2010,A,YR,NA
100,602,0,NA,A,PU,NA,NA,NA,NA,FALSE,WEF_GCIHH,WEF_GCIHH_LIFEEXPECT,KGZ,_T,_T,_T,_Z,_Z,_Z,2010,A,RANK,NA
66,602,0,NA,A,PU,NA,NA,NA,NA,FALSE,WEF_GCIHH,WEF_GCIHH_LIFEEXPECT,KGZ,_T,_T,_T,_Z,_Z,_Z,2009,A,YR,NA
97,602,0,NA,A,PU,NA,NA,NA,NA,FALSE,WEF_GCIHH,WEF_GCIHH_LIFEEXPECT,KGZ,_T,_T,_T,_Z,_Z,_Z,2009,A,RANK,NA
66,602,0,NA,A,PU,NA,NA,NA,NA,FALSE,WEF_GCIHH,WEF_GCIHH_LIFEEXPECT,KGZ,_T,_T,_T,_Z,_Z,_Z,2008,A,YR,NA
96,602,0,NA,A,PU,NA,NA,NA,NA,FALSE,WEF_GCIHH,WEF_GCIHH_LIFEEXPECT,KGZ,_T,_T,_T,_Z,_Z,_Z,2008,A,RANK,NA
63,602,0,NA,A,PU,NA,NA,NA,NA,FALSE,WEF_GCIHH,WEF_GCIHH_LIFEEXPECT,KGZ,_T,_T,_T,_Z,_Z,_Z,2007,A,YR,NA
100,602,0,NA,A,PU,NA,NA,NA,NA,FALSE,WEF_GCIHH,WEF_GCIHH_LIFEEXPECT,KGZ,_T,_T,_T,_Z,_Z,_Z,2007,A,RANK,NA
66.54,602,0,NA,A,PU,NA,NA,NA,NA,TRUE,WEF_GCIHH,WEF_GCIHH_LIFEEXPECT,LAO,_T,_T,_T,_Z,_Z,_Z,2017,A,YR,NA
106,602,0,NA,A,PU,NA,NA,NA,NA,TRUE,WEF_GCIHH,WEF_GCIHH_LIFEEXPECT,LAO,_T,_T,_T,_Z,_Z,_Z,2017,A,RANK,NA
66.12,602,0,NA,A,PU,NA,NA,NA,NA,FALSE,WEF_GCIHH,WEF_GCIHH_LIFEEXPECT,LAO,_T,_T,_T,_Z,_Z,_Z,2016,A,YR,NA
109,602,0,NA,A,PU,NA,NA,NA,NA,FALSE,WEF_GCIHH,WEF_GCIHH_LIFEEXPECT,LAO,_T,_T,_T,_Z,_Z,_Z,2016,A,RANK,NA
68.25,602,0,NA,A,PU,NA,NA,NA,NA,FALSE,WEF_GCIHH,WEF_GCIHH_LIFEEXPECT,LAO,_T,_T,_T,_Z,_Z,_Z,2015,A,YR,NA
102,602,0,NA,A,PU,NA,NA,NA,NA,FALSE,WEF_GCIHH,WEF_GCIHH_LIFEEXPECT,LAO,_T,_T,_T,_Z,_Z,_Z,2015,A,RANK,NA
67.81,602,0,NA,A,PU,NA,NA,NA,NA,FALSE,WEF_GCIHH,WEF_GCIHH_LIFEEXPECT,LAO,_T,_T,_T,_Z,_Z,_Z,2014,A,YR,NA
104,602,0,NA,A,PU,NA,NA,NA,NA,FALSE,WEF_GCIHH,WEF_GCIHH_LIFEEXPECT,LAO,_T,_T,_T,_Z,_Z,_Z,2014,A,RANK,NA
67.43,602,0,NA,A,PU,NA,NA,NA,NA,FALSE,WEF_GCIHH,WEF_GCIHH_LIFEEXPECT,LAO,_T,_T,_T,_Z,_Z,_Z,2013,A,YR,NA
107,602,0,NA,A,PU,NA,NA,NA,NA,FALSE,WEF_GCIHH,WEF_GCIHH_LIFEEXPECT,LAO,_T,_T,_T,_Z,_Z,_Z,2013,A,RANK,NA
74.12,602,0,NA,A,PU,NA,NA,NA,NA,TRUE,WEF_GCIHH,WEF_GCIHH_LIFEEXPECT,LVA,_T,_T,_T,_Z,_Z,_Z,2017,A,YR,NA
80,602,0,NA,A,PU,NA,NA,NA,NA,TRUE,WEF_GCIHH,WEF_GCIHH_LIFEEXPECT,LVA,_T,_T,_T,_Z,_Z,_Z,2017,A,RANK,NA
74.19,602,0,NA,A,PU,NA,NA,NA,NA,FALSE,WEF_GCIHH,WEF_GCIHH_LIFEEXPECT,LVA,_T,_T,_T,_Z,_Z,_Z,2016,A,YR,NA
77,602,0,NA,A,PU,NA,NA,NA,NA,FALSE,WEF_GCIHH,WEF_GCIHH_LIFEEXPECT,LVA,_T,_T,_T,_Z,_Z,_Z,2016,A,RANK,NA
73.98,602,0,NA,A,PU,NA,NA,NA,NA,FALSE,WEF_GCIHH,WEF_GCIHH_LIFEEXPECT,LVA,_T,_T,_T,_Z,_Z,_Z,2015,A,YR,NA
75,602,0,NA,A,PU,NA,NA,NA,NA,FALSE,WEF_GCIHH,WEF_GCIHH_LIFEEXPECT,LVA,_T,_T,_T,_Z,_Z,_Z,2015,A,RANK,NA
73.78,602,0,NA,A,PU,NA,NA,NA,NA,FALSE,WEF_GCIHH,WEF_GCIHH_LIFEEXPECT,LVA,_T,_T,_T,_Z,_Z,_Z,2014,A,YR,NA
74,602,0,NA,A,PU,NA,NA,NA,NA,FALSE,WEF_GCIHH,WEF_GCIHH_LIFEEXPECT,LVA,_T,_T,_T,_Z,_Z,_Z,2014,A,RANK,NA
73.58,602,0,NA,A,PU,NA,NA,NA,NA,FALSE,WEF_GCIHH,WEF_GCIHH_LIFEEXPECT,LVA,_T,_T,_T,_Z,_Z,_Z,2013,A,YR,NA
73,602,0,NA,A,PU,NA,NA,NA,NA,FALSE,WEF_GCIHH,WEF_GCIHH_LIFEEXPECT,LVA,_T,_T,_T,_Z,_Z,_Z,2013,A,RANK,NA
73.48,602,0,NA,A,PU,NA,NA,NA,NA,FALSE,WEF_GCIHH,WEF_GCIHH_LIFEEXPECT,LVA,_T,_T,_T,_Z,_Z,_Z,2012,A,YR,NA
70,602,0,NA,A,PU,NA,NA,NA,NA,FALSE,WEF_GCIHH,WEF_GCIHH_LIFEEXPECT,LVA,_T,_T,_T,_Z,_Z,_Z,2012,A,RANK,NA
73.08,602,0,NA,A,PU,NA,NA,NA,NA,FALSE,WEF_GCIHH,WEF_GCIHH_LIFEEXPECT,LVA,_T,_T,_T,_Z,_Z,_Z,2011,A,YR,NA
73,602,0,NA,A,PU,NA,NA,NA,NA,FALSE,WEF_GCIHH,WEF_GCIHH_LIFEEXPECT,LVA,_T,_T,_T,_Z,_Z,_Z,2011,A,RANK,NA
72.24,602,0,NA,A,PU,NA,NA,NA,NA,FALSE,WEF_GCIHH,WEF_GCIHH_LIFEEXPECT,LVA,_T,_T,_T,_Z,_Z,_Z,2010,A,YR,NA
78,602,0,NA,A,PU,NA,NA,NA,NA,FALSE,WEF_GCIHH,WEF_GCIHH_LIFEEXPECT,LVA,_T,_T,_T,_Z,_Z,_Z,2010,A,RANK,NA
71,602,0,NA,A,PU,NA,NA,NA,NA,FALSE,WEF_GCIHH,WEF_GCIHH_LIFEEXPECT,LVA,_T,_T,_T,_Z,_Z,_Z,2009,A,YR,NA
80,602,0,NA,A,PU,NA,NA,NA,NA,FALSE,WEF_GCIHH,WEF_GCIHH_LIFEEXPECT,LVA,_T,_T,_T,_Z,_Z,_Z,2009,A,RANK,NA
71,602,0,NA,A,PU,NA,NA,NA,NA,FALSE,WEF_GCIHH,WEF_GCIHH_LIFEEXPECT,LVA,_T,_T,_T,_Z,_Z,_Z,2008,A,YR,NA
76,602,0,NA,A,PU,NA,NA,NA,NA,FALSE,WEF_GCIHH,WEF_GCIHH_LIFEEXPECT,LVA,_T,_T,_T,_Z,_Z,_Z,2008,A,RANK,NA
71,602,0,NA,A,PU,NA,NA,NA,NA,FALSE,WEF_GCIHH,WEF_GCIHH_LIFEEXPECT,LVA,_T,_T,_T,_Z,_Z,_Z,2007,A,YR,NA
71,602,0,NA,A,PU,NA,NA,NA,NA,FALSE,WEF_GCIHH,WEF_GCIHH_LIFEEXPECT,LVA,_T,_T,_T,_Z,_Z,_Z,2007,A,RANK,NA
79.63,602,0,NA,A,PU,NA,NA,NA,NA,TRUE,WEF_GCIHH,WEF_GCIHH_LIFEEXPECT,LBN,_T,_T,_T,_Z,_Z,_Z,2017,A,YR,NA
32,602,0,NA,A,PU,NA,NA,NA,NA,TRUE,WEF_GCIHH,WEF_GCIHH_LIFEEXPECT,LBN,_T,_T,_T,_Z,_Z,_Z,2017,A,RANK,NA
79.37,602,0,NA,A,PU,NA,NA,NA,NA,FALSE,WEF_GCIHH,WEF_GCIHH_LIFEEXPECT,LBN,_T,_T,_T,_Z,_Z,_Z,2016,A,YR,NA
33,602,0,NA,A,PU,NA,NA,NA,NA,FALSE,WEF_GCIHH,WEF_GCIHH_LIFEEXPECT,LBN,_T,_T,_T,_Z,_Z,_Z,2016,A,RANK,NA
80.13,602,0,NA,A,PU,NA,NA,NA,NA,FALSE,WEF_GCIHH,WEF_GCIHH_LIFEEXPECT,LBN,_T,_T,_T,_Z,_Z,_Z,2015,A,YR,NA
29,602,0,NA,A,PU,NA,NA,NA,NA,FALSE,WEF_GCIHH,WEF_GCIHH_LIFEEXPECT,LBN,_T,_T,_T,_Z,_Z,_Z,2015,A,RANK,NA
79.85,602,0,NA,A,PU,NA,NA,NA,NA,FALSE,WEF_GCIHH,WEF_GCIHH_LIFEEXPECT,LBN,_T,_T,_T,_Z,_Z,_Z,2014,A,YR,NA
30,602,0,NA,A,PU,NA,NA,NA,NA,FALSE,WEF_GCIHH,WEF_GCIHH_LIFEEXPECT,LBN,_T,_T,_T,_Z,_Z,_Z,2014,A,RANK,NA
72.59,602,0,NA,A,PU,NA,NA,NA,NA,FALSE,WEF_GCIHH,WEF_GCIHH_LIFEEXPECT,LBN,_T,_T,_T,_Z,_Z,_Z,2013,A,YR,NA
88,602,0,NA,A,PU,NA,NA,NA,NA,FALSE,WEF_GCIHH,WEF_GCIHH_LIFEEXPECT,LBN,_T,_T,_T,_Z,_Z,_Z,2013,A,RANK,NA
72.41,602,0,NA,A,PU,NA,NA,NA,NA,FALSE,WEF_GCIHH,WEF_GCIHH_LIFEEXPECT,LBN,_T,_T,_T,_Z,_Z,_Z,2012,A,YR,NA
87,602,0,NA,A,PU,NA,NA,NA,NA,FALSE,WEF_GCIHH,WEF_GCIHH_LIFEEXPECT,LBN,_T,_T,_T,_Z,_Z,_Z,2012,A,RANK,NA
72.23,602,0,NA,A,PU,NA,NA,NA,NA,FALSE,WEF_GCIHH,WEF_GCIHH_LIFEEXPECT,LBN,_T,_T,_T,_Z,_Z,_Z,2011,A,YR,NA
81,602,0,NA,A,PU,NA,NA,NA,NA,FALSE,WEF_GCIHH,WEF_GCIHH_LIFEEXPECT,LBN,_T,_T,_T,_Z,_Z,_Z,2011,A,RANK,NA
72.05,602,0,NA,A,PU,NA,NA,NA,NA,FALSE,WEF_GCIHH,WEF_GCIHH_LIFEEXPECT,LBN,_T,_T,_T,_Z,_Z,_Z,2010,A,YR,NA
80,602,0,NA,A,PU,NA,NA,NA,NA,FALSE,WEF_GCIHH,WEF_GCIHH_LIFEEXPECT,LBN,_T,_T,_T,_Z,_Z,_Z,2010,A,RANK,NA
49.96,602,0,NA,A,PU,NA,NA,NA,NA,TRUE,WEF_GCIHH,WEF_GCIHH_LIFEEXPECT,LSO,_T,_T,_T,_Z,_Z,_Z,2017,A,YR,NA
136,602,0,NA,A,PU,NA,NA,NA,NA,TRUE,WEF_GCIHH,WEF_GCIHH_LIFEEXPECT,LSO,_T,_T,_T,_Z,_Z,_Z,2017,A,RANK,NA
49.7,602,0,NA,A,PU,NA,NA,NA,NA,FALSE,WEF_GCIHH,WEF_GCIHH_LIFEEXPECT,LSO,_T,_T,_T,_Z,_Z,_Z,2016,A,YR,NA
138,602,0,NA,A,PU,NA,NA,NA,NA,FALSE,WEF_GCIHH,WEF_GCIHH_LIFEEXPECT,LSO,_T,_T,_T,_Z,_Z,_Z,2016,A,RANK,NA
49.33,602,0,NA,A,PU,NA,NA,NA,NA,FALSE,WEF_GCIHH,WEF_GCIHH_LIFEEXPECT,LSO,_T,_T,_T,_Z,_Z,_Z,2015,A,YR,NA
137,602,0,NA,A,PU,NA,NA,NA,NA,FALSE,WEF_GCIHH,WEF_GCIHH_LIFEEXPECT,LSO,_T,_T,_T,_Z,_Z,_Z,2015,A,RANK,NA
48.84,602,0,NA,A,PU,NA,NA,NA,NA,FALSE,WEF_GCIHH,WEF_GCIHH_LIFEEXPECT,LSO,_T,_T,_T,_Z,_Z,_Z,2014,A,YR,NA
142,602,0,NA,A,PU,NA,NA,NA,NA,FALSE,WEF_GCIHH,WEF_GCIHH_LIFEEXPECT,LSO,_T,_T,_T,_Z,_Z,_Z,2014,A,RANK,NA
47.98,602,0,NA,A,PU,NA,NA,NA,NA,FALSE,WEF_GCIHH,WEF_GCIHH_LIFEEXPECT,LSO,_T,_T,_T,_Z,_Z,_Z,2013,A,YR,NA
147,602,0,NA,A,PU,NA,NA,NA,NA,FALSE,WEF_GCIHH,WEF_GCIHH_LIFEEXPECT,LSO,_T,_T,_T,_Z,_Z,_Z,2013,A,RANK,NA
47.37,602,0,NA,A,PU,NA,NA,NA,NA,FALSE,WEF_GCIHH,WEF_GCIHH_LIFEEXPECT,LSO,_T,_T,_T,_Z,_Z,_Z,2012,A,YR,NA
144,602,0,NA,A,PU,NA,NA,NA,NA,FALSE,WEF_GCIHH,WEF_GCIHH_LIFEEXPECT,LSO,_T,_T,_T,_Z,_Z,_Z,2012,A,RANK,NA
45.35,602,0,NA,A,PU,NA,NA,NA,NA,FALSE,WEF_GCIHH,WEF_GCIHH_LIFEEXPECT,LSO,_T,_T,_T,_Z,_Z,_Z,2011,A,YR,NA
142,602,0,NA,A,PU,NA,NA,NA,NA,FALSE,WEF_GCIHH,WEF_GCIHH_LIFEEXPECT,LSO,_T,_T,_T,_Z,_Z,_Z,2011,A,RANK,NA
44.99,602,0,NA,A,PU,NA,NA,NA,NA,FALSE,WEF_GCIHH,WEF_GCIHH_LIFEEXPECT,LSO,_T,_T,_T,_Z,_Z,_Z,2010,A,YR,NA
138,602,0,NA,A,PU,NA,NA,NA,NA,FALSE,WEF_GCIHH,WEF_GCIHH_LIFEEXPECT,LSO,_T,_T,_T,_Z,_Z,_Z,2010,A,RANK,NA
45,602,0,NA,A,PU,NA,NA,NA,NA,FALSE,WEF_GCIHH,WEF_GCIHH_LIFEEXPECT,LSO,_T,_T,_T,_Z,_Z,_Z,2009,A,YR,NA
132,602,0,NA,A,PU,NA,NA,NA,NA,FALSE,WEF_GCIHH,WEF_GCIHH_LIFEEXPECT,LSO,_T,_T,_T,_Z,_Z,_Z,2009,A,RANK,NA
42,602,0,NA,A,PU,NA,NA,NA,NA,FALSE,WEF_GCIHH,WEF_GCIHH_LIFEEXPECT,LSO,_T,_T,_T,_Z,_Z,_Z,2008,A,YR,NA
134,602,0,NA,A,PU,NA,NA,NA,NA,FALSE,WEF_GCIHH,WEF_GCIHH_LIFEEXPECT,LSO,_T,_T,_T,_Z,_Z,_Z,2008,A,RANK,NA
41,602,0,NA,A,PU,NA,NA,NA,NA,FALSE,WEF_GCIHH,WEF_GCIHH_LIFEEXPECT,LSO,_T,_T,_T,_Z,_Z,_Z,2007,A,YR,NA
128,602,0,NA,A,PU,NA,NA,NA,NA,FALSE,WEF_GCIHH,WEF_GCIHH_LIFEEXPECT,LSO,_T,_T,_T,_Z,_Z,_Z,2007,A,RANK,NA
61.16,602,0,NA,A,PU,NA,NA,NA,NA,TRUE,WEF_GCIHH,WEF_GCIHH_LIFEEXPECT,LBR,_T,_T,_T,_Z,_Z,_Z,2017,A,YR,NA
120,602,0,NA,A,PU,NA,NA,NA,NA,TRUE,WEF_GCIHH,WEF_GCIHH_LIFEEXPECT,LBR,_T,_T,_T,_Z,_Z,_Z,2017,A,RANK,NA
60.83,602,0,NA,A,PU,NA,NA,NA,NA,FALSE,WEF_GCIHH,WEF_GCIHH_LIFEEXPECT,LBR,_T,_T,_T,_Z,_Z,_Z,2016,A,YR,NA
122,602,0,NA,A,PU,NA,NA,NA,NA,FALSE,WEF_GCIHH,WEF_GCIHH_LIFEEXPECT,LBR,_T,_T,_T,_Z,_Z,_Z,2016,A,RANK,NA
60.53,602,0,NA,A,PU,NA,NA,NA,NA,FALSE,WEF_GCIHH,WEF_GCIHH_LIFEEXPECT,LBR,_T,_T,_T,_Z,_Z,_Z,2015,A,YR,NA
121,602,0,NA,A,PU,NA,NA,NA,NA,FALSE,WEF_GCIHH,WEF_GCIHH_LIFEEXPECT,LBR,_T,_T,_T,_Z,_Z,_Z,2015,A,RANK,NA
56.74,602,0,NA,A,PU,NA,NA,NA,NA,FALSE,WEF_GCIHH,WEF_GCIHH_LIFEEXPECT,LBR,_T,_T,_T,_Z,_Z,_Z,2013,A,YR,NA
127,602,0,NA,A,PU,NA,NA,NA,NA,FALSE,WEF_GCIHH,WEF_GCIHH_LIFEEXPECT,LBR,_T,_T,_T,_Z,_Z,_Z,2013,A,RANK,NA
56.15,602,0,NA,A,PU,NA,NA,NA,NA,FALSE,WEF_GCIHH,WEF_GCIHH_LIFEEXPECT,LBR,_T,_T,_T,_Z,_Z,_Z,2012,A,YR,NA
124,602,0,NA,A,PU,NA,NA,NA,NA,FALSE,WEF_GCIHH,WEF_GCIHH_LIFEEXPECT,LBR,_T,_T,_T,_Z,_Z,_Z,2012,A,RANK,NA
75.18,602,0,NA,A,PU,NA,NA,NA,NA,TRUE,WEF_GCIHH,WEF_GCIHH_LIFEEXPECT,LBY,_T,_T,_T,_Z,_Z,_Z,2014,A,YR,NA
54,602,0,NA,A,PU,NA,NA,NA,NA,TRUE,WEF_GCIHH,WEF_GCIHH_LIFEEXPECT,LBY,_T,_T,_T,_Z,_Z,_Z,2014,A,RANK,NA
74.95,602,0,NA,A,PU,NA,NA,NA,NA,FALSE,WEF_GCIHH,WEF_GCIHH_LIFEEXPECT,LBY,_T,_T,_T,_Z,_Z,_Z,2013,A,YR,NA
53,602,0,NA,A,PU,NA,NA,NA,NA,FALSE,WEF_GCIHH,WEF_GCIHH_LIFEEXPECT,LBY,_T,_T,_T,_Z,_Z,_Z,2013,A,RANK,NA
74.75,602,0,NA,A,PU,NA,NA,NA,NA,FALSE,WEF_GCIHH,WEF_GCIHH_LIFEEXPECT,LBY,_T,_T,_T,_Z,_Z,_Z,2012,A,YR,NA
53,602,0,NA,A,PU,NA,NA,NA,NA,FALSE,WEF_GCIHH,WEF_GCIHH_LIFEEXPECT,LBY,_T,_T,_T,_Z,_Z,_Z,2012,A,RANK,NA
74.33,602,0,NA,A,PU,NA,NA,NA,NA,FALSE,WEF_GCIHH,WEF_GCIHH_LIFEEXPECT,LBY,_T,_T,_T,_Z,_Z,_Z,2010,A,YR,NA
55,602,0,NA,A,PU,NA,NA,NA,NA,FALSE,WEF_GCIHH,WEF_GCIHH_LIFEEXPECT,LBY,_T,_T,_T,_Z,_Z,_Z,2010,A,RANK,NA
72,602,0,NA,A,PU,NA,NA,NA,NA,FALSE,WEF_GCIHH,WEF_GCIHH_LIFEEXPECT,LBY,_T,_T,_T,_Z,_Z,_Z,2009,A,YR,NA
69,602,0,NA,A,PU,NA,NA,NA,NA,FALSE,WEF_GCIHH,WEF_GCIHH_LIFEEXPECT,LBY,_T,_T,_T,_Z,_Z,_Z,2009,A,RANK,NA
72,602,0,NA,A,PU,NA,NA,NA,NA,FALSE,WEF_GCIHH,WEF_GCIHH_LIFEEXPECT,LBY,_T,_T,_T,_Z,_Z,_Z,2008,A,YR,NA
66,602,0,NA,A,PU,NA,NA,NA,NA,FALSE,WEF_GCIHH,WEF_GCIHH_LIFEEXPECT,LBY,_T,_T,_T,_Z,_Z,_Z,2008,A,RANK,NA
72,602,0,NA,A,PU,NA,NA,NA,NA,FALSE,WEF_GCIHH,WEF_GCIHH_LIFEEXPECT,LBY,_T,_T,_T,_Z,_Z,_Z,2007,A,YR,NA
56,602,0,NA,A,PU,NA,NA,NA,NA,FALSE,WEF_GCIHH,WEF_GCIHH_LIFEEXPECT,LBY,_T,_T,_T,_Z,_Z,_Z,2007,A,RANK,NA
75.12,602,0,NA,A,PU,NA,NA,NA,NA,TRUE,WEF_GCIHH,WEF_GCIHH_LIFEEXPECT,LTU,_T,_T,_T,_Z,_Z,_Z,2017,A,YR,NA
60,602,0,NA,A,PU,NA,NA,NA,NA,TRUE,WEF_GCIHH,WEF_GCIHH_LIFEEXPECT,LTU,_T,_T,_T,_Z,_Z,_Z,2017,A,RANK,NA
73.97,602,0,NA,A,PU,NA,NA,NA,NA,FALSE,WEF_GCIHH,WEF_GCIHH_LIFEEXPECT,LTU,_T,_T,_T,_Z,_Z,_Z,2016,A,YR,NA
82,602,0,NA,A,PU,NA,NA,NA,NA,FALSE,WEF_GCIHH,WEF_GCIHH_LIFEEXPECT,LTU,_T,_T,_T,_Z,_Z,_Z,2016,A,RANK,NA
74.16,602,0,NA,A,PU,NA,NA,NA,NA,FALSE,WEF_GCIHH,WEF_GCIHH_LIFEEXPECT,LTU,_T,_T,_T,_Z,_Z,_Z,2015,A,YR,NA
72,602,0,NA,A,PU,NA,NA,NA,NA,FALSE,WEF_GCIHH,WEF_GCIHH_LIFEEXPECT,LTU,_T,_T,_T,_Z,_Z,_Z,2015,A,RANK,NA
73.86,602,0,NA,A,PU,NA,NA,NA,NA,FALSE,WEF_GCIHH,WEF_GCIHH_LIFEEXPECT,LTU,_T,_T,_T,_Z,_Z,_Z,2014,A,YR,NA
73,602,0,NA,A,PU,NA,NA,NA,NA,FALSE,WEF_GCIHH,WEF_GCIHH_LIFEEXPECT,LTU,_T,_T,_T,_Z,_Z,_Z,2014,A,RANK,NA
73.56,602,0,NA,A,PU,NA,NA,NA,NA,FALSE,WEF_GCIHH,WEF_GCIHH_LIFEEXPECT,LTU,_T,_T,_T,_Z,_Z,_Z,2013,A,YR,NA
74,602,0,NA,A,PU,NA,NA,NA,NA,FALSE,WEF_GCIHH,WEF_GCIHH_LIFEEXPECT,LTU,_T,_T,_T,_Z,_Z,_Z,2013,A,RANK,NA
73.27,602,0,NA,A,PU,NA,NA,NA,NA,FALSE,WEF_GCIHH,WEF_GCIHH_LIFEEXPECT,LTU,_T,_T,_T,_Z,_Z,_Z,2012,A,YR,NA
76,602,0,NA,A,PU,NA,NA,NA,NA,FALSE,WEF_GCIHH,WEF_GCIHH_LIFEEXPECT,LTU,_T,_T,_T,_Z,_Z,_Z,2012,A,RANK,NA
72.91,602,0,NA,A,PU,NA,NA,NA,NA,FALSE,WEF_GCIHH,WEF_GCIHH_LIFEEXPECT,LTU,_T,_T,_T,_Z,_Z,_Z,2011,A,YR,NA
75,602,0,NA,A,PU,NA,NA,NA,NA,FALSE,WEF_GCIHH,WEF_GCIHH_LIFEEXPECT,LTU,_T,_T,_T,_Z,_Z,_Z,2011,A,RANK,NA
71.82,602,0,NA,A,PU,NA,NA,NA,NA,FALSE,WEF_GCIHH,WEF_GCIHH_LIFEEXPECT,LTU,_T,_T,_T,_Z,_Z,_Z,2010,A,YR,NA
85,602,0,NA,A,PU,NA,NA,NA,NA,FALSE,WEF_GCIHH,WEF_GCIHH_LIFEEXPECT,LTU,_T,_T,_T,_Z,_Z,_Z,2010,A,RANK,NA
71,602,0,NA,A,PU,NA,NA,NA,NA,FALSE,WEF_GCIHH,WEF_GCIHH_LIFEEXPECT,LTU,_T,_T,_T,_Z,_Z,_Z,2009,A,YR,NA
80,602,0,NA,A,PU,NA,NA,NA,NA,FALSE,WEF_GCIHH,WEF_GCIHH_LIFEEXPECT,LTU,_T,_T,_T,_Z,_Z,_Z,2009,A,RANK,NA
71,602,0,NA,A,PU,NA,NA,NA,NA,FALSE,WEF_GCIHH,WEF_GCIHH_LIFEEXPECT,LTU,_T,_T,_T,_Z,_Z,_Z,2008,A,YR,NA
76,602,0,NA,A,PU,NA,NA,NA,NA,FALSE,WEF_GCIHH,WEF_GCIHH_LIFEEXPECT,LTU,_T,_T,_T,_Z,_Z,_Z,2008,A,RANK,NA
72,602,0,NA,A,PU,NA,NA,NA,NA,FALSE,WEF_GCIHH,WEF_GCIHH_LIFEEXPECT,LTU,_T,_T,_T,_Z,_Z,_Z,2007,A,YR,NA
56,602,0,NA,A,PU,NA,NA,NA,NA,FALSE,WEF_GCIHH,WEF_GCIHH_LIFEEXPECT,LTU,_T,_T,_T,_Z,_Z,_Z,2007,A,RANK,NA
82.23,602,0,NA,A,PU,NA,NA,NA,NA,TRUE,WEF_GCIHH,WEF_GCIHH_LIFEEXPECT,LUX,_T,_T,_T,_Z,_Z,_Z,2017,A,YR,NA
11,602,0,NA,A,PU,NA,NA,NA,NA,TRUE,WEF_GCIHH,WEF_GCIHH_LIFEEXPECT,LUX,_T,_T,_T,_Z,_Z,_Z,2017,A,RANK,NA
82.21,602,0,NA,A,PU,NA,NA,NA,NA,FALSE,WEF_GCIHH,WEF_GCIHH_LIFEEXPECT,LUX,_T,_T,_T,_Z,_Z,_Z,2016,A,YR,NA
9,602,0,NA,A,PU,NA,NA,NA,NA,FALSE,WEF_GCIHH,WEF_GCIHH_LIFEEXPECT,LUX,_T,_T,_T,_Z,_Z,_Z,2016,A,RANK,NA
81.8,602,0,NA,A,PU,NA,NA,NA,NA,FALSE,WEF_GCIHH,WEF_GCIHH_LIFEEXPECT,LUX,_T,_T,_T,_Z,_Z,_Z,2015,A,YR,NA
11,602,0,NA,A,PU,NA,NA,NA,NA,FALSE,WEF_GCIHH,WEF_GCIHH_LIFEEXPECT,LUX,_T,_T,_T,_Z,_Z,_Z,2015,A,RANK,NA
81.39,602,0,NA,A,PU,NA,NA,NA,NA,FALSE,WEF_GCIHH,WEF_GCIHH_LIFEEXPECT,LUX,_T,_T,_T,_Z,_Z,_Z,2014,A,YR,NA
14,602,0,NA,A,PU,NA,NA,NA,NA,FALSE,WEF_GCIHH,WEF_GCIHH_LIFEEXPECT,LUX,_T,_T,_T,_Z,_Z,_Z,2014,A,RANK,NA
80.99,602,0,NA,A,PU,NA,NA,NA,NA,FALSE,WEF_GCIHH,WEF_GCIHH_LIFEEXPECT,LUX,_T,_T,_T,_Z,_Z,_Z,2013,A,YR,NA
16,602,0,NA,A,PU,NA,NA,NA,NA,FALSE,WEF_GCIHH,WEF_GCIHH_LIFEEXPECT,LUX,_T,_T,_T,_Z,_Z,_Z,2013,A,RANK,NA
80.09,602,0,NA,A,PU,NA,NA,NA,NA,FALSE,WEF_GCIHH,WEF_GCIHH_LIFEEXPECT,LUX,_T,_T,_T,_Z,_Z,_Z,2012,A,YR,NA
22,602,0,NA,A,PU,NA,NA,NA,NA,FALSE,WEF_GCIHH,WEF_GCIHH_LIFEEXPECT,LUX,_T,_T,_T,_Z,_Z,_Z,2012,A,RANK,NA
80.09,602,0,NA,A,PU,NA,NA,NA,NA,FALSE,WEF_GCIHH,WEF_GCIHH_LIFEEXPECT,LUX,_T,_T,_T,_Z,_Z,_Z,2011,A,YR,NA
19,602,0,NA,A,PU,NA,NA,NA,NA,FALSE,WEF_GCIHH,WEF_GCIHH_LIFEEXPECT,LUX,_T,_T,_T,_Z,_Z,_Z,2011,A,RANK,NA
80.52,602,0,NA,A,PU,NA,NA,NA,NA,FALSE,WEF_GCIHH,WEF_GCIHH_LIFEEXPECT,LUX,_T,_T,_T,_Z,_Z,_Z,2010,A,YR,NA
14,602,0,NA,A,PU,NA,NA,NA,NA,FALSE,WEF_GCIHH,WEF_GCIHH_LIFEEXPECT,LUX,_T,_T,_T,_Z,_Z,_Z,2010,A,RANK,NA
80,602,0,NA,A,PU,NA,NA,NA,NA,FALSE,WEF_GCIHH,WEF_GCIHH_LIFEEXPECT,LUX,_T,_T,_T,_Z,_Z,_Z,2009,A,YR,NA
15,602,0,NA,A,PU,NA,NA,NA,NA,FALSE,WEF_GCIHH,WEF_GCIHH_LIFEEXPECT,LUX,_T,_T,_T,_Z,_Z,_Z,2009,A,RANK,NA
80,602,0,NA,A,PU,NA,NA,NA,NA,FALSE,WEF_GCIHH,WEF_GCIHH_LIFEEXPECT,LUX,_T,_T,_T,_Z,_Z,_Z,2008,A,YR,NA
12,602,0,NA,A,PU,NA,NA,NA,NA,FALSE,WEF_GCIHH,WEF_GCIHH_LIFEEXPECT,LUX,_T,_T,_T,_Z,_Z,_Z,2008,A,RANK,NA
79,602,0,NA,A,PU,NA,NA,NA,NA,FALSE,WEF_GCIHH,WEF_GCIHH_LIFEEXPECT,LUX,_T,_T,_T,_Z,_Z,_Z,2007,A,YR,NA
15,602,0,NA,A,PU,NA,NA,NA,NA,FALSE,WEF_GCIHH,WEF_GCIHH_LIFEEXPECT,LUX,_T,_T,_T,_Z,_Z,_Z,2007,A,RANK,NA
75.34,602,0,NA,A,PU,NA,NA,NA,NA,TRUE,WEF_GCIHH,WEF_GCIHH_LIFEEXPECT,MKD,_T,_T,_T,_Z,_Z,_Z,2016,A,YR,NA
61,602,0,NA,A,PU,NA,NA,NA,NA,TRUE,WEF_GCIHH,WEF_GCIHH_LIFEEXPECT,MKD,_T,_T,_T,_Z,_Z,_Z,2016,A,RANK,NA
75.19,602,0,NA,A,PU,NA,NA,NA,NA,FALSE,WEF_GCIHH,WEF_GCIHH_LIFEEXPECT,MKD,_T,_T,_T,_Z,_Z,_Z,2015,A,YR,NA
55,602,0,NA,A,PU,NA,NA,NA,NA,FALSE,WEF_GCIHH,WEF_GCIHH_LIFEEXPECT,MKD,_T,_T,_T,_Z,_Z,_Z,2015,A,RANK,NA
75.03,602,0,NA,A,PU,NA,NA,NA,NA,FALSE,WEF_GCIHH,WEF_GCIHH_LIFEEXPECT,MKD,_T,_T,_T,_Z,_Z,_Z,2014,A,YR,NA
58,602,0,NA,A,PU,NA,NA,NA,NA,FALSE,WEF_GCIHH,WEF_GCIHH_LIFEEXPECT,MKD,_T,_T,_T,_Z,_Z,_Z,2014,A,RANK,NA
74.79,602,0,NA,A,PU,NA,NA,NA,NA,FALSE,WEF_GCIHH,WEF_GCIHH_LIFEEXPECT,MKD,_T,_T,_T,_Z,_Z,_Z,2013,A,YR,NA
56,602,0,NA,A,PU,NA,NA,NA,NA,FALSE,WEF_GCIHH,WEF_GCIHH_LIFEEXPECT,MKD,_T,_T,_T,_Z,_Z,_Z,2013,A,RANK,NA
74.62,602,0,NA,A,PU,NA,NA,NA,NA,FALSE,WEF_GCIHH,WEF_GCIHH_LIFEEXPECT,MKD,_T,_T,_T,_Z,_Z,_Z,2012,A,YR,NA
55,602,0,NA,A,PU,NA,NA,NA,NA,FALSE,WEF_GCIHH,WEF_GCIHH_LIFEEXPECT,MKD,_T,_T,_T,_Z,_Z,_Z,2012,A,RANK,NA
74.35,602,0,NA,A,PU,NA,NA,NA,NA,FALSE,WEF_GCIHH,WEF_GCIHH_LIFEEXPECT,MKD,_T,_T,_T,_Z,_Z,_Z,2011,A,YR,NA
59,602,0,NA,A,PU,NA,NA,NA,NA,FALSE,WEF_GCIHH,WEF_GCIHH_LIFEEXPECT,MKD,_T,_T,_T,_Z,_Z,_Z,2011,A,RANK,NA
74.21,602,0,NA,A,PU,NA,NA,NA,NA,FALSE,WEF_GCIHH,WEF_GCIHH_LIFEEXPECT,MKD,_T,_T,_T,_Z,_Z,_Z,2010,A,YR,NA
58,602,0,NA,A,PU,NA,NA,NA,NA,FALSE,WEF_GCIHH,WEF_GCIHH_LIFEEXPECT,MKD,_T,_T,_T,_Z,_Z,_Z,2010,A,RANK,NA
74,602,0,NA,A,PU,NA,NA,NA,NA,FALSE,WEF_GCIHH,WEF_GCIHH_LIFEEXPECT,MKD,_T,_T,_T,_Z,_Z,_Z,2009,A,YR,NA
53,602,0,NA,A,PU,NA,NA,NA,NA,FALSE,WEF_GCIHH,WEF_GCIHH_LIFEEXPECT,MKD,_T,_T,_T,_Z,_Z,_Z,2009,A,RANK,NA
73,602,0,NA,A,PU,NA,NA,NA,NA,FALSE,WEF_GCIHH,WEF_GCIHH_LIFEEXPECT,MKD,_T,_T,_T,_Z,_Z,_Z,2008,A,YR,NA
55,602,0,NA,A,PU,NA,NA,NA,NA,FALSE,WEF_GCIHH,WEF_GCIHH_LIFEEXPECT,MKD,_T,_T,_T,_Z,_Z,_Z,2008,A,RANK,NA
72,602,0,NA,A,PU,NA,NA,NA,NA,FALSE,WEF_GCIHH,WEF_GCIHH_LIFEEXPECT,MKD,_T,_T,_T,_Z,_Z,_Z,2007,A,YR,NA
56,602,0,NA,A,PU,NA,NA,NA,NA,FALSE,WEF_GCIHH,WEF_GCIHH_LIFEEXPECT,MKD,_T,_T,_T,_Z,_Z,_Z,2007,A,RANK,NA
65.48,602,0,NA,A,PU,NA,NA,NA,NA,TRUE,WEF_GCIHH,WEF_GCIHH_LIFEEXPECT,MDG,_T,_T,_T,_Z,_Z,_Z,2017,A,YR,NA
109,602,0,NA,A,PU,NA,NA,NA,NA,TRUE,WEF_GCIHH,WEF_GCIHH_LIFEEXPECT,MDG,_T,_T,_T,_Z,_Z,_Z,2017,A,RANK,NA
65.09,602,0,NA,A,PU,NA,NA,NA,NA,FALSE,WEF_GCIHH,WEF_GCIHH_LIFEEXPECT,MDG,_T,_T,_T,_Z,_Z,_Z,2016,A,YR,NA
110,602,0,NA,A,PU,NA,NA,NA,NA,FALSE,WEF_GCIHH,WEF_GCIHH_LIFEEXPECT,MDG,_T,_T,_T,_Z,_Z,_Z,2016,A,RANK,NA
64.69,602,0,NA,A,PU,NA,NA,NA,NA,FALSE,WEF_GCIHH,WEF_GCIHH_LIFEEXPECT,MDG,_T,_T,_T,_Z,_Z,_Z,2015,A,YR,NA
110,602,0,NA,A,PU,NA,NA,NA,NA,FALSE,WEF_GCIHH,WEF_GCIHH_LIFEEXPECT,MDG,_T,_T,_T,_Z,_Z,_Z,2015,A,RANK,NA
64.25,602,0,NA,A,PU,NA,NA,NA,NA,FALSE,WEF_GCIHH,WEF_GCIHH_LIFEEXPECT,MDG,_T,_T,_T,_Z,_Z,_Z,2014,A,YR,NA
113,602,0,NA,A,PU,NA,NA,NA,NA,FALSE,WEF_GCIHH,WEF_GCIHH_LIFEEXPECT,MDG,_T,_T,_T,_Z,_Z,_Z,2014,A,RANK,NA
66.7,602,0,NA,A,PU,NA,NA,NA,NA,FALSE,WEF_GCIHH,WEF_GCIHH_LIFEEXPECT,MDG,_T,_T,_T,_Z,_Z,_Z,2013,A,YR,NA
109,602,0,NA,A,PU,NA,NA,NA,NA,FALSE,WEF_GCIHH,WEF_GCIHH_LIFEEXPECT,MDG,_T,_T,_T,_Z,_Z,_Z,2013,A,RANK,NA
66.47,602,0,NA,A,PU,NA,NA,NA,NA,FALSE,WEF_GCIHH,WEF_GCIHH_LIFEEXPECT,MDG,_T,_T,_T,_Z,_Z,_Z,2012,A,YR,NA
107,602,0,NA,A,PU,NA,NA,NA,NA,FALSE,WEF_GCIHH,WEF_GCIHH_LIFEEXPECT,MDG,_T,_T,_T,_Z,_Z,_Z,2012,A,RANK,NA
60.79,602,0,NA,A,PU,NA,NA,NA,NA,FALSE,WEF_GCIHH,WEF_GCIHH_LIFEEXPECT,MDG,_T,_T,_T,_Z,_Z,_Z,2011,A,YR,NA
117,602,0,NA,A,PU,NA,NA,NA,NA,FALSE,WEF_GCIHH,WEF_GCIHH_LIFEEXPECT,MDG,_T,_T,_T,_Z,_Z,_Z,2011,A,RANK,NA
60.34,602,0,NA,A,PU,NA,NA,NA,NA,FALSE,WEF_GCIHH,WEF_GCIHH_LIFEEXPECT,MDG,_T,_T,_T,_Z,_Z,_Z,2010,A,YR,NA
114,602,0,NA,A,PU,NA,NA,NA,NA,FALSE,WEF_GCIHH,WEF_GCIHH_LIFEEXPECT,MDG,_T,_T,_T,_Z,_Z,_Z,2010,A,RANK,NA
59,602,0,NA,A,PU,NA,NA,NA,NA,FALSE,WEF_GCIHH,WEF_GCIHH_LIFEEXPECT,MDG,_T,_T,_T,_Z,_Z,_Z,2009,A,YR,NA
109,602,0,NA,A,PU,NA,NA,NA,NA,FALSE,WEF_GCIHH,WEF_GCIHH_LIFEEXPECT,MDG,_T,_T,_T,_Z,_Z,_Z,2009,A,RANK,NA
59,602,0,NA,A,PU,NA,NA,NA,NA,FALSE,WEF_GCIHH,WEF_GCIHH_LIFEEXPECT,MDG,_T,_T,_T,_Z,_Z,_Z,2008,A,YR,NA
111,602,0,NA,A,PU,NA,NA,NA,NA,FALSE,WEF_GCIHH,WEF_GCIHH_LIFEEXPECT,MDG,_T,_T,_T,_Z,_Z,_Z,2008,A,RANK,NA
57,602,0,NA,A,PU,NA,NA,NA,NA,FALSE,WEF_GCIHH,WEF_GCIHH_LIFEEXPECT,MDG,_T,_T,_T,_Z,_Z,_Z,2007,A,YR,NA
110,602,0,NA,A,PU,NA,NA,NA,NA,FALSE,WEF_GCIHH,WEF_GCIHH_LIFEEXPECT,MDG,_T,_T,_T,_Z,_Z,_Z,2007,A,RANK,NA
63.8,602,0,NA,A,PU,NA,NA,NA,NA,TRUE,WEF_GCIHH,WEF_GCIHH_LIFEEXPECT,MWI,_T,_T,_T,_Z,_Z,_Z,2017,A,YR,NA
115,602,0,NA,A,PU,NA,NA,NA,NA,TRUE,WEF_GCIHH,WEF_GCIHH_LIFEEXPECT,MWI,_T,_T,_T,_Z,_Z,_Z,2017,A,RANK,NA
62.72,602,0,NA,A,PU,NA,NA,NA,NA,FALSE,WEF_GCIHH,WEF_GCIHH_LIFEEXPECT,MWI,_T,_T,_T,_Z,_Z,_Z,2016,A,YR,NA
119,602,0,NA,A,PU,NA,NA,NA,NA,FALSE,WEF_GCIHH,WEF_GCIHH_LIFEEXPECT,MWI,_T,_T,_T,_Z,_Z,_Z,2016,A,RANK,NA
55.23,602,0,NA,A,PU,NA,NA,NA,NA,FALSE,WEF_GCIHH,WEF_GCIHH_LIFEEXPECT,MWI,_T,_T,_T,_Z,_Z,_Z,2015,A,YR,NA
129,602,0,NA,A,PU,NA,NA,NA,NA,FALSE,WEF_GCIHH,WEF_GCIHH_LIFEEXPECT,MWI,_T,_T,_T,_Z,_Z,_Z,2015,A,RANK,NA
54.72,602,0,NA,A,PU,NA,NA,NA,NA,FALSE,WEF_GCIHH,WEF_GCIHH_LIFEEXPECT,MWI,_T,_T,_T,_Z,_Z,_Z,2014,A,YR,NA
132,602,0,NA,A,PU,NA,NA,NA,NA,FALSE,WEF_GCIHH,WEF_GCIHH_LIFEEXPECT,MWI,_T,_T,_T,_Z,_Z,_Z,2014,A,RANK,NA
54.14,602,0,NA,A,PU,NA,NA,NA,NA,FALSE,WEF_GCIHH,WEF_GCIHH_LIFEEXPECT,MWI,_T,_T,_T,_Z,_Z,_Z,2013,A,YR,NA
132,602,0,NA,A,PU,NA,NA,NA,NA,FALSE,WEF_GCIHH,WEF_GCIHH_LIFEEXPECT,MWI,_T,_T,_T,_Z,_Z,_Z,2013,A,RANK,NA
53.46,602,0,NA,A,PU,NA,NA,NA,NA,FALSE,WEF_GCIHH,WEF_GCIHH_LIFEEXPECT,MWI,_T,_T,_T,_Z,_Z,_Z,2012,A,YR,NA
131,602,0,NA,A,PU,NA,NA,NA,NA,FALSE,WEF_GCIHH,WEF_GCIHH_LIFEEXPECT,MWI,_T,_T,_T,_Z,_Z,_Z,2012,A,RANK,NA
53.81,602,0,NA,A,PU,NA,NA,NA,NA,FALSE,WEF_GCIHH,WEF_GCIHH_LIFEEXPECT,MWI,_T,_T,_T,_Z,_Z,_Z,2011,A,YR,NA
127,602,0,NA,A,PU,NA,NA,NA,NA,FALSE,WEF_GCIHH,WEF_GCIHH_LIFEEXPECT,MWI,_T,_T,_T,_Z,_Z,_Z,2011,A,RANK,NA
53.06,602,0,NA,A,PU,NA,NA,NA,NA,FALSE,WEF_GCIHH,WEF_GCIHH_LIFEEXPECT,MWI,_T,_T,_T,_Z,_Z,_Z,2010,A,YR,NA
124,602,0,NA,A,PU,NA,NA,NA,NA,FALSE,WEF_GCIHH,WEF_GCIHH_LIFEEXPECT,MWI,_T,_T,_T,_Z,_Z,_Z,2010,A,RANK,NA
50,602,0,NA,A,PU,NA,NA,NA,NA,FALSE,WEF_GCIHH,WEF_GCIHH_LIFEEXPECT,MWI,_T,_T,_T,_Z,_Z,_Z,2009,A,YR,NA
123,602,0,NA,A,PU,NA,NA,NA,NA,FALSE,WEF_GCIHH,WEF_GCIHH_LIFEEXPECT,MWI,_T,_T,_T,_Z,_Z,_Z,2009,A,RANK,NA
50,602,0,NA,A,PU,NA,NA,NA,NA,FALSE,WEF_GCIHH,WEF_GCIHH_LIFEEXPECT,MWI,_T,_T,_T,_Z,_Z,_Z,2008,A,YR,NA
123,602,0,NA,A,PU,NA,NA,NA,NA,FALSE,WEF_GCIHH,WEF_GCIHH_LIFEEXPECT,MWI,_T,_T,_T,_Z,_Z,_Z,2008,A,RANK,NA
74.88,602,0,NA,A,PU,NA,NA,NA,NA,TRUE,WEF_GCIHH,WEF_GCIHH_LIFEEXPECT,MYS,_T,_T,_T,_Z,_Z,_Z,2017,A,YR,NA
66,602,0,NA,A,PU,NA,NA,NA,NA,TRUE,WEF_GCIHH,WEF_GCIHH_LIFEEXPECT,MYS,_T,_T,_T,_Z,_Z,_Z,2017,A,RANK,NA
74.72,602,0,NA,A,PU,NA,NA,NA,NA,FALSE,WEF_GCIHH,WEF_GCIHH_LIFEEXPECT,MYS,_T,_T,_T,_Z,_Z,_Z,2016,A,YR,NA
67,602,0,NA,A,PU,NA,NA,NA,NA,FALSE,WEF_GCIHH,WEF_GCIHH_LIFEEXPECT,MYS,_T,_T,_T,_Z,_Z,_Z,2016,A,RANK,NA
75.02,602,0,NA,A,PU,NA,NA,NA,NA,FALSE,WEF_GCIHH,WEF_GCIHH_LIFEEXPECT,MYS,_T,_T,_T,_Z,_Z,_Z,2015,A,YR,NA
58,602,0,NA,A,PU,NA,NA,NA,NA,FALSE,WEF_GCIHH,WEF_GCIHH_LIFEEXPECT,MYS,_T,_T,_T,_Z,_Z,_Z,2015,A,RANK,NA
74.84,602,0,NA,A,PU,NA,NA,NA,NA,FALSE,WEF_GCIHH,WEF_GCIHH_LIFEEXPECT,MYS,_T,_T,_T,_Z,_Z,_Z,2014,A,YR,NA
60,602,0,NA,A,PU,NA,NA,NA,NA,FALSE,WEF_GCIHH,WEF_GCIHH_LIFEEXPECT,MYS,_T,_T,_T,_Z,_Z,_Z,2014,A,RANK,NA
74.26,602,0,NA,A,PU,NA,NA,NA,NA,FALSE,WEF_GCIHH,WEF_GCIHH_LIFEEXPECT,MYS,_T,_T,_T,_Z,_Z,_Z,2013,A,YR,NA
63,602,0,NA,A,PU,NA,NA,NA,NA,FALSE,WEF_GCIHH,WEF_GCIHH_LIFEEXPECT,MYS,_T,_T,_T,_Z,_Z,_Z,2013,A,RANK,NA
74.02,602,0,NA,A,PU,NA,NA,NA,NA,FALSE,WEF_GCIHH,WEF_GCIHH_LIFEEXPECT,MYS,_T,_T,_T,_Z,_Z,_Z,2012,A,YR,NA
60,602,0,NA,A,PU,NA,NA,NA,NA,FALSE,WEF_GCIHH,WEF_GCIHH_LIFEEXPECT,MYS,_T,_T,_T,_Z,_Z,_Z,2012,A,RANK,NA
74.58,602,0,NA,A,PU,NA,NA,NA,NA,FALSE,WEF_GCIHH,WEF_GCIHH_LIFEEXPECT,MYS,_T,_T,_T,_Z,_Z,_Z,2011,A,YR,NA
55,602,0,NA,A,PU,NA,NA,NA,NA,FALSE,WEF_GCIHH,WEF_GCIHH_LIFEEXPECT,MYS,_T,_T,_T,_Z,_Z,_Z,2011,A,RANK,NA
74.38,602,0,NA,A,PU,NA,NA,NA,NA,FALSE,WEF_GCIHH,WEF_GCIHH_LIFEEXPECT,MYS,_T,_T,_T,_Z,_Z,_Z,2010,A,YR,NA
53,602,0,NA,A,PU,NA,NA,NA,NA,FALSE,WEF_GCIHH,WEF_GCIHH_LIFEEXPECT,MYS,_T,_T,_T,_Z,_Z,_Z,2010,A,RANK,NA
72,602,0,NA,A,PU,NA,NA,NA,NA,FALSE,WEF_GCIHH,WEF_GCIHH_LIFEEXPECT,MYS,_T,_T,_T,_Z,_Z,_Z,2009,A,YR,NA
69,602,0,NA,A,PU,NA,NA,NA,NA,FALSE,WEF_GCIHH,WEF_GCIHH_LIFEEXPECT,MYS,_T,_T,_T,_Z,_Z,_Z,2009,A,RANK,NA
72,602,0,NA,A,PU,NA,NA,NA,NA,FALSE,WEF_GCIHH,WEF_GCIHH_LIFEEXPECT,MYS,_T,_T,_T,_Z,_Z,_Z,2008,A,YR,NA
66,602,0,NA,A,PU,NA,NA,NA,NA,FALSE,WEF_GCIHH,WEF_GCIHH_LIFEEXPECT,MYS,_T,_T,_T,_Z,_Z,_Z,2008,A,RANK,NA
72,602,0,NA,A,PU,NA,NA,NA,NA,FALSE,WEF_GCIHH,WEF_GCIHH_LIFEEXPECT,MYS,_T,_T,_T,_Z,_Z,_Z,2007,A,YR,NA
56,602,0,NA,A,PU,NA,NA,NA,NA,FALSE,WEF_GCIHH,WEF_GCIHH_LIFEEXPECT,MYS,_T,_T,_T,_Z,_Z,_Z,2007,A,RANK,NA
58.46,602,0,NA,A,PU,NA,NA,NA,NA,TRUE,WEF_GCIHH,WEF_GCIHH_LIFEEXPECT,MLI,_T,_T,_T,_Z,_Z,_Z,2017,A,YR,NA
128,602,0,NA,A,PU,NA,NA,NA,NA,TRUE,WEF_GCIHH,WEF_GCIHH_LIFEEXPECT,MLI,_T,_T,_T,_Z,_Z,_Z,2017,A,RANK,NA
57.99,602,0,NA,A,PU,NA,NA,NA,NA,FALSE,WEF_GCIHH,WEF_GCIHH_LIFEEXPECT,MLI,_T,_T,_T,_Z,_Z,_Z,2016,A,YR,NA
128,602,0,NA,A,PU,NA,NA,NA,NA,FALSE,WEF_GCIHH,WEF_GCIHH_LIFEEXPECT,MLI,_T,_T,_T,_Z,_Z,_Z,2016,A,RANK,NA
55.01,602,0,NA,A,PU,NA,NA,NA,NA,FALSE,WEF_GCIHH,WEF_GCIHH_LIFEEXPECT,MLI,_T,_T,_T,_Z,_Z,_Z,2015,A,YR,NA
131,602,0,NA,A,PU,NA,NA,NA,NA,FALSE,WEF_GCIHH,WEF_GCIHH_LIFEEXPECT,MLI,_T,_T,_T,_Z,_Z,_Z,2015,A,RANK,NA
54.6,602,0,NA,A,PU,NA,NA,NA,NA,FALSE,WEF_GCIHH,WEF_GCIHH_LIFEEXPECT,MLI,_T,_T,_T,_Z,_Z,_Z,2014,A,YR,NA
133,602,0,NA,A,PU,NA,NA,NA,NA,FALSE,WEF_GCIHH,WEF_GCIHH_LIFEEXPECT,MLI,_T,_T,_T,_Z,_Z,_Z,2014,A,RANK,NA
51.37,602,0,NA,A,PU,NA,NA,NA,NA,FALSE,WEF_GCIHH,WEF_GCIHH_LIFEEXPECT,MLI,_T,_T,_T,_Z,_Z,_Z,2013,A,YR,NA
139,602,0,NA,A,PU,NA,NA,NA,NA,FALSE,WEF_GCIHH,WEF_GCIHH_LIFEEXPECT,MLI,_T,_T,_T,_Z,_Z,_Z,2013,A,RANK,NA
50.95,602,0,NA,A,PU,NA,NA,NA,NA,FALSE,WEF_GCIHH,WEF_GCIHH_LIFEEXPECT,MLI,_T,_T,_T,_Z,_Z,_Z,2012,A,YR,NA
136,602,0,NA,A,PU,NA,NA,NA,NA,FALSE,WEF_GCIHH,WEF_GCIHH_LIFEEXPECT,MLI,_T,_T,_T,_Z,_Z,_Z,2012,A,RANK,NA
48.81,602,0,NA,A,PU,NA,NA,NA,NA,FALSE,WEF_GCIHH,WEF_GCIHH_LIFEEXPECT,MLI,_T,_T,_T,_Z,_Z,_Z,2011,A,YR,NA
135,602,0,NA,A,PU,NA,NA,NA,NA,FALSE,WEF_GCIHH,WEF_GCIHH_LIFEEXPECT,MLI,_T,_T,_T,_Z,_Z,_Z,2011,A,RANK,NA
48.43,602,0,NA,A,PU,NA,NA,NA,NA,FALSE,WEF_GCIHH,WEF_GCIHH_LIFEEXPECT,MLI,_T,_T,_T,_Z,_Z,_Z,2010,A,YR,NA
132,602,0,NA,A,PU,NA,NA,NA,NA,FALSE,WEF_GCIHH,WEF_GCIHH_LIFEEXPECT,MLI,_T,_T,_T,_Z,_Z,_Z,2010,A,RANK,NA
49,602,0,NA,A,PU,NA,NA,NA,NA,FALSE,WEF_GCIHH,WEF_GCIHH_LIFEEXPECT,MLI,_T,_T,_T,_Z,_Z,_Z,2009,A,YR,NA
124,602,0,NA,A,PU,NA,NA,NA,NA,FALSE,WEF_GCIHH,WEF_GCIHH_LIFEEXPECT,MLI,_T,_T,_T,_Z,_Z,_Z,2009,A,RANK,NA
46,602,0,NA,A,PU,NA,NA,NA,NA,FALSE,WEF_GCIHH,WEF_GCIHH_LIFEEXPECT,MLI,_T,_T,_T,_Z,_Z,_Z,2008,A,YR,NA
130,602,0,NA,A,PU,NA,NA,NA,NA,FALSE,WEF_GCIHH,WEF_GCIHH_LIFEEXPECT,MLI,_T,_T,_T,_Z,_Z,_Z,2008,A,RANK,NA
46,602,0,NA,A,PU,NA,NA,NA,NA,FALSE,WEF_GCIHH,WEF_GCIHH_LIFEEXPECT,MLI,_T,_T,_T,_Z,_Z,_Z,2007,A,YR,NA
123,602,0,NA,A,PU,NA,NA,NA,NA,FALSE,WEF_GCIHH,WEF_GCIHH_LIFEEXPECT,MLI,_T,_T,_T,_Z,_Z,_Z,2007,A,RANK,NA
81.95,602,0,NA,A,PU,NA,NA,NA,NA,TRUE,WEF_GCIHH,WEF_GCIHH_LIFEEXPECT,MLT,_T,_T,_T,_Z,_Z,_Z,2017,A,YR,NA
16,602,0,NA,A,PU,NA,NA,NA,NA,TRUE,WEF_GCIHH,WEF_GCIHH_LIFEEXPECT,MLT,_T,_T,_T,_Z,_Z,_Z,2017,A,RANK,NA
81.75,602,0,NA,A,PU,NA,NA,NA,NA,FALSE,WEF_GCIHH,WEF_GCIHH_LIFEEXPECT,MLT,_T,_T,_T,_Z,_Z,_Z,2016,A,YR,NA
16,602,0,NA,A,PU,NA,NA,NA,NA,FALSE,WEF_GCIHH,WEF_GCIHH_LIFEEXPECT,MLT,_T,_T,_T,_Z,_Z,_Z,2016,A,RANK,NA
80.75,602,0,NA,A,PU,NA,NA,NA,NA,FALSE,WEF_GCIHH,WEF_GCIHH_LIFEEXPECT,MLT,_T,_T,_T,_Z,_Z,_Z,2015,A,YR,NA
23,602,0,NA,A,PU,NA,NA,NA,NA,FALSE,WEF_GCIHH,WEF_GCIHH_LIFEEXPECT,MLT,_T,_T,_T,_Z,_Z,_Z,2015,A,RANK,NA
80.75,602,0,NA,A,PU,NA,NA,NA,NA,FALSE,WEF_GCIHH,WEF_GCIHH_LIFEEXPECT,MLT,_T,_T,_T,_Z,_Z,_Z,2014,A,YR,NA
22,602,0,NA,A,PU,NA,NA,NA,NA,FALSE,WEF_GCIHH,WEF_GCIHH_LIFEEXPECT,MLT,_T,_T,_T,_Z,_Z,_Z,2014,A,RANK,NA
82,602,0,NA,A,PU,NA,NA,NA,NA,FALSE,WEF_GCIHH,WEF_GCIHH_LIFEEXPECT,MLT,_T,_T,_T,_Z,_Z,_Z,2013,A,YR,NA
7,602,0,NA,A,PU,NA,NA,NA,NA,FALSE,WEF_GCIHH,WEF_GCIHH_LIFEEXPECT,MLT,_T,_T,_T,_Z,_Z,_Z,2013,A,RANK,NA
80.95,602,0,NA,A,PU,NA,NA,NA,NA,FALSE,WEF_GCIHH,WEF_GCIHH_LIFEEXPECT,MLT,_T,_T,_T,_Z,_Z,_Z,2012,A,YR,NA
13,602,0,NA,A,PU,NA,NA,NA,NA,FALSE,WEF_GCIHH,WEF_GCIHH_LIFEEXPECT,MLT,_T,_T,_T,_Z,_Z,_Z,2012,A,RANK,NA
79.9,602,0,NA,A,PU,NA,NA,NA,NA,FALSE,WEF_GCIHH,WEF_GCIHH_LIFEEXPECT,MLT,_T,_T,_T,_Z,_Z,_Z,2011,A,YR,NA
23,602,0,NA,A,PU,NA,NA,NA,NA,FALSE,WEF_GCIHH,WEF_GCIHH_LIFEEXPECT,MLT,_T,_T,_T,_Z,_Z,_Z,2011,A,RANK,NA
79.64,602,0,NA,A,PU,NA,NA,NA,NA,FALSE,WEF_GCIHH,WEF_GCIHH_LIFEEXPECT,MLT,_T,_T,_T,_Z,_Z,_Z,2010,A,YR,NA
26,602,0,NA,A,PU,NA,NA,NA,NA,FALSE,WEF_GCIHH,WEF_GCIHH_LIFEEXPECT,MLT,_T,_T,_T,_Z,_Z,_Z,2010,A,RANK,NA
80,602,0,NA,A,PU,NA,NA,NA,NA,FALSE,WEF_GCIHH,WEF_GCIHH_LIFEEXPECT,MLT,_T,_T,_T,_Z,_Z,_Z,2009,A,YR,NA
15,602,0,NA,A,PU,NA,NA,NA,NA,FALSE,WEF_GCIHH,WEF_GCIHH_LIFEEXPECT,MLT,_T,_T,_T,_Z,_Z,_Z,2009,A,RANK,NA
79,602,0,NA,A,PU,NA,NA,NA,NA,FALSE,WEF_GCIHH,WEF_GCIHH_LIFEEXPECT,MLT,_T,_T,_T,_Z,_Z,_Z,2008,A,YR,NA
22,602,0,NA,A,PU,NA,NA,NA,NA,FALSE,WEF_GCIHH,WEF_GCIHH_LIFEEXPECT,MLT,_T,_T,_T,_Z,_Z,_Z,2008,A,RANK,NA
79,602,0,NA,A,PU,NA,NA,NA,NA,FALSE,WEF_GCIHH,WEF_GCIHH_LIFEEXPECT,MLT,_T,_T,_T,_Z,_Z,_Z,2007,A,YR,NA
15,602,0,NA,A,PU,NA,NA,NA,NA,FALSE,WEF_GCIHH,WEF_GCIHH_LIFEEXPECT,MLT,_T,_T,_T,_Z,_Z,_Z,2007,A,RANK,NA
63.2,602,0,NA,A,PU,NA,NA,NA,NA,TRUE,WEF_GCIHH,WEF_GCIHH_LIFEEXPECT,MRT,_T,_T,_T,_Z,_Z,_Z,2017,A,YR,NA
116,602,0,NA,A,PU,NA,NA,NA,NA,TRUE,WEF_GCIHH,WEF_GCIHH_LIFEEXPECT,MRT,_T,_T,_T,_Z,_Z,_Z,2017,A,RANK,NA
63.02,602,0,NA,A,PU,NA,NA,NA,NA,FALSE,WEF_GCIHH,WEF_GCIHH_LIFEEXPECT,MRT,_T,_T,_T,_Z,_Z,_Z,2016,A,YR,NA
118,602,0,NA,A,PU,NA,NA,NA,NA,FALSE,WEF_GCIHH,WEF_GCIHH_LIFEEXPECT,MRT,_T,_T,_T,_Z,_Z,_Z,2016,A,RANK,NA
61.51,602,0,NA,A,PU,NA,NA,NA,NA,FALSE,WEF_GCIHH,WEF_GCIHH_LIFEEXPECT,MRT,_T,_T,_T,_Z,_Z,_Z,2015,A,YR,NA
118,602,0,NA,A,PU,NA,NA,NA,NA,FALSE,WEF_GCIHH,WEF_GCIHH_LIFEEXPECT,MRT,_T,_T,_T,_Z,_Z,_Z,2015,A,RANK,NA
61.35,602,0,NA,A,PU,NA,NA,NA,NA,FALSE,WEF_GCIHH,WEF_GCIHH_LIFEEXPECT,MRT,_T,_T,_T,_Z,_Z,_Z,2014,A,YR,NA
121,602,0,NA,A,PU,NA,NA,NA,NA,FALSE,WEF_GCIHH,WEF_GCIHH_LIFEEXPECT,MRT,_T,_T,_T,_Z,_Z,_Z,2014,A,RANK,NA
58.55,602,0,NA,A,PU,NA,NA,NA,NA,FALSE,WEF_GCIHH,WEF_GCIHH_LIFEEXPECT,MRT,_T,_T,_T,_Z,_Z,_Z,2013,A,YR,NA
123,602,0,NA,A,PU,NA,NA,NA,NA,FALSE,WEF_GCIHH,WEF_GCIHH_LIFEEXPECT,MRT,_T,_T,_T,_Z,_Z,_Z,2013,A,RANK,NA
58.22,602,0,NA,A,PU,NA,NA,NA,NA,FALSE,WEF_GCIHH,WEF_GCIHH_LIFEEXPECT,MRT,_T,_T,_T,_Z,_Z,_Z,2012,A,YR,NA
120,602,0,NA,A,PU,NA,NA,NA,NA,FALSE,WEF_GCIHH,WEF_GCIHH_LIFEEXPECT,MRT,_T,_T,_T,_Z,_Z,_Z,2012,A,RANK,NA
56.97,602,0,NA,A,PU,NA,NA,NA,NA,FALSE,WEF_GCIHH,WEF_GCIHH_LIFEEXPECT,MRT,_T,_T,_T,_Z,_Z,_Z,2011,A,YR,NA
119,602,0,NA,A,PU,NA,NA,NA,NA,FALSE,WEF_GCIHH,WEF_GCIHH_LIFEEXPECT,MRT,_T,_T,_T,_Z,_Z,_Z,2011,A,RANK,NA
56.73,602,0,NA,A,PU,NA,NA,NA,NA,FALSE,WEF_GCIHH,WEF_GCIHH_LIFEEXPECT,MRT,_T,_T,_T,_Z,_Z,_Z,2010,A,YR,NA
116,602,0,NA,A,PU,NA,NA,NA,NA,FALSE,WEF_GCIHH,WEF_GCIHH_LIFEEXPECT,MRT,_T,_T,_T,_Z,_Z,_Z,2010,A,RANK,NA
58,602,0,NA,A,PU,NA,NA,NA,NA,FALSE,WEF_GCIHH,WEF_GCIHH_LIFEEXPECT,MRT,_T,_T,_T,_Z,_Z,_Z,2009,A,YR,NA
113,602,0,NA,A,PU,NA,NA,NA,NA,FALSE,WEF_GCIHH,WEF_GCIHH_LIFEEXPECT,MRT,_T,_T,_T,_Z,_Z,_Z,2009,A,RANK,NA
58,602,0,NA,A,PU,NA,NA,NA,NA,FALSE,WEF_GCIHH,WEF_GCIHH_LIFEEXPECT,MRT,_T,_T,_T,_Z,_Z,_Z,2008,A,YR,NA
114,602,0,NA,A,PU,NA,NA,NA,NA,FALSE,WEF_GCIHH,WEF_GCIHH_LIFEEXPECT,MRT,_T,_T,_T,_Z,_Z,_Z,2008,A,RANK,NA
58,602,0,NA,A,PU,NA,NA,NA,NA,FALSE,WEF_GCIHH,WEF_GCIHH_LIFEEXPECT,MRT,_T,_T,_T,_Z,_Z,_Z,2007,A,YR,NA
109,602,0,NA,A,PU,NA,NA,NA,NA,FALSE,WEF_GCIHH,WEF_GCIHH_LIFEEXPECT,MRT,_T,_T,_T,_Z,_Z,_Z,2007,A,RANK,NA
74.35,602,0,NA,A,PU,NA,NA,NA,NA,TRUE,WEF_GCIHH,WEF_GCIHH_LIFEEXPECT,MUS,_T,_T,_T,_Z,_Z,_Z,2017,A,YR,NA
76,602,0,NA,A,PU,NA,NA,NA,NA,TRUE,WEF_GCIHH,WEF_GCIHH_LIFEEXPECT,MUS,_T,_T,_T,_Z,_Z,_Z,2017,A,RANK,NA
74.19,602,0,NA,A,PU,NA,NA,NA,NA,FALSE,WEF_GCIHH,WEF_GCIHH_LIFEEXPECT,MUS,_T,_T,_T,_Z,_Z,_Z,2016,A,YR,NA
76,602,0,NA,A,PU,NA,NA,NA,NA,FALSE,WEF_GCIHH,WEF_GCIHH_LIFEEXPECT,MUS,_T,_T,_T,_Z,_Z,_Z,2016,A,RANK,NA
74.46,602,0,NA,A,PU,NA,NA,NA,NA,FALSE,WEF_GCIHH,WEF_GCIHH_LIFEEXPECT,MUS,_T,_T,_T,_Z,_Z,_Z,2015,A,YR,NA
68,602,0,NA,A,PU,NA,NA,NA,NA,FALSE,WEF_GCIHH,WEF_GCIHH_LIFEEXPECT,MUS,_T,_T,_T,_Z,_Z,_Z,2015,A,RANK,NA
73.57,602,0,NA,A,PU,NA,NA,NA,NA,FALSE,WEF_GCIHH,WEF_GCIHH_LIFEEXPECT,MUS,_T,_T,_T,_Z,_Z,_Z,2014,A,YR,NA
79,602,0,NA,A,PU,NA,NA,NA,NA,FALSE,WEF_GCIHH,WEF_GCIHH_LIFEEXPECT,MUS,_T,_T,_T,_Z,_Z,_Z,2014,A,RANK,NA
73.27,602,0,NA,A,PU,NA,NA,NA,NA,FALSE,WEF_GCIHH,WEF_GCIHH_LIFEEXPECT,MUS,_T,_T,_T,_Z,_Z,_Z,2013,A,YR,NA
82,602,0,NA,A,PU,NA,NA,NA,NA,FALSE,WEF_GCIHH,WEF_GCIHH_LIFEEXPECT,MUS,_T,_T,_T,_Z,_Z,_Z,2013,A,RANK,NA
72.97,602,0,NA,A,PU,NA,NA,NA,NA,FALSE,WEF_GCIHH,WEF_GCIHH_LIFEEXPECT,MUS,_T,_T,_T,_Z,_Z,_Z,2012,A,YR,NA
82,602,0,NA,A,PU,NA,NA,NA,NA,FALSE,WEF_GCIHH,WEF_GCIHH_LIFEEXPECT,MUS,_T,_T,_T,_Z,_Z,_Z,2012,A,RANK,NA
72.64,602,0,NA,A,PU,NA,NA,NA,NA,FALSE,WEF_GCIHH,WEF_GCIHH_LIFEEXPECT,MUS,_T,_T,_T,_Z,_Z,_Z,2011,A,YR,NA
78,602,0,NA,A,PU,NA,NA,NA,NA,FALSE,WEF_GCIHH,WEF_GCIHH_LIFEEXPECT,MUS,_T,_T,_T,_Z,_Z,_Z,2011,A,RANK,NA
72.57,602,0,NA,A,PU,NA,NA,NA,NA,FALSE,WEF_GCIHH,WEF_GCIHH_LIFEEXPECT,MUS,_T,_T,_T,_Z,_Z,_Z,2010,A,YR,NA
75,602,0,NA,A,PU,NA,NA,NA,NA,FALSE,WEF_GCIHH,WEF_GCIHH_LIFEEXPECT,MUS,_T,_T,_T,_Z,_Z,_Z,2010,A,RANK,NA
73,602,0,NA,A,PU,NA,NA,NA,NA,FALSE,WEF_GCIHH,WEF_GCIHH_LIFEEXPECT,MUS,_T,_T,_T,_Z,_Z,_Z,2009,A,YR,NA
59,602,0,NA,A,PU,NA,NA,NA,NA,FALSE,WEF_GCIHH,WEF_GCIHH_LIFEEXPECT,MUS,_T,_T,_T,_Z,_Z,_Z,2009,A,RANK,NA
73,602,0,NA,A,PU,NA,NA,NA,NA,FALSE,WEF_GCIHH,WEF_GCIHH_LIFEEXPECT,MUS,_T,_T,_T,_Z,_Z,_Z,2008,A,YR,NA
55,602,0,NA,A,PU,NA,NA,NA,NA,FALSE,WEF_GCIHH,WEF_GCIHH_LIFEEXPECT,MUS,_T,_T,_T,_Z,_Z,_Z,2008,A,RANK,NA
72,602,0,NA,A,PU,NA,NA,NA,NA,FALSE,WEF_GCIHH,WEF_GCIHH_LIFEEXPECT,MUS,_T,_T,_T,_Z,_Z,_Z,2007,A,YR,NA
56,602,0,NA,A,PU,NA,NA,NA,NA,FALSE,WEF_GCIHH,WEF_GCIHH_LIFEEXPECT,MUS,_T,_T,_T,_Z,_Z,_Z,2007,A,RANK,NA
76.92,602,0,NA,A,PU,NA,NA,NA,NA,TRUE,WEF_GCIHH,WEF_GCIHH_LIFEEXPECT,MEX,_T,_T,_T,_Z,_Z,_Z,2017,A,YR,NA
47,602,0,NA,A,PU,NA,NA,NA,NA,TRUE,WEF_GCIHH,WEF_GCIHH_LIFEEXPECT,MEX,_T,_T,_T,_Z,_Z,_Z,2017,A,RANK,NA
76.72,602,0,NA,A,PU,NA,NA,NA,NA,FALSE,WEF_GCIHH,WEF_GCIHH_LIFEEXPECT,MEX,_T,_T,_T,_Z,_Z,_Z,2016,A,YR,NA
46,602,0,NA,A,PU,NA,NA,NA,NA,FALSE,WEF_GCIHH,WEF_GCIHH_LIFEEXPECT,MEX,_T,_T,_T,_Z,_Z,_Z,2016,A,RANK,NA
77.35,602,0,NA,A,PU,NA,NA,NA,NA,FALSE,WEF_GCIHH,WEF_GCIHH_LIFEEXPECT,MEX,_T,_T,_T,_Z,_Z,_Z,2015,A,YR,NA
39,602,0,NA,A,PU,NA,NA,NA,NA,FALSE,WEF_GCIHH,WEF_GCIHH_LIFEEXPECT,MEX,_T,_T,_T,_Z,_Z,_Z,2015,A,RANK,NA
77.14,602,0,NA,A,PU,NA,NA,NA,NA,FALSE,WEF_GCIHH,WEF_GCIHH_LIFEEXPECT,MEX,_T,_T,_T,_Z,_Z,_Z,2014,A,YR,NA
40,602,0,NA,A,PU,NA,NA,NA,NA,FALSE,WEF_GCIHH,WEF_GCIHH_LIFEEXPECT,MEX,_T,_T,_T,_Z,_Z,_Z,2014,A,RANK,NA
76.89,602,0,NA,A,PU,NA,NA,NA,NA,FALSE,WEF_GCIHH,WEF_GCIHH_LIFEEXPECT,MEX,_T,_T,_T,_Z,_Z,_Z,2013,A,YR,NA
39,602,0,NA,A,PU,NA,NA,NA,NA,FALSE,WEF_GCIHH,WEF_GCIHH_LIFEEXPECT,MEX,_T,_T,_T,_Z,_Z,_Z,2013,A,RANK,NA
76.68,602,0,NA,A,PU,NA,NA,NA,NA,FALSE,WEF_GCIHH,WEF_GCIHH_LIFEEXPECT,MEX,_T,_T,_T,_Z,_Z,_Z,2012,A,YR,NA
39,602,0,NA,A,PU,NA,NA,NA,NA,FALSE,WEF_GCIHH,WEF_GCIHH_LIFEEXPECT,MEX,_T,_T,_T,_Z,_Z,_Z,2012,A,RANK,NA
75.3,602,0,NA,A,PU,NA,NA,NA,NA,FALSE,WEF_GCIHH,WEF_GCIHH_LIFEEXPECT,MEX,_T,_T,_T,_Z,_Z,_Z,2011,A,YR,NA
50,602,0,NA,A,PU,NA,NA,NA,NA,FALSE,WEF_GCIHH,WEF_GCIHH_LIFEEXPECT,MEX,_T,_T,_T,_Z,_Z,_Z,2011,A,RANK,NA
75.07,602,0,NA,A,PU,NA,NA,NA,NA,FALSE,WEF_GCIHH,WEF_GCIHH_LIFEEXPECT,MEX,_T,_T,_T,_Z,_Z,_Z,2010,A,YR,NA
51,602,0,NA,A,PU,NA,NA,NA,NA,FALSE,WEF_GCIHH,WEF_GCIHH_LIFEEXPECT,MEX,_T,_T,_T,_Z,_Z,_Z,2010,A,RANK,NA
76,602,0,NA,A,PU,NA,NA,NA,NA,FALSE,WEF_GCIHH,WEF_GCIHH_LIFEEXPECT,MEX,_T,_T,_T,_Z,_Z,_Z,2009,A,YR,NA
38,602,0,NA,A,PU,NA,NA,NA,NA,FALSE,WEF_GCIHH,WEF_GCIHH_LIFEEXPECT,MEX,_T,_T,_T,_Z,_Z,_Z,2009,A,RANK,NA
74,602,0,NA,A,PU,NA,NA,NA,NA,FALSE,WEF_GCIHH,WEF_GCIHH_LIFEEXPECT,MEX,_T,_T,_T,_Z,_Z,_Z,2008,A,YR,NA
50,602,0,NA,A,PU,NA,NA,NA,NA,FALSE,WEF_GCIHH,WEF_GCIHH_LIFEEXPECT,MEX,_T,_T,_T,_Z,_Z,_Z,2008,A,RANK,NA
74,602,0,NA,A,PU,NA,NA,NA,NA,FALSE,WEF_GCIHH,WEF_GCIHH_LIFEEXPECT,MEX,_T,_T,_T,_Z,_Z,_Z,2007,A,YR,NA
46,602,0,NA,A,PU,NA,NA,NA,NA,FALSE,WEF_GCIHH,WEF_GCIHH_LIFEEXPECT,MEX,_T,_T,_T,_Z,_Z,_Z,2007,A,RANK,NA
71.63,602,0,NA,A,PU,NA,NA,NA,NA,TRUE,WEF_GCIHH,WEF_GCIHH_LIFEEXPECT,MDA,_T,_T,_T,_Z,_Z,_Z,2017,A,YR,NA
90,602,0,NA,A,PU,NA,NA,NA,NA,TRUE,WEF_GCIHH,WEF_GCIHH_LIFEEXPECT,MDA,_T,_T,_T,_Z,_Z,_Z,2017,A,RANK,NA
71.46,602,0,NA,A,PU,NA,NA,NA,NA,FALSE,WEF_GCIHH,WEF_GCIHH_LIFEEXPECT,MDA,_T,_T,_T,_Z,_Z,_Z,2016,A,YR,NA
91,602,0,NA,A,PU,NA,NA,NA,NA,FALSE,WEF_GCIHH,WEF_GCIHH_LIFEEXPECT,MDA,_T,_T,_T,_Z,_Z,_Z,2016,A,RANK,NA
68.81,602,0,NA,A,PU,NA,NA,NA,NA,FALSE,WEF_GCIHH,WEF_GCIHH_LIFEEXPECT,MDA,_T,_T,_T,_Z,_Z,_Z,2015,A,YR,NA
98,602,0,NA,A,PU,NA,NA,NA,NA,FALSE,WEF_GCIHH,WEF_GCIHH_LIFEEXPECT,MDA,_T,_T,_T,_Z,_Z,_Z,2015,A,RANK,NA
68.69,602,0,NA,A,PU,NA,NA,NA,NA,FALSE,WEF_GCIHH,WEF_GCIHH_LIFEEXPECT,MDA,_T,_T,_T,_Z,_Z,_Z,2014,A,YR,NA
100,602,0,NA,A,PU,NA,NA,NA,NA,FALSE,WEF_GCIHH,WEF_GCIHH_LIFEEXPECT,MDA,_T,_T,_T,_Z,_Z,_Z,2014,A,RANK,NA
69.21,602,0,NA,A,PU,NA,NA,NA,NA,FALSE,WEF_GCIHH,WEF_GCIHH_LIFEEXPECT,MDA,_T,_T,_T,_Z,_Z,_Z,2013,A,YR,NA
100,602,0,NA,A,PU,NA,NA,NA,NA,FALSE,WEF_GCIHH,WEF_GCIHH_LIFEEXPECT,MDA,_T,_T,_T,_Z,_Z,_Z,2013,A,RANK,NA
68.9,602,0,NA,A,PU,NA,NA,NA,NA,FALSE,WEF_GCIHH,WEF_GCIHH_LIFEEXPECT,MDA,_T,_T,_T,_Z,_Z,_Z,2012,A,YR,NA
98,602,0,NA,A,PU,NA,NA,NA,NA,FALSE,WEF_GCIHH,WEF_GCIHH_LIFEEXPECT,MDA,_T,_T,_T,_Z,_Z,_Z,2012,A,RANK,NA
68.62,602,0,NA,A,PU,NA,NA,NA,NA,FALSE,WEF_GCIHH,WEF_GCIHH_LIFEEXPECT,MDA,_T,_T,_T,_Z,_Z,_Z,2011,A,YR,NA
100,602,0,NA,A,PU,NA,NA,NA,NA,FALSE,WEF_GCIHH,WEF_GCIHH_LIFEEXPECT,MDA,_T,_T,_T,_Z,_Z,_Z,2011,A,RANK,NA
68.44,602,0,NA,A,PU,NA,NA,NA,NA,FALSE,WEF_GCIHH,WEF_GCIHH_LIFEEXPECT,MDA,_T,_T,_T,_Z,_Z,_Z,2010,A,YR,NA
97,602,0,NA,A,PU,NA,NA,NA,NA,FALSE,WEF_GCIHH,WEF_GCIHH_LIFEEXPECT,MDA,_T,_T,_T,_Z,_Z,_Z,2010,A,RANK,NA
69.82,602,0,NA,A,PU,NA,NA,NA,NA,TRUE,WEF_GCIHH,WEF_GCIHH_LIFEEXPECT,MNG,_T,_T,_T,_Z,_Z,_Z,2017,A,YR,NA
99,602,0,NA,A,PU,NA,NA,NA,NA,TRUE,WEF_GCIHH,WEF_GCIHH_LIFEEXPECT,MNG,_T,_T,_T,_Z,_Z,_Z,2017,A,RANK,NA
69.46,602,0,NA,A,PU,NA,NA,NA,NA,FALSE,WEF_GCIHH,WEF_GCIHH_LIFEEXPECT,MNG,_T,_T,_T,_Z,_Z,_Z,2016,A,YR,NA
101,602,0,NA,A,PU,NA,NA,NA,NA,FALSE,WEF_GCIHH,WEF_GCIHH_LIFEEXPECT,MNG,_T,_T,_T,_Z,_Z,_Z,2016,A,RANK,NA
67.55,602,0,NA,A,PU,NA,NA,NA,NA,FALSE,WEF_GCIHH,WEF_GCIHH_LIFEEXPECT,MNG,_T,_T,_T,_Z,_Z,_Z,2015,A,YR,NA
103,602,0,NA,A,PU,NA,NA,NA,NA,FALSE,WEF_GCIHH,WEF_GCIHH_LIFEEXPECT,MNG,_T,_T,_T,_Z,_Z,_Z,2015,A,RANK,NA
67.34,602,0,NA,A,PU,NA,NA,NA,NA,FALSE,WEF_GCIHH,WEF_GCIHH_LIFEEXPECT,MNG,_T,_T,_T,_Z,_Z,_Z,2014,A,YR,NA
105,602,0,NA,A,PU,NA,NA,NA,NA,FALSE,WEF_GCIHH,WEF_GCIHH_LIFEEXPECT,MNG,_T,_T,_T,_Z,_Z,_Z,2014,A,RANK,NA
68.49,602,0,NA,A,PU,NA,NA,NA,NA,FALSE,WEF_GCIHH,WEF_GCIHH_LIFEEXPECT,MNG,_T,_T,_T,_Z,_Z,_Z,2013,A,YR,NA
106,602,0,NA,A,PU,NA,NA,NA,NA,FALSE,WEF_GCIHH,WEF_GCIHH_LIFEEXPECT,MNG,_T,_T,_T,_Z,_Z,_Z,2013,A,RANK,NA
68.19,602,0,NA,A,PU,NA,NA,NA,NA,FALSE,WEF_GCIHH,WEF_GCIHH_LIFEEXPECT,MNG,_T,_T,_T,_Z,_Z,_Z,2012,A,YR,NA
105,602,0,NA,A,PU,NA,NA,NA,NA,FALSE,WEF_GCIHH,WEF_GCIHH_LIFEEXPECT,MNG,_T,_T,_T,_Z,_Z,_Z,2012,A,RANK,NA
66.92,602,0,NA,A,PU,NA,NA,NA,NA,FALSE,WEF_GCIHH,WEF_GCIHH_LIFEEXPECT,MNG,_T,_T,_T,_Z,_Z,_Z,2011,A,YR,NA
106,602,0,NA,A,PU,NA,NA,NA,NA,FALSE,WEF_GCIHH,WEF_GCIHH_LIFEEXPECT,MNG,_T,_T,_T,_Z,_Z,_Z,2011,A,RANK,NA
66.57,602,0,NA,A,PU,NA,NA,NA,NA,FALSE,WEF_GCIHH,WEF_GCIHH_LIFEEXPECT,MNG,_T,_T,_T,_Z,_Z,_Z,2010,A,YR,NA
104,602,0,NA,A,PU,NA,NA,NA,NA,FALSE,WEF_GCIHH,WEF_GCIHH_LIFEEXPECT,MNG,_T,_T,_T,_Z,_Z,_Z,2010,A,RANK,NA
64,602,0,NA,A,PU,NA,NA,NA,NA,FALSE,WEF_GCIHH,WEF_GCIHH_LIFEEXPECT,MNG,_T,_T,_T,_Z,_Z,_Z,2009,A,YR,NA
100,602,0,NA,A,PU,NA,NA,NA,NA,FALSE,WEF_GCIHH,WEF_GCIHH_LIFEEXPECT,MNG,_T,_T,_T,_Z,_Z,_Z,2009,A,RANK,NA
66,602,0,NA,A,PU,NA,NA,NA,NA,FALSE,WEF_GCIHH,WEF_GCIHH_LIFEEXPECT,MNG,_T,_T,_T,_Z,_Z,_Z,2008,A,YR,NA
96,602,0,NA,A,PU,NA,NA,NA,NA,FALSE,WEF_GCIHH,WEF_GCIHH_LIFEEXPECT,MNG,_T,_T,_T,_Z,_Z,_Z,2008,A,RANK,NA
65,602,0,NA,A,PU,NA,NA,NA,NA,FALSE,WEF_GCIHH,WEF_GCIHH_LIFEEXPECT,MNG,_T,_T,_T,_Z,_Z,_Z,2007,A,YR,NA
96,602,0,NA,A,PU,NA,NA,NA,NA,FALSE,WEF_GCIHH,WEF_GCIHH_LIFEEXPECT,MNG,_T,_T,_T,_Z,_Z,_Z,2007,A,RANK,NA
76.34,602,0,NA,A,PU,NA,NA,NA,NA,TRUE,WEF_GCIHH,WEF_GCIHH_LIFEEXPECT,MNE,_T,_T,_T,_Z,_Z,_Z,2017,A,YR,NA
50,602,0,NA,A,PU,NA,NA,NA,NA,TRUE,WEF_GCIHH,WEF_GCIHH_LIFEEXPECT,MNE,_T,_T,_T,_Z,_Z,_Z,2017,A,RANK,NA
76.18,602,0,NA,A,PU,NA,NA,NA,NA,FALSE,WEF_GCIHH,WEF_GCIHH_LIFEEXPECT,MNE,_T,_T,_T,_Z,_Z,_Z,2016,A,YR,NA
50,602,0,NA,A,PU,NA,NA,NA,NA,FALSE,WEF_GCIHH,WEF_GCIHH_LIFEEXPECT,MNE,_T,_T,_T,_Z,_Z,_Z,2016,A,RANK,NA
74.76,602,0,NA,A,PU,NA,NA,NA,NA,FALSE,WEF_GCIHH,WEF_GCIHH_LIFEEXPECT,MNE,_T,_T,_T,_Z,_Z,_Z,2015,A,YR,NA
62,602,0,NA,A,PU,NA,NA,NA,NA,FALSE,WEF_GCIHH,WEF_GCIHH_LIFEEXPECT,MNE,_T,_T,_T,_Z,_Z,_Z,2015,A,RANK,NA
74.65,602,0,NA,A,PU,NA,NA,NA,NA,FALSE,WEF_GCIHH,WEF_GCIHH_LIFEEXPECT,MNE,_T,_T,_T,_Z,_Z,_Z,2014,A,YR,NA
61,602,0,NA,A,PU,NA,NA,NA,NA,FALSE,WEF_GCIHH,WEF_GCIHH_LIFEEXPECT,MNE,_T,_T,_T,_Z,_Z,_Z,2014,A,RANK,NA
74.5,602,0,NA,A,PU,NA,NA,NA,NA,FALSE,WEF_GCIHH,WEF_GCIHH_LIFEEXPECT,MNE,_T,_T,_T,_Z,_Z,_Z,2013,A,YR,NA
61,602,0,NA,A,PU,NA,NA,NA,NA,FALSE,WEF_GCIHH,WEF_GCIHH_LIFEEXPECT,MNE,_T,_T,_T,_Z,_Z,_Z,2013,A,RANK,NA
74.31,602,0,NA,A,PU,NA,NA,NA,NA,FALSE,WEF_GCIHH,WEF_GCIHH_LIFEEXPECT,MNE,_T,_T,_T,_Z,_Z,_Z,2012,A,YR,NA
57,602,0,NA,A,PU,NA,NA,NA,NA,FALSE,WEF_GCIHH,WEF_GCIHH_LIFEEXPECT,MNE,_T,_T,_T,_Z,_Z,_Z,2012,A,RANK,NA
74.27,602,0,NA,A,PU,NA,NA,NA,NA,FALSE,WEF_GCIHH,WEF_GCIHH_LIFEEXPECT,MNE,_T,_T,_T,_Z,_Z,_Z,2011,A,YR,NA
60,602,0,NA,A,PU,NA,NA,NA,NA,FALSE,WEF_GCIHH,WEF_GCIHH_LIFEEXPECT,MNE,_T,_T,_T,_Z,_Z,_Z,2011,A,RANK,NA
74.1,602,0,NA,A,PU,NA,NA,NA,NA,FALSE,WEF_GCIHH,WEF_GCIHH_LIFEEXPECT,MNE,_T,_T,_T,_Z,_Z,_Z,2010,A,YR,NA
60,602,0,NA,A,PU,NA,NA,NA,NA,FALSE,WEF_GCIHH,WEF_GCIHH_LIFEEXPECT,MNE,_T,_T,_T,_Z,_Z,_Z,2010,A,RANK,NA
74,602,0,NA,A,PU,NA,NA,NA,NA,FALSE,WEF_GCIHH,WEF_GCIHH_LIFEEXPECT,MNE,_T,_T,_T,_Z,_Z,_Z,2009,A,YR,NA
53,602,0,NA,A,PU,NA,NA,NA,NA,FALSE,WEF_GCIHH,WEF_GCIHH_LIFEEXPECT,MNE,_T,_T,_T,_Z,_Z,_Z,2009,A,RANK,NA
74.1,602,0,NA,A,PU,NA,NA,NA,NA,FALSE,WEF_GCIHH,WEF_GCIHH_LIFEEXPECT,MNE,_T,_T,_T,_Z,_Z,_Z,2008,A,YR,NA
49,602,0,NA,A,PU,NA,NA,NA,NA,FALSE,WEF_GCIHH,WEF_GCIHH_LIFEEXPECT,MNE,_T,_T,_T,_Z,_Z,_Z,2008,A,RANK,NA
73,602,0,NA,A,PU,NA,NA,NA,NA,FALSE,WEF_GCIHH,WEF_GCIHH_LIFEEXPECT,MNE,_T,_T,_T,_Z,_Z,_Z,2007,A,YR,NA
51,602,0,NA,A,PU,NA,NA,NA,NA,FALSE,WEF_GCIHH,WEF_GCIHH_LIFEEXPECT,MNE,_T,_T,_T,_Z,_Z,_Z,2007,A,RANK,NA
74.29,602,0,NA,A,PU,NA,NA,NA,NA,TRUE,WEF_GCIHH,WEF_GCIHH_LIFEEXPECT,MAR,_T,_T,_T,_Z,_Z,_Z,2017,A,YR,NA
77,602,0,NA,A,PU,NA,NA,NA,NA,TRUE,WEF_GCIHH,WEF_GCIHH_LIFEEXPECT,MAR,_T,_T,_T,_Z,_Z,_Z,2017,A,RANK,NA
74.02,602,0,NA,A,PU,NA,NA,NA,NA,FALSE,WEF_GCIHH,WEF_GCIHH_LIFEEXPECT,MAR,_T,_T,_T,_Z,_Z,_Z,2016,A,YR,NA
80,602,0,NA,A,PU,NA,NA,NA,NA,FALSE,WEF_GCIHH,WEF_GCIHH_LIFEEXPECT,MAR,_T,_T,_T,_Z,_Z,_Z,2016,A,RANK,NA
70.87,602,0,NA,A,PU,NA,NA,NA,NA,FALSE,WEF_GCIHH,WEF_GCIHH_LIFEEXPECT,MAR,_T,_T,_T,_Z,_Z,_Z,2015,A,YR,NA
91,602,0,NA,A,PU,NA,NA,NA,NA,FALSE,WEF_GCIHH,WEF_GCIHH_LIFEEXPECT,MAR,_T,_T,_T,_Z,_Z,_Z,2015,A,RANK,NA
70.64,602,0,NA,A,PU,NA,NA,NA,NA,FALSE,WEF_GCIHH,WEF_GCIHH_LIFEEXPECT,MAR,_T,_T,_T,_Z,_Z,_Z,2014,A,YR,NA
92,602,0,NA,A,PU,NA,NA,NA,NA,FALSE,WEF_GCIHH,WEF_GCIHH_LIFEEXPECT,MAR,_T,_T,_T,_Z,_Z,_Z,2014,A,RANK,NA
72.13,602,0,NA,A,PU,NA,NA,NA,NA,FALSE,WEF_GCIHH,WEF_GCIHH_LIFEEXPECT,MAR,_T,_T,_T,_Z,_Z,_Z,2013,A,YR,NA
90,602,0,NA,A,PU,NA,NA,NA,NA,FALSE,WEF_GCIHH,WEF_GCIHH_LIFEEXPECT,MAR,_T,_T,_T,_Z,_Z,_Z,2013,A,RANK,NA
71.86,602,0,NA,A,PU,NA,NA,NA,NA,FALSE,WEF_GCIHH,WEF_GCIHH_LIFEEXPECT,MAR,_T,_T,_T,_Z,_Z,_Z,2012,A,YR,NA
89,602,0,NA,A,PU,NA,NA,NA,NA,FALSE,WEF_GCIHH,WEF_GCIHH_LIFEEXPECT,MAR,_T,_T,_T,_Z,_Z,_Z,2012,A,RANK,NA
71.59,602,0,NA,A,PU,NA,NA,NA,NA,FALSE,WEF_GCIHH,WEF_GCIHH_LIFEEXPECT,MAR,_T,_T,_T,_Z,_Z,_Z,2011,A,YR,NA
88,602,0,NA,A,PU,NA,NA,NA,NA,FALSE,WEF_GCIHH,WEF_GCIHH_LIFEEXPECT,MAR,_T,_T,_T,_Z,_Z,_Z,2011,A,RANK,NA
71.29,602,0,NA,A,PU,NA,NA,NA,NA,FALSE,WEF_GCIHH,WEF_GCIHH_LIFEEXPECT,MAR,_T,_T,_T,_Z,_Z,_Z,2010,A,YR,NA
88,602,0,NA,A,PU,NA,NA,NA,NA,FALSE,WEF_GCIHH,WEF_GCIHH_LIFEEXPECT,MAR,_T,_T,_T,_Z,_Z,_Z,2010,A,RANK,NA
72,602,0,NA,A,PU,NA,NA,NA,NA,FALSE,WEF_GCIHH,WEF_GCIHH_LIFEEXPECT,MAR,_T,_T,_T,_Z,_Z,_Z,2009,A,YR,NA
69,602,0,NA,A,PU,NA,NA,NA,NA,FALSE,WEF_GCIHH,WEF_GCIHH_LIFEEXPECT,MAR,_T,_T,_T,_Z,_Z,_Z,2009,A,RANK,NA
72,602,0,NA,A,PU,NA,NA,NA,NA,FALSE,WEF_GCIHH,WEF_GCIHH_LIFEEXPECT,MAR,_T,_T,_T,_Z,_Z,_Z,2008,A,YR,NA
66,602,0,NA,A,PU,NA,NA,NA,NA,FALSE,WEF_GCIHH,WEF_GCIHH_LIFEEXPECT,MAR,_T,_T,_T,_Z,_Z,_Z,2008,A,RANK,NA
71,602,0,NA,A,PU,NA,NA,NA,NA,FALSE,WEF_GCIHH,WEF_GCIHH_LIFEEXPECT,MAR,_T,_T,_T,_Z,_Z,_Z,2007,A,YR,NA
71,602,0,NA,A,PU,NA,NA,NA,NA,FALSE,WEF_GCIHH,WEF_GCIHH_LIFEEXPECT,MAR,_T,_T,_T,_Z,_Z,_Z,2007,A,RANK,NA
55.37,602,0,NA,A,PU,NA,NA,NA,NA,TRUE,WEF_GCIHH,WEF_GCIHH_LIFEEXPECT,MOZ,_T,_T,_T,_Z,_Z,_Z,2017,A,YR,NA
132,602,0,NA,A,PU,NA,NA,NA,NA,TRUE,WEF_GCIHH,WEF_GCIHH_LIFEEXPECT,MOZ,_T,_T,_T,_Z,_Z,_Z,2017,A,RANK,NA
55.03,602,0,NA,A,PU,NA,NA,NA,NA,FALSE,WEF_GCIHH,WEF_GCIHH_LIFEEXPECT,MOZ,_T,_T,_T,_Z,_Z,_Z,2016,A,YR,NA
133,602,0,NA,A,PU,NA,NA,NA,NA,FALSE,WEF_GCIHH,WEF_GCIHH_LIFEEXPECT,MOZ,_T,_T,_T,_Z,_Z,_Z,2016,A,RANK,NA
50.17,602,0,NA,A,PU,NA,NA,NA,NA,FALSE,WEF_GCIHH,WEF_GCIHH_LIFEEXPECT,MOZ,_T,_T,_T,_Z,_Z,_Z,2015,A,YR,NA
136,602,0,NA,A,PU,NA,NA,NA,NA,FALSE,WEF_GCIHH,WEF_GCIHH_LIFEEXPECT,MOZ,_T,_T,_T,_Z,_Z,_Z,2015,A,RANK,NA
49.84,602,0,NA,A,PU,NA,NA,NA,NA,FALSE,WEF_GCIHH,WEF_GCIHH_LIFEEXPECT,MOZ,_T,_T,_T,_Z,_Z,_Z,2014,A,YR,NA
140,602,0,NA,A,PU,NA,NA,NA,NA,FALSE,WEF_GCIHH,WEF_GCIHH_LIFEEXPECT,MOZ,_T,_T,_T,_Z,_Z,_Z,2014,A,RANK,NA
50.15,602,0,NA,A,PU,NA,NA,NA,NA,FALSE,WEF_GCIHH,WEF_GCIHH_LIFEEXPECT,MOZ,_T,_T,_T,_Z,_Z,_Z,2013,A,YR,NA
143,602,0,NA,A,PU,NA,NA,NA,NA,FALSE,WEF_GCIHH,WEF_GCIHH_LIFEEXPECT,MOZ,_T,_T,_T,_Z,_Z,_Z,2013,A,RANK,NA
49.7,602,0,NA,A,PU,NA,NA,NA,NA,FALSE,WEF_GCIHH,WEF_GCIHH_LIFEEXPECT,MOZ,_T,_T,_T,_Z,_Z,_Z,2012,A,YR,NA
139,602,0,NA,A,PU,NA,NA,NA,NA,FALSE,WEF_GCIHH,WEF_GCIHH_LIFEEXPECT,MOZ,_T,_T,_T,_Z,_Z,_Z,2012,A,RANK,NA
48.08,602,0,NA,A,PU,NA,NA,NA,NA,FALSE,WEF_GCIHH,WEF_GCIHH_LIFEEXPECT,MOZ,_T,_T,_T,_Z,_Z,_Z,2011,A,YR,NA
137,602,0,NA,A,PU,NA,NA,NA,NA,FALSE,WEF_GCIHH,WEF_GCIHH_LIFEEXPECT,MOZ,_T,_T,_T,_Z,_Z,_Z,2011,A,RANK,NA
47.89,602,0,NA,A,PU,NA,NA,NA,NA,FALSE,WEF_GCIHH,WEF_GCIHH_LIFEEXPECT,MOZ,_T,_T,_T,_Z,_Z,_Z,2010,A,YR,NA
134,602,0,NA,A,PU,NA,NA,NA,NA,FALSE,WEF_GCIHH,WEF_GCIHH_LIFEEXPECT,MOZ,_T,_T,_T,_Z,_Z,_Z,2010,A,RANK,NA
48,602,0,NA,A,PU,NA,NA,NA,NA,FALSE,WEF_GCIHH,WEF_GCIHH_LIFEEXPECT,MOZ,_T,_T,_T,_Z,_Z,_Z,2009,A,YR,NA
128,602,0,NA,A,PU,NA,NA,NA,NA,FALSE,WEF_GCIHH,WEF_GCIHH_LIFEEXPECT,MOZ,_T,_T,_T,_Z,_Z,_Z,2009,A,RANK,NA
50,602,0,NA,A,PU,NA,NA,NA,NA,FALSE,WEF_GCIHH,WEF_GCIHH_LIFEEXPECT,MOZ,_T,_T,_T,_Z,_Z,_Z,2008,A,YR,NA
123,602,0,NA,A,PU,NA,NA,NA,NA,FALSE,WEF_GCIHH,WEF_GCIHH_LIFEEXPECT,MOZ,_T,_T,_T,_Z,_Z,_Z,2008,A,RANK,NA
45,602,0,NA,A,PU,NA,NA,NA,NA,FALSE,WEF_GCIHH,WEF_GCIHH_LIFEEXPECT,MOZ,_T,_T,_T,_Z,_Z,_Z,2007,A,YR,NA
126,602,0,NA,A,PU,NA,NA,NA,NA,FALSE,WEF_GCIHH,WEF_GCIHH_LIFEEXPECT,MOZ,_T,_T,_T,_Z,_Z,_Z,2007,A,RANK,NA
65.1,602,0,NA,A,PU,NA,NA,NA,NA,TRUE,WEF_GCIHH,WEF_GCIHH_LIFEEXPECT,MMR,_T,_T,_T,_Z,_Z,_Z,2015,A,YR,NA
109,602,0,NA,A,PU,NA,NA,NA,NA,TRUE,WEF_GCIHH,WEF_GCIHH_LIFEEXPECT,MMR,_T,_T,_T,_Z,_Z,_Z,2015,A,RANK,NA
64.93,602,0,NA,A,PU,NA,NA,NA,NA,FALSE,WEF_GCIHH,WEF_GCIHH_LIFEEXPECT,MMR,_T,_T,_T,_Z,_Z,_Z,2014,A,YR,NA
112,602,0,NA,A,PU,NA,NA,NA,NA,FALSE,WEF_GCIHH,WEF_GCIHH_LIFEEXPECT,MMR,_T,_T,_T,_Z,_Z,_Z,2014,A,RANK,NA
65.15,602,0,NA,A,PU,NA,NA,NA,NA,FALSE,WEF_GCIHH,WEF_GCIHH_LIFEEXPECT,MMR,_T,_T,_T,_Z,_Z,_Z,2013,A,YR,NA
114,602,0,NA,A,PU,NA,NA,NA,NA,FALSE,WEF_GCIHH,WEF_GCIHH_LIFEEXPECT,MMR,_T,_T,_T,_Z,_Z,_Z,2013,A,RANK,NA
64.92,602,0,NA,A,PU,NA,NA,NA,NA,TRUE,WEF_GCIHH,WEF_GCIHH_LIFEEXPECT,NAM,_T,_T,_T,_Z,_Z,_Z,2017,A,YR,NA
110,602,0,NA,A,PU,NA,NA,NA,NA,TRUE,WEF_GCIHH,WEF_GCIHH_LIFEEXPECT,NAM,_T,_T,_T,_Z,_Z,_Z,2017,A,RANK,NA
64.68,602,0,NA,A,PU,NA,NA,NA,NA,FALSE,WEF_GCIHH,WEF_GCIHH_LIFEEXPECT,NAM,_T,_T,_T,_Z,_Z,_Z,2016,A,YR,NA
112,602,0,NA,A,PU,NA,NA,NA,NA,FALSE,WEF_GCIHH,WEF_GCIHH_LIFEEXPECT,NAM,_T,_T,_T,_Z,_Z,_Z,2016,A,RANK,NA
64.34,602,0,NA,A,PU,NA,NA,NA,NA,FALSE,WEF_GCIHH,WEF_GCIHH_LIFEEXPECT,NAM,_T,_T,_T,_Z,_Z,_Z,2015,A,YR,NA
111,602,0,NA,A,PU,NA,NA,NA,NA,FALSE,WEF_GCIHH,WEF_GCIHH_LIFEEXPECT,NAM,_T,_T,_T,_Z,_Z,_Z,2015,A,RANK,NA
63.88,602,0,NA,A,PU,NA,NA,NA,NA,FALSE,WEF_GCIHH,WEF_GCIHH_LIFEEXPECT,NAM,_T,_T,_T,_Z,_Z,_Z,2014,A,YR,NA
114,602,0,NA,A,PU,NA,NA,NA,NA,FALSE,WEF_GCIHH,WEF_GCIHH_LIFEEXPECT,NAM,_T,_T,_T,_Z,_Z,_Z,2014,A,RANK,NA
62.33,602,0,NA,A,PU,NA,NA,NA,NA,FALSE,WEF_GCIHH,WEF_GCIHH_LIFEEXPECT,NAM,_T,_T,_T,_Z,_Z,_Z,2013,A,YR,NA
119,602,0,NA,A,PU,NA,NA,NA,NA,FALSE,WEF_GCIHH,WEF_GCIHH_LIFEEXPECT,NAM,_T,_T,_T,_Z,_Z,_Z,2013,A,RANK,NA
62.07,602,0,NA,A,PU,NA,NA,NA,NA,FALSE,WEF_GCIHH,WEF_GCIHH_LIFEEXPECT,NAM,_T,_T,_T,_Z,_Z,_Z,2012,A,YR,NA
115,602,0,NA,A,PU,NA,NA,NA,NA,FALSE,WEF_GCIHH,WEF_GCIHH_LIFEEXPECT,NAM,_T,_T,_T,_Z,_Z,_Z,2012,A,RANK,NA
61.58,602,0,NA,A,PU,NA,NA,NA,NA,FALSE,WEF_GCIHH,WEF_GCIHH_LIFEEXPECT,NAM,_T,_T,_T,_Z,_Z,_Z,2011,A,YR,NA
113,602,0,NA,A,PU,NA,NA,NA,NA,FALSE,WEF_GCIHH,WEF_GCIHH_LIFEEXPECT,NAM,_T,_T,_T,_Z,_Z,_Z,2011,A,RANK,NA
61.01,602,0,NA,A,PU,NA,NA,NA,NA,FALSE,WEF_GCIHH,WEF_GCIHH_LIFEEXPECT,NAM,_T,_T,_T,_Z,_Z,_Z,2010,A,YR,NA
112,602,0,NA,A,PU,NA,NA,NA,NA,FALSE,WEF_GCIHH,WEF_GCIHH_LIFEEXPECT,NAM,_T,_T,_T,_Z,_Z,_Z,2010,A,RANK,NA
59,602,0,NA,A,PU,NA,NA,NA,NA,FALSE,WEF_GCIHH,WEF_GCIHH_LIFEEXPECT,NAM,_T,_T,_T,_Z,_Z,_Z,2009,A,YR,NA
109,602,0,NA,A,PU,NA,NA,NA,NA,FALSE,WEF_GCIHH,WEF_GCIHH_LIFEEXPECT,NAM,_T,_T,_T,_Z,_Z,_Z,2009,A,RANK,NA
61,602,0,NA,A,PU,NA,NA,NA,NA,FALSE,WEF_GCIHH,WEF_GCIHH_LIFEEXPECT,NAM,_T,_T,_T,_Z,_Z,_Z,2008,A,YR,NA
110,602,0,NA,A,PU,NA,NA,NA,NA,FALSE,WEF_GCIHH,WEF_GCIHH_LIFEEXPECT,NAM,_T,_T,_T,_Z,_Z,_Z,2008,A,RANK,NA
54,602,0,NA,A,PU,NA,NA,NA,NA,FALSE,WEF_GCIHH,WEF_GCIHH_LIFEEXPECT,NAM,_T,_T,_T,_Z,_Z,_Z,2007,A,YR,NA
113,602,0,NA,A,PU,NA,NA,NA,NA,FALSE,WEF_GCIHH,WEF_GCIHH_LIFEEXPECT,NAM,_T,_T,_T,_Z,_Z,_Z,2007,A,RANK,NA
69.97,602,0,NA,A,PU,NA,NA,NA,NA,TRUE,WEF_GCIHH,WEF_GCIHH_LIFEEXPECT,NPL,_T,_T,_T,_Z,_Z,_Z,2017,A,YR,NA
97,602,0,NA,A,PU,NA,NA,NA,NA,TRUE,WEF_GCIHH,WEF_GCIHH_LIFEEXPECT,NPL,_T,_T,_T,_Z,_Z,_Z,2017,A,RANK,NA
69.6,602,0,NA,A,PU,NA,NA,NA,NA,FALSE,WEF_GCIHH,WEF_GCIHH_LIFEEXPECT,NPL,_T,_T,_T,_Z,_Z,_Z,2016,A,YR,NA
98,602,0,NA,A,PU,NA,NA,NA,NA,FALSE,WEF_GCIHH,WEF_GCIHH_LIFEEXPECT,NPL,_T,_T,_T,_Z,_Z,_Z,2016,A,RANK,NA
68.4,602,0,NA,A,PU,NA,NA,NA,NA,FALSE,WEF_GCIHH,WEF_GCIHH_LIFEEXPECT,NPL,_T,_T,_T,_Z,_Z,_Z,2015,A,YR,NA
100,602,0,NA,A,PU,NA,NA,NA,NA,FALSE,WEF_GCIHH,WEF_GCIHH_LIFEEXPECT,NPL,_T,_T,_T,_Z,_Z,_Z,2015,A,RANK,NA
67.98,602,0,NA,A,PU,NA,NA,NA,NA,FALSE,WEF_GCIHH,WEF_GCIHH_LIFEEXPECT,NPL,_T,_T,_T,_Z,_Z,_Z,2014,A,YR,NA
102,602,0,NA,A,PU,NA,NA,NA,NA,FALSE,WEF_GCIHH,WEF_GCIHH_LIFEEXPECT,NPL,_T,_T,_T,_Z,_Z,_Z,2014,A,RANK,NA
68.73,602,0,NA,A,PU,NA,NA,NA,NA,FALSE,WEF_GCIHH,WEF_GCIHH_LIFEEXPECT,NPL,_T,_T,_T,_Z,_Z,_Z,2013,A,YR,NA
105,602,0,NA,A,PU,NA,NA,NA,NA,FALSE,WEF_GCIHH,WEF_GCIHH_LIFEEXPECT,NPL,_T,_T,_T,_Z,_Z,_Z,2013,A,RANK,NA
68.39,602,0,NA,A,PU,NA,NA,NA,NA,FALSE,WEF_GCIHH,WEF_GCIHH_LIFEEXPECT,NPL,_T,_T,_T,_Z,_Z,_Z,2012,A,YR,NA
103,602,0,NA,A,PU,NA,NA,NA,NA,FALSE,WEF_GCIHH,WEF_GCIHH_LIFEEXPECT,NPL,_T,_T,_T,_Z,_Z,_Z,2012,A,RANK,NA
67.07,602,0,NA,A,PU,NA,NA,NA,NA,FALSE,WEF_GCIHH,WEF_GCIHH_LIFEEXPECT,NPL,_T,_T,_T,_Z,_Z,_Z,2011,A,YR,NA
104,602,0,NA,A,PU,NA,NA,NA,NA,FALSE,WEF_GCIHH,WEF_GCIHH_LIFEEXPECT,NPL,_T,_T,_T,_Z,_Z,_Z,2011,A,RANK,NA
66.69,602,0,NA,A,PU,NA,NA,NA,NA,FALSE,WEF_GCIHH,WEF_GCIHH_LIFEEXPECT,NPL,_T,_T,_T,_Z,_Z,_Z,2010,A,YR,NA
103,602,0,NA,A,PU,NA,NA,NA,NA,FALSE,WEF_GCIHH,WEF_GCIHH_LIFEEXPECT,NPL,_T,_T,_T,_Z,_Z,_Z,2010,A,RANK,NA
63,602,0,NA,A,PU,NA,NA,NA,NA,FALSE,WEF_GCIHH,WEF_GCIHH_LIFEEXPECT,NPL,_T,_T,_T,_Z,_Z,_Z,2009,A,YR,NA
104,602,0,NA,A,PU,NA,NA,NA,NA,FALSE,WEF_GCIHH,WEF_GCIHH_LIFEEXPECT,NPL,_T,_T,_T,_Z,_Z,_Z,2009,A,RANK,NA
62,602,0,NA,A,PU,NA,NA,NA,NA,FALSE,WEF_GCIHH,WEF_GCIHH_LIFEEXPECT,NPL,_T,_T,_T,_Z,_Z,_Z,2008,A,YR,NA
108,602,0,NA,A,PU,NA,NA,NA,NA,FALSE,WEF_GCIHH,WEF_GCIHH_LIFEEXPECT,NPL,_T,_T,_T,_Z,_Z,_Z,2008,A,RANK,NA
61,602,0,NA,A,PU,NA,NA,NA,NA,FALSE,WEF_GCIHH,WEF_GCIHH_LIFEEXPECT,NPL,_T,_T,_T,_Z,_Z,_Z,2007,A,YR,NA
107,602,0,NA,A,PU,NA,NA,NA,NA,FALSE,WEF_GCIHH,WEF_GCIHH_LIFEEXPECT,NPL,_T,_T,_T,_Z,_Z,_Z,2007,A,RANK,NA
81.71,602,0,NA,A,PU,NA,NA,NA,NA,TRUE,WEF_GCIHH,WEF_GCIHH_LIFEEXPECT,NLD,_T,_T,_T,_Z,_Z,_Z,2017,A,YR,NA
19,602,0,NA,A,PU,NA,NA,NA,NA,TRUE,WEF_GCIHH,WEF_GCIHH_LIFEEXPECT,NLD,_T,_T,_T,_Z,_Z,_Z,2017,A,RANK,NA
81.3,602,0,NA,A,PU,NA,NA,NA,NA,FALSE,WEF_GCIHH,WEF_GCIHH_LIFEEXPECT,NLD,_T,_T,_T,_Z,_Z,_Z,2016,A,YR,NA
20,602,0,NA,A,PU,NA,NA,NA,NA,FALSE,WEF_GCIHH,WEF_GCIHH_LIFEEXPECT,NLD,_T,_T,_T,_Z,_Z,_Z,2016,A,RANK,NA
81.1,602,0,NA,A,PU,NA,NA,NA,NA,FALSE,WEF_GCIHH,WEF_GCIHH_LIFEEXPECT,NLD,_T,_T,_T,_Z,_Z,_Z,2015,A,YR,NA
17,602,0,NA,A,PU,NA,NA,NA,NA,FALSE,WEF_GCIHH,WEF_GCIHH_LIFEEXPECT,NLD,_T,_T,_T,_Z,_Z,_Z,2015,A,RANK,NA
81.1,602,0,NA,A,PU,NA,NA,NA,NA,FALSE,WEF_GCIHH,WEF_GCIHH_LIFEEXPECT,NLD,_T,_T,_T,_Z,_Z,_Z,2014,A,YR,NA
18,602,0,NA,A,PU,NA,NA,NA,NA,FALSE,WEF_GCIHH,WEF_GCIHH_LIFEEXPECT,NLD,_T,_T,_T,_Z,_Z,_Z,2014,A,RANK,NA
81.2,602,0,NA,A,PU,NA,NA,NA,NA,FALSE,WEF_GCIHH,WEF_GCIHH_LIFEEXPECT,NLD,_T,_T,_T,_Z,_Z,_Z,2013,A,YR,NA
14,602,0,NA,A,PU,NA,NA,NA,NA,FALSE,WEF_GCIHH,WEF_GCIHH_LIFEEXPECT,NLD,_T,_T,_T,_Z,_Z,_Z,2013,A,RANK,NA
80.7,602,0,NA,A,PU,NA,NA,NA,NA,FALSE,WEF_GCIHH,WEF_GCIHH_LIFEEXPECT,NLD,_T,_T,_T,_Z,_Z,_Z,2012,A,YR,NA
16,602,0,NA,A,PU,NA,NA,NA,NA,FALSE,WEF_GCIHH,WEF_GCIHH_LIFEEXPECT,NLD,_T,_T,_T,_Z,_Z,_Z,2012,A,RANK,NA
80.55,602,0,NA,A,PU,NA,NA,NA,NA,FALSE,WEF_GCIHH,WEF_GCIHH_LIFEEXPECT,NLD,_T,_T,_T,_Z,_Z,_Z,2011,A,YR,NA
15,602,0,NA,A,PU,NA,NA,NA,NA,FALSE,WEF_GCIHH,WEF_GCIHH_LIFEEXPECT,NLD,_T,_T,_T,_Z,_Z,_Z,2011,A,RANK,NA
80.4,602,0,NA,A,PU,NA,NA,NA,NA,FALSE,WEF_GCIHH,WEF_GCIHH_LIFEEXPECT,NLD,_T,_T,_T,_Z,_Z,_Z,2010,A,YR,NA
16,602,0,NA,A,PU,NA,NA,NA,NA,FALSE,WEF_GCIHH,WEF_GCIHH_LIFEEXPECT,NLD,_T,_T,_T,_Z,_Z,_Z,2010,A,RANK,NA
80,602,0,NA,A,PU,NA,NA,NA,NA,FALSE,WEF_GCIHH,WEF_GCIHH_LIFEEXPECT,NLD,_T,_T,_T,_Z,_Z,_Z,2009,A,YR,NA
15,602,0,NA,A,PU,NA,NA,NA,NA,FALSE,WEF_GCIHH,WEF_GCIHH_LIFEEXPECT,NLD,_T,_T,_T,_Z,_Z,_Z,2009,A,RANK,NA
80,602,0,NA,A,PU,NA,NA,NA,NA,FALSE,WEF_GCIHH,WEF_GCIHH_LIFEEXPECT,NLD,_T,_T,_T,_Z,_Z,_Z,2008,A,YR,NA
12,602,0,NA,A,PU,NA,NA,NA,NA,FALSE,WEF_GCIHH,WEF_GCIHH_LIFEEXPECT,NLD,_T,_T,_T,_Z,_Z,_Z,2008,A,RANK,NA
79,602,0,NA,A,PU,NA,NA,NA,NA,FALSE,WEF_GCIHH,WEF_GCIHH_LIFEEXPECT,NLD,_T,_T,_T,_Z,_Z,_Z,2007,A,YR,NA
15,602,0,NA,A,PU,NA,NA,NA,NA,FALSE,WEF_GCIHH,WEF_GCIHH_LIFEEXPECT,NLD,_T,_T,_T,_Z,_Z,_Z,2007,A,RANK,NA
81.46,602,0,NA,A,PU,NA,NA,NA,NA,TRUE,WEF_GCIHH,WEF_GCIHH_LIFEEXPECT,NZL,_T,_T,_T,_Z,_Z,_Z,2017,A,YR,NA
24,602,0,NA,A,PU,NA,NA,NA,NA,TRUE,WEF_GCIHH,WEF_GCIHH_LIFEEXPECT,NZL,_T,_T,_T,_Z,_Z,_Z,2017,A,RANK,NA
81.4,602,0,NA,A,PU,NA,NA,NA,NA,FALSE,WEF_GCIHH,WEF_GCIHH_LIFEEXPECT,NZL,_T,_T,_T,_Z,_Z,_Z,2016,A,YR,NA
18,602,0,NA,A,PU,NA,NA,NA,NA,FALSE,WEF_GCIHH,WEF_GCIHH_LIFEEXPECT,NZL,_T,_T,_T,_Z,_Z,_Z,2016,A,RANK,NA
81.41,602,0,NA,A,PU,NA,NA,NA,NA,FALSE,WEF_GCIHH,WEF_GCIHH_LIFEEXPECT,NZL,_T,_T,_T,_Z,_Z,_Z,2015,A,YR,NA
15,602,0,NA,A,PU,NA,NA,NA,NA,FALSE,WEF_GCIHH,WEF_GCIHH_LIFEEXPECT,NZL,_T,_T,_T,_Z,_Z,_Z,2015,A,RANK,NA
81.16,602,0,NA,A,PU,NA,NA,NA,NA,FALSE,WEF_GCIHH,WEF_GCIHH_LIFEEXPECT,NZL,_T,_T,_T,_Z,_Z,_Z,2014,A,YR,NA
17,602,0,NA,A,PU,NA,NA,NA,NA,FALSE,WEF_GCIHH,WEF_GCIHH_LIFEEXPECT,NZL,_T,_T,_T,_Z,_Z,_Z,2014,A,RANK,NA
80.9,602,0,NA,A,PU,NA,NA,NA,NA,FALSE,WEF_GCIHH,WEF_GCIHH_LIFEEXPECT,NZL,_T,_T,_T,_Z,_Z,_Z,2013,A,YR,NA
18,602,0,NA,A,PU,NA,NA,NA,NA,FALSE,WEF_GCIHH,WEF_GCIHH_LIFEEXPECT,NZL,_T,_T,_T,_Z,_Z,_Z,2013,A,RANK,NA
80.7,602,0,NA,A,PU,NA,NA,NA,NA,FALSE,WEF_GCIHH,WEF_GCIHH_LIFEEXPECT,NZL,_T,_T,_T,_Z,_Z,_Z,2012,A,YR,NA
16,602,0,NA,A,PU,NA,NA,NA,NA,FALSE,WEF_GCIHH,WEF_GCIHH_LIFEEXPECT,NZL,_T,_T,_T,_Z,_Z,_Z,2012,A,RANK,NA
80.3,602,0,NA,A,PU,NA,NA,NA,NA,FALSE,WEF_GCIHH,WEF_GCIHH_LIFEEXPECT,NZL,_T,_T,_T,_Z,_Z,_Z,2011,A,YR,NA
16,602,0,NA,A,PU,NA,NA,NA,NA,FALSE,WEF_GCIHH,WEF_GCIHH_LIFEEXPECT,NZL,_T,_T,_T,_Z,_Z,_Z,2011,A,RANK,NA
80.15,602,0,NA,A,PU,NA,NA,NA,NA,FALSE,WEF_GCIHH,WEF_GCIHH_LIFEEXPECT,NZL,_T,_T,_T,_Z,_Z,_Z,2010,A,YR,NA
17,602,0,NA,A,PU,NA,NA,NA,NA,FALSE,WEF_GCIHH,WEF_GCIHH_LIFEEXPECT,NZL,_T,_T,_T,_Z,_Z,_Z,2010,A,RANK,NA
81,602,0,NA,A,PU,NA,NA,NA,NA,FALSE,WEF_GCIHH,WEF_GCIHH_LIFEEXPECT,NZL,_T,_T,_T,_Z,_Z,_Z,2009,A,YR,NA
7,602,0,NA,A,PU,NA,NA,NA,NA,FALSE,WEF_GCIHH,WEF_GCIHH_LIFEEXPECT,NZL,_T,_T,_T,_Z,_Z,_Z,2009,A,RANK,NA
80,602,0,NA,A,PU,NA,NA,NA,NA,FALSE,WEF_GCIHH,WEF_GCIHH_LIFEEXPECT,NZL,_T,_T,_T,_Z,_Z,_Z,2008,A,YR,NA
12,602,0,NA,A,PU,NA,NA,NA,NA,FALSE,WEF_GCIHH,WEF_GCIHH_LIFEEXPECT,NZL,_T,_T,_T,_Z,_Z,_Z,2008,A,RANK,NA
80,602,0,NA,A,PU,NA,NA,NA,NA,FALSE,WEF_GCIHH,WEF_GCIHH_LIFEEXPECT,NZL,_T,_T,_T,_Z,_Z,_Z,2007,A,YR,NA
8,602,0,NA,A,PU,NA,NA,NA,NA,FALSE,WEF_GCIHH,WEF_GCIHH_LIFEEXPECT,NZL,_T,_T,_T,_Z,_Z,_Z,2007,A,RANK,NA
75.1,602,0,NA,A,PU,NA,NA,NA,NA,TRUE,WEF_GCIHH,WEF_GCIHH_LIFEEXPECT,NIC,_T,_T,_T,_Z,_Z,_Z,2017,A,YR,NA
61,602,0,NA,A,PU,NA,NA,NA,NA,TRUE,WEF_GCIHH,WEF_GCIHH_LIFEEXPECT,NIC,_T,_T,_T,_Z,_Z,_Z,2017,A,RANK,NA
74.81,602,0,NA,A,PU,NA,NA,NA,NA,FALSE,WEF_GCIHH,WEF_GCIHH_LIFEEXPECT,NIC,_T,_T,_T,_Z,_Z,_Z,2016,A,YR,NA
64,602,0,NA,A,PU,NA,NA,NA,NA,FALSE,WEF_GCIHH,WEF_GCIHH_LIFEEXPECT,NIC,_T,_T,_T,_Z,_Z,_Z,2016,A,RANK,NA
74.79,602,0,NA,A,PU,NA,NA,NA,NA,FALSE,WEF_GCIHH,WEF_GCIHH_LIFEEXPECT,NIC,_T,_T,_T,_Z,_Z,_Z,2015,A,YR,NA
61,602,0,NA,A,PU,NA,NA,NA,NA,FALSE,WEF_GCIHH,WEF_GCIHH_LIFEEXPECT,NIC,_T,_T,_T,_Z,_Z,_Z,2015,A,RANK,NA
74.47,602,0,NA,A,PU,NA,NA,NA,NA,FALSE,WEF_GCIHH,WEF_GCIHH_LIFEEXPECT,NIC,_T,_T,_T,_Z,_Z,_Z,2014,A,YR,NA
66,602,0,NA,A,PU,NA,NA,NA,NA,FALSE,WEF_GCIHH,WEF_GCIHH_LIFEEXPECT,NIC,_T,_T,_T,_Z,_Z,_Z,2014,A,RANK,NA
74,602,0,NA,A,PU,NA,NA,NA,NA,FALSE,WEF_GCIHH,WEF_GCIHH_LIFEEXPECT,NIC,_T,_T,_T,_Z,_Z,_Z,2013,A,YR,NA
67,602,0,NA,A,PU,NA,NA,NA,NA,FALSE,WEF_GCIHH,WEF_GCIHH_LIFEEXPECT,NIC,_T,_T,_T,_Z,_Z,_Z,2013,A,RANK,NA
73.73,602,0,NA,A,PU,NA,NA,NA,NA,FALSE,WEF_GCIHH,WEF_GCIHH_LIFEEXPECT,NIC,_T,_T,_T,_Z,_Z,_Z,2012,A,YR,NA
67,602,0,NA,A,PU,NA,NA,NA,NA,FALSE,WEF_GCIHH,WEF_GCIHH_LIFEEXPECT,NIC,_T,_T,_T,_Z,_Z,_Z,2012,A,RANK,NA
73.5,602,0,NA,A,PU,NA,NA,NA,NA,FALSE,WEF_GCIHH,WEF_GCIHH_LIFEEXPECT,NIC,_T,_T,_T,_Z,_Z,_Z,2011,A,YR,NA
66,602,0,NA,A,PU,NA,NA,NA,NA,FALSE,WEF_GCIHH,WEF_GCIHH_LIFEEXPECT,NIC,_T,_T,_T,_Z,_Z,_Z,2011,A,RANK,NA
73.14,602,0,NA,A,PU,NA,NA,NA,NA,FALSE,WEF_GCIHH,WEF_GCIHH_LIFEEXPECT,NIC,_T,_T,_T,_Z,_Z,_Z,2010,A,YR,NA
69,602,0,NA,A,PU,NA,NA,NA,NA,FALSE,WEF_GCIHH,WEF_GCIHH_LIFEEXPECT,NIC,_T,_T,_T,_Z,_Z,_Z,2010,A,RANK,NA
73,602,0,NA,A,PU,NA,NA,NA,NA,FALSE,WEF_GCIHH,WEF_GCIHH_LIFEEXPECT,NIC,_T,_T,_T,_Z,_Z,_Z,2009,A,YR,NA
59,602,0,NA,A,PU,NA,NA,NA,NA,FALSE,WEF_GCIHH,WEF_GCIHH_LIFEEXPECT,NIC,_T,_T,_T,_Z,_Z,_Z,2009,A,RANK,NA
71,602,0,NA,A,PU,NA,NA,NA,NA,FALSE,WEF_GCIHH,WEF_GCIHH_LIFEEXPECT,NIC,_T,_T,_T,_Z,_Z,_Z,2008,A,YR,NA
76,602,0,NA,A,PU,NA,NA,NA,NA,FALSE,WEF_GCIHH,WEF_GCIHH_LIFEEXPECT,NIC,_T,_T,_T,_Z,_Z,_Z,2008,A,RANK,NA
69,602,0,NA,A,PU,NA,NA,NA,NA,FALSE,WEF_GCIHH,WEF_GCIHH_LIFEEXPECT,NIC,_T,_T,_T,_Z,_Z,_Z,2007,A,YR,NA
84,602,0,NA,A,PU,NA,NA,NA,NA,FALSE,WEF_GCIHH,WEF_GCIHH_LIFEEXPECT,NIC,_T,_T,_T,_Z,_Z,_Z,2007,A,RANK,NA
53.05,602,0,NA,A,PU,NA,NA,NA,NA,TRUE,WEF_GCIHH,WEF_GCIHH_LIFEEXPECT,NGA,_T,_T,_T,_Z,_Z,_Z,2017,A,YR,NA
133,602,0,NA,A,PU,NA,NA,NA,NA,TRUE,WEF_GCIHH,WEF_GCIHH_LIFEEXPECT,NGA,_T,_T,_T,_Z,_Z,_Z,2017,A,RANK,NA
52.75,602,0,NA,A,PU,NA,NA,NA,NA,FALSE,WEF_GCIHH,WEF_GCIHH_LIFEEXPECT,NGA,_T,_T,_T,_Z,_Z,_Z,2016,A,YR,NA
134,602,0,NA,A,PU,NA,NA,NA,NA,FALSE,WEF_GCIHH,WEF_GCIHH_LIFEEXPECT,NGA,_T,_T,_T,_Z,_Z,_Z,2016,A,RANK,NA
52.5,602,0,NA,A,PU,NA,NA,NA,NA,FALSE,WEF_GCIHH,WEF_GCIHH_LIFEEXPECT,NGA,_T,_T,_T,_Z,_Z,_Z,2015,A,YR,NA
133,602,0,NA,A,PU,NA,NA,NA,NA,FALSE,WEF_GCIHH,WEF_GCIHH_LIFEEXPECT,NGA,_T,_T,_T,_Z,_Z,_Z,2015,A,RANK,NA
52.11,602,0,NA,A,PU,NA,NA,NA,NA,FALSE,WEF_GCIHH,WEF_GCIHH_LIFEEXPECT,NGA,_T,_T,_T,_Z,_Z,_Z,2014,A,YR,NA
136,602,0,NA,A,PU,NA,NA,NA,NA,FALSE,WEF_GCIHH,WEF_GCIHH_LIFEEXPECT,NGA,_T,_T,_T,_Z,_Z,_Z,2014,A,RANK,NA
51.86,602,0,NA,A,PU,NA,NA,NA,NA,FALSE,WEF_GCIHH,WEF_GCIHH_LIFEEXPECT,NGA,_T,_T,_T,_Z,_Z,_Z,2013,A,YR,NA
137,602,0,NA,A,PU,NA,NA,NA,NA,FALSE,WEF_GCIHH,WEF_GCIHH_LIFEEXPECT,NGA,_T,_T,_T,_Z,_Z,_Z,2013,A,RANK,NA
51.41,602,0,NA,A,PU,NA,NA,NA,NA,FALSE,WEF_GCIHH,WEF_GCIHH_LIFEEXPECT,NGA,_T,_T,_T,_Z,_Z,_Z,2012,A,YR,NA
134,602,0,NA,A,PU,NA,NA,NA,NA,FALSE,WEF_GCIHH,WEF_GCIHH_LIFEEXPECT,NGA,_T,_T,_T,_Z,_Z,_Z,2012,A,RANK,NA
48.14,602,0,NA,A,PU,NA,NA,NA,NA,FALSE,WEF_GCIHH,WEF_GCIHH_LIFEEXPECT,NGA,_T,_T,_T,_Z,_Z,_Z,2011,A,YR,NA
136,602,0,NA,A,PU,NA,NA,NA,NA,FALSE,WEF_GCIHH,WEF_GCIHH_LIFEEXPECT,NGA,_T,_T,_T,_Z,_Z,_Z,2011,A,RANK,NA
47.91,602,0,NA,A,PU,NA,NA,NA,NA,FALSE,WEF_GCIHH,WEF_GCIHH_LIFEEXPECT,NGA,_T,_T,_T,_Z,_Z,_Z,2010,A,YR,NA
133,602,0,NA,A,PU,NA,NA,NA,NA,FALSE,WEF_GCIHH,WEF_GCIHH_LIFEEXPECT,NGA,_T,_T,_T,_Z,_Z,_Z,2010,A,RANK,NA
49,602,0,NA,A,PU,NA,NA,NA,NA,FALSE,WEF_GCIHH,WEF_GCIHH_LIFEEXPECT,NGA,_T,_T,_T,_Z,_Z,_Z,2009,A,YR,NA
124,602,0,NA,A,PU,NA,NA,NA,NA,FALSE,WEF_GCIHH,WEF_GCIHH_LIFEEXPECT,NGA,_T,_T,_T,_Z,_Z,_Z,2009,A,RANK,NA
48,602,0,NA,A,PU,NA,NA,NA,NA,FALSE,WEF_GCIHH,WEF_GCIHH_LIFEEXPECT,NGA,_T,_T,_T,_Z,_Z,_Z,2008,A,YR,NA
128,602,0,NA,A,PU,NA,NA,NA,NA,FALSE,WEF_GCIHH,WEF_GCIHH_LIFEEXPECT,NGA,_T,_T,_T,_Z,_Z,_Z,2008,A,RANK,NA
46,602,0,NA,A,PU,NA,NA,NA,NA,FALSE,WEF_GCIHH,WEF_GCIHH_LIFEEXPECT,NGA,_T,_T,_T,_Z,_Z,_Z,2007,A,YR,NA
123,602,0,NA,A,PU,NA,NA,NA,NA,FALSE,WEF_GCIHH,WEF_GCIHH_LIFEEXPECT,NGA,_T,_T,_T,_Z,_Z,_Z,2007,A,RANK,NA
82.1,602,0,NA,A,PU,NA,NA,NA,NA,TRUE,WEF_GCIHH,WEF_GCIHH_LIFEEXPECT,NOR,_T,_T,_T,_Z,_Z,_Z,2017,A,YR,NA
14,602,0,NA,A,PU,NA,NA,NA,NA,TRUE,WEF_GCIHH,WEF_GCIHH_LIFEEXPECT,NOR,_T,_T,_T,_Z,_Z,_Z,2017,A,RANK,NA
81.75,602,0,NA,A,PU,NA,NA,NA,NA,FALSE,WEF_GCIHH,WEF_GCIHH_LIFEEXPECT,NOR,_T,_T,_T,_Z,_Z,_Z,2016,A,YR,NA
15,602,0,NA,A,PU,NA,NA,NA,NA,FALSE,WEF_GCIHH,WEF_GCIHH_LIFEEXPECT,NOR,_T,_T,_T,_Z,_Z,_Z,2016,A,RANK,NA
81.45,602,0,NA,A,PU,NA,NA,NA,NA,FALSE,WEF_GCIHH,WEF_GCIHH_LIFEEXPECT,NOR,_T,_T,_T,_Z,_Z,_Z,2015,A,YR,NA
14,602,0,NA,A,PU,NA,NA,NA,NA,FALSE,WEF_GCIHH,WEF_GCIHH_LIFEEXPECT,NOR,_T,_T,_T,_Z,_Z,_Z,2015,A,RANK,NA
81.45,602,0,NA,A,PU,NA,NA,NA,NA,FALSE,WEF_GCIHH,WEF_GCIHH_LIFEEXPECT,NOR,_T,_T,_T,_Z,_Z,_Z,2014,A,YR,NA
13,602,0,NA,A,PU,NA,NA,NA,NA,FALSE,WEF_GCIHH,WEF_GCIHH_LIFEEXPECT,NOR,_T,_T,_T,_Z,_Z,_Z,2014,A,RANK,NA
81.3,602,0,NA,A,PU,NA,NA,NA,NA,FALSE,WEF_GCIHH,WEF_GCIHH_LIFEEXPECT,NOR,_T,_T,_T,_Z,_Z,_Z,2013,A,YR,NA
13,602,0,NA,A,PU,NA,NA,NA,NA,FALSE,WEF_GCIHH,WEF_GCIHH_LIFEEXPECT,NOR,_T,_T,_T,_Z,_Z,_Z,2013,A,RANK,NA
81,602,0,NA,A,PU,NA,NA,NA,NA,FALSE,WEF_GCIHH,WEF_GCIHH_LIFEEXPECT,NOR,_T,_T,_T,_Z,_Z,_Z,2012,A,YR,NA
12,602,0,NA,A,PU,NA,NA,NA,NA,FALSE,WEF_GCIHH,WEF_GCIHH_LIFEEXPECT,NOR,_T,_T,_T,_Z,_Z,_Z,2012,A,RANK,NA
80.8,602,0,NA,A,PU,NA,NA,NA,NA,FALSE,WEF_GCIHH,WEF_GCIHH_LIFEEXPECT,NOR,_T,_T,_T,_Z,_Z,_Z,2011,A,YR,NA
13,602,0,NA,A,PU,NA,NA,NA,NA,FALSE,WEF_GCIHH,WEF_GCIHH_LIFEEXPECT,NOR,_T,_T,_T,_Z,_Z,_Z,2011,A,RANK,NA
80.74,602,0,NA,A,PU,NA,NA,NA,NA,FALSE,WEF_GCIHH,WEF_GCIHH_LIFEEXPECT,NOR,_T,_T,_T,_Z,_Z,_Z,2010,A,YR,NA
12,602,0,NA,A,PU,NA,NA,NA,NA,FALSE,WEF_GCIHH,WEF_GCIHH_LIFEEXPECT,NOR,_T,_T,_T,_Z,_Z,_Z,2010,A,RANK,NA
81,602,0,NA,A,PU,NA,NA,NA,NA,FALSE,WEF_GCIHH,WEF_GCIHH_LIFEEXPECT,NOR,_T,_T,_T,_Z,_Z,_Z,2009,A,YR,NA
7,602,0,NA,A,PU,NA,NA,NA,NA,FALSE,WEF_GCIHH,WEF_GCIHH_LIFEEXPECT,NOR,_T,_T,_T,_Z,_Z,_Z,2009,A,RANK,NA
80,602,0,NA,A,PU,NA,NA,NA,NA,FALSE,WEF_GCIHH,WEF_GCIHH_LIFEEXPECT,NOR,_T,_T,_T,_Z,_Z,_Z,2008,A,YR,NA
12,602,0,NA,A,PU,NA,NA,NA,NA,FALSE,WEF_GCIHH,WEF_GCIHH_LIFEEXPECT,NOR,_T,_T,_T,_Z,_Z,_Z,2008,A,RANK,NA
80,602,0,NA,A,PU,NA,NA,NA,NA,FALSE,WEF_GCIHH,WEF_GCIHH_LIFEEXPECT,NOR,_T,_T,_T,_Z,_Z,_Z,2007,A,YR,NA
8,602,0,NA,A,PU,NA,NA,NA,NA,FALSE,WEF_GCIHH,WEF_GCIHH_LIFEEXPECT,NOR,_T,_T,_T,_Z,_Z,_Z,2007,A,RANK,NA
77.32,602,0,NA,A,PU,NA,NA,NA,NA,TRUE,WEF_GCIHH,WEF_GCIHH_LIFEEXPECT,OMN,_T,_T,_T,_Z,_Z,_Z,2017,A,YR,NA
42,602,0,NA,A,PU,NA,NA,NA,NA,TRUE,WEF_GCIHH,WEF_GCIHH_LIFEEXPECT,OMN,_T,_T,_T,_Z,_Z,_Z,2017,A,RANK,NA
77.09,602,0,NA,A,PU,NA,NA,NA,NA,FALSE,WEF_GCIHH,WEF_GCIHH_LIFEEXPECT,OMN,_T,_T,_T,_Z,_Z,_Z,2016,A,YR,NA
44,602,0,NA,A,PU,NA,NA,NA,NA,FALSE,WEF_GCIHH,WEF_GCIHH_LIFEEXPECT,OMN,_T,_T,_T,_Z,_Z,_Z,2016,A,RANK,NA
76.85,602,0,NA,A,PU,NA,NA,NA,NA,FALSE,WEF_GCIHH,WEF_GCIHH_LIFEEXPECT,OMN,_T,_T,_T,_Z,_Z,_Z,2015,A,YR,NA
43,602,0,NA,A,PU,NA,NA,NA,NA,FALSE,WEF_GCIHH,WEF_GCIHH_LIFEEXPECT,OMN,_T,_T,_T,_Z,_Z,_Z,2015,A,RANK,NA
76.59,602,0,NA,A,PU,NA,NA,NA,NA,FALSE,WEF_GCIHH,WEF_GCIHH_LIFEEXPECT,OMN,_T,_T,_T,_Z,_Z,_Z,2014,A,YR,NA
45,602,0,NA,A,PU,NA,NA,NA,NA,FALSE,WEF_GCIHH,WEF_GCIHH_LIFEEXPECT,OMN,_T,_T,_T,_Z,_Z,_Z,2014,A,RANK,NA
73.34,602,0,NA,A,PU,NA,NA,NA,NA,FALSE,WEF_GCIHH,WEF_GCIHH_LIFEEXPECT,OMN,_T,_T,_T,_Z,_Z,_Z,2013,A,YR,NA
80,602,0,NA,A,PU,NA,NA,NA,NA,FALSE,WEF_GCIHH,WEF_GCIHH_LIFEEXPECT,OMN,_T,_T,_T,_Z,_Z,_Z,2013,A,RANK,NA
73.12,602,0,NA,A,PU,NA,NA,NA,NA,FALSE,WEF_GCIHH,WEF_GCIHH_LIFEEXPECT,OMN,_T,_T,_T,_Z,_Z,_Z,2012,A,YR,NA
78,602,0,NA,A,PU,NA,NA,NA,NA,FALSE,WEF_GCIHH,WEF_GCIHH_LIFEEXPECT,OMN,_T,_T,_T,_Z,_Z,_Z,2012,A,RANK,NA
76.14,602,0,NA,A,PU,NA,NA,NA,NA,FALSE,WEF_GCIHH,WEF_GCIHH_LIFEEXPECT,OMN,_T,_T,_T,_Z,_Z,_Z,2011,A,YR,NA
43,602,0,NA,A,PU,NA,NA,NA,NA,FALSE,WEF_GCIHH,WEF_GCIHH_LIFEEXPECT,OMN,_T,_T,_T,_Z,_Z,_Z,2011,A,RANK,NA
75.91,602,0,NA,A,PU,NA,NA,NA,NA,FALSE,WEF_GCIHH,WEF_GCIHH_LIFEEXPECT,OMN,_T,_T,_T,_Z,_Z,_Z,2010,A,YR,NA
43,602,0,NA,A,PU,NA,NA,NA,NA,FALSE,WEF_GCIHH,WEF_GCIHH_LIFEEXPECT,OMN,_T,_T,_T,_Z,_Z,_Z,2010,A,RANK,NA
74,602,0,NA,A,PU,NA,NA,NA,NA,FALSE,WEF_GCIHH,WEF_GCIHH_LIFEEXPECT,OMN,_T,_T,_T,_Z,_Z,_Z,2009,A,YR,NA
53,602,0,NA,A,PU,NA,NA,NA,NA,FALSE,WEF_GCIHH,WEF_GCIHH_LIFEEXPECT,OMN,_T,_T,_T,_Z,_Z,_Z,2009,A,RANK,NA
74,602,0,NA,A,PU,NA,NA,NA,NA,FALSE,WEF_GCIHH,WEF_GCIHH_LIFEEXPECT,OMN,_T,_T,_T,_Z,_Z,_Z,2008,A,YR,NA
50,602,0,NA,A,PU,NA,NA,NA,NA,FALSE,WEF_GCIHH,WEF_GCIHH_LIFEEXPECT,OMN,_T,_T,_T,_Z,_Z,_Z,2008,A,RANK,NA
74,602,0,NA,A,PU,NA,NA,NA,NA,FALSE,WEF_GCIHH,WEF_GCIHH_LIFEEXPECT,OMN,_T,_T,_T,_Z,_Z,_Z,2007,A,YR,NA
46,602,0,NA,A,PU,NA,NA,NA,NA,FALSE,WEF_GCIHH,WEF_GCIHH_LIFEEXPECT,OMN,_T,_T,_T,_Z,_Z,_Z,2007,A,RANK,NA
66.38,602,0,NA,A,PU,NA,NA,NA,NA,TRUE,WEF_GCIHH,WEF_GCIHH_LIFEEXPECT,PAK,_T,_T,_T,_Z,_Z,_Z,2017,A,YR,NA
107,602,0,NA,A,PU,NA,NA,NA,NA,TRUE,WEF_GCIHH,WEF_GCIHH_LIFEEXPECT,PAK,_T,_T,_T,_Z,_Z,_Z,2017,A,RANK,NA
66.18,602,0,NA,A,PU,NA,NA,NA,NA,FALSE,WEF_GCIHH,WEF_GCIHH_LIFEEXPECT,PAK,_T,_T,_T,_Z,_Z,_Z,2016,A,YR,NA
108,602,0,NA,A,PU,NA,NA,NA,NA,FALSE,WEF_GCIHH,WEF_GCIHH_LIFEEXPECT,PAK,_T,_T,_T,_Z,_Z,_Z,2016,A,RANK,NA
66.59,602,0,NA,A,PU,NA,NA,NA,NA,FALSE,WEF_GCIHH,WEF_GCIHH_LIFEEXPECT,PAK,_T,_T,_T,_Z,_Z,_Z,2015,A,YR,NA
106,602,0,NA,A,PU,NA,NA,NA,NA,FALSE,WEF_GCIHH,WEF_GCIHH_LIFEEXPECT,PAK,_T,_T,_T,_Z,_Z,_Z,2015,A,RANK,NA
66.44,602,0,NA,A,PU,NA,NA,NA,NA,FALSE,WEF_GCIHH,WEF_GCIHH_LIFEEXPECT,PAK,_T,_T,_T,_Z,_Z,_Z,2014,A,YR,NA
109,602,0,NA,A,PU,NA,NA,NA,NA,FALSE,WEF_GCIHH,WEF_GCIHH_LIFEEXPECT,PAK,_T,_T,_T,_Z,_Z,_Z,2014,A,RANK,NA
65.45,602,0,NA,A,PU,NA,NA,NA,NA,FALSE,WEF_GCIHH,WEF_GCIHH_LIFEEXPECT,PAK,_T,_T,_T,_Z,_Z,_Z,2013,A,YR,NA
113,602,0,NA,A,PU,NA,NA,NA,NA,FALSE,WEF_GCIHH,WEF_GCIHH_LIFEEXPECT,PAK,_T,_T,_T,_Z,_Z,_Z,2013,A,RANK,NA
65.2,602,0,NA,A,PU,NA,NA,NA,NA,FALSE,WEF_GCIHH,WEF_GCIHH_LIFEEXPECT,PAK,_T,_T,_T,_Z,_Z,_Z,2012,A,YR,NA
109,602,0,NA,A,PU,NA,NA,NA,NA,FALSE,WEF_GCIHH,WEF_GCIHH_LIFEEXPECT,PAK,_T,_T,_T,_Z,_Z,_Z,2012,A,RANK,NA
66.85,602,0,NA,A,PU,NA,NA,NA,NA,FALSE,WEF_GCIHH,WEF_GCIHH_LIFEEXPECT,PAK,_T,_T,_T,_Z,_Z,_Z,2011,A,YR,NA
107,602,0,NA,A,PU,NA,NA,NA,NA,FALSE,WEF_GCIHH,WEF_GCIHH_LIFEEXPECT,PAK,_T,_T,_T,_Z,_Z,_Z,2011,A,RANK,NA
66.53,602,0,NA,A,PU,NA,NA,NA,NA,FALSE,WEF_GCIHH,WEF_GCIHH_LIFEEXPECT,PAK,_T,_T,_T,_Z,_Z,_Z,2010,A,YR,NA
105,602,0,NA,A,PU,NA,NA,NA,NA,FALSE,WEF_GCIHH,WEF_GCIHH_LIFEEXPECT,PAK,_T,_T,_T,_Z,_Z,_Z,2010,A,RANK,NA
63,602,0,NA,A,PU,NA,NA,NA,NA,FALSE,WEF_GCIHH,WEF_GCIHH_LIFEEXPECT,PAK,_T,_T,_T,_Z,_Z,_Z,2009,A,YR,NA
104,602,0,NA,A,PU,NA,NA,NA,NA,FALSE,WEF_GCIHH,WEF_GCIHH_LIFEEXPECT,PAK,_T,_T,_T,_Z,_Z,_Z,2009,A,RANK,NA
63,602,0,NA,A,PU,NA,NA,NA,NA,FALSE,WEF_GCIHH,WEF_GCIHH_LIFEEXPECT,PAK,_T,_T,_T,_Z,_Z,_Z,2008,A,YR,NA
105,602,0,NA,A,PU,NA,NA,NA,NA,FALSE,WEF_GCIHH,WEF_GCIHH_LIFEEXPECT,PAK,_T,_T,_T,_Z,_Z,_Z,2008,A,RANK,NA
62,602,0,NA,A,PU,NA,NA,NA,NA,FALSE,WEF_GCIHH,WEF_GCIHH_LIFEEXPECT,PAK,_T,_T,_T,_Z,_Z,_Z,2007,A,YR,NA
104,602,0,NA,A,PU,NA,NA,NA,NA,FALSE,WEF_GCIHH,WEF_GCIHH_LIFEEXPECT,PAK,_T,_T,_T,_Z,_Z,_Z,2007,A,RANK,NA
77.77,602,0,NA,A,PU,NA,NA,NA,NA,TRUE,WEF_GCIHH,WEF_GCIHH_LIFEEXPECT,PAN,_T,_T,_T,_Z,_Z,_Z,2017,A,YR,NA
40,602,0,NA,A,PU,NA,NA,NA,NA,TRUE,WEF_GCIHH,WEF_GCIHH_LIFEEXPECT,PAN,_T,_T,_T,_Z,_Z,_Z,2017,A,RANK,NA
77.6,602,0,NA,A,PU,NA,NA,NA,NA,FALSE,WEF_GCIHH,WEF_GCIHH_LIFEEXPECT,PAN,_T,_T,_T,_Z,_Z,_Z,2016,A,YR,NA
39,602,0,NA,A,PU,NA,NA,NA,NA,FALSE,WEF_GCIHH,WEF_GCIHH_LIFEEXPECT,PAN,_T,_T,_T,_Z,_Z,_Z,2016,A,RANK,NA
77.58,602,0,NA,A,PU,NA,NA,NA,NA,FALSE,WEF_GCIHH,WEF_GCIHH_LIFEEXPECT,PAN,_T,_T,_T,_Z,_Z,_Z,2015,A,YR,NA
37,602,0,NA,A,PU,NA,NA,NA,NA,FALSE,WEF_GCIHH,WEF_GCIHH_LIFEEXPECT,PAN,_T,_T,_T,_Z,_Z,_Z,2015,A,RANK,NA
77.37,602,0,NA,A,PU,NA,NA,NA,NA,FALSE,WEF_GCIHH,WEF_GCIHH_LIFEEXPECT,PAN,_T,_T,_T,_Z,_Z,_Z,2014,A,YR,NA
38,602,0,NA,A,PU,NA,NA,NA,NA,FALSE,WEF_GCIHH,WEF_GCIHH_LIFEEXPECT,PAN,_T,_T,_T,_Z,_Z,_Z,2014,A,RANK,NA
76.15,602,0,NA,A,PU,NA,NA,NA,NA,FALSE,WEF_GCIHH,WEF_GCIHH_LIFEEXPECT,PAN,_T,_T,_T,_Z,_Z,_Z,2013,A,YR,NA
45,602,0,NA,A,PU,NA,NA,NA,NA,FALSE,WEF_GCIHH,WEF_GCIHH_LIFEEXPECT,PAN,_T,_T,_T,_Z,_Z,_Z,2013,A,RANK,NA
75.97,602,0,NA,A,PU,NA,NA,NA,NA,FALSE,WEF_GCIHH,WEF_GCIHH_LIFEEXPECT,PAN,_T,_T,_T,_Z,_Z,_Z,2012,A,YR,NA
45,602,0,NA,A,PU,NA,NA,NA,NA,FALSE,WEF_GCIHH,WEF_GCIHH_LIFEEXPECT,PAN,_T,_T,_T,_Z,_Z,_Z,2012,A,RANK,NA
75.82,602,0,NA,A,PU,NA,NA,NA,NA,FALSE,WEF_GCIHH,WEF_GCIHH_LIFEEXPECT,PAN,_T,_T,_T,_Z,_Z,_Z,2011,A,YR,NA
47,602,0,NA,A,PU,NA,NA,NA,NA,FALSE,WEF_GCIHH,WEF_GCIHH_LIFEEXPECT,PAN,_T,_T,_T,_Z,_Z,_Z,2011,A,RANK,NA
75.66,602,0,NA,A,PU,NA,NA,NA,NA,FALSE,WEF_GCIHH,WEF_GCIHH_LIFEEXPECT,PAN,_T,_T,_T,_Z,_Z,_Z,2010,A,YR,NA
46,602,0,NA,A,PU,NA,NA,NA,NA,FALSE,WEF_GCIHH,WEF_GCIHH_LIFEEXPECT,PAN,_T,_T,_T,_Z,_Z,_Z,2010,A,RANK,NA
76,602,0,NA,A,PU,NA,NA,NA,NA,FALSE,WEF_GCIHH,WEF_GCIHH_LIFEEXPECT,PAN,_T,_T,_T,_Z,_Z,_Z,2009,A,YR,NA
38,602,0,NA,A,PU,NA,NA,NA,NA,FALSE,WEF_GCIHH,WEF_GCIHH_LIFEEXPECT,PAN,_T,_T,_T,_Z,_Z,_Z,2009,A,RANK,NA
76,602,0,NA,A,PU,NA,NA,NA,NA,FALSE,WEF_GCIHH,WEF_GCIHH_LIFEEXPECT,PAN,_T,_T,_T,_Z,_Z,_Z,2008,A,YR,NA
40,602,0,NA,A,PU,NA,NA,NA,NA,FALSE,WEF_GCIHH,WEF_GCIHH_LIFEEXPECT,PAN,_T,_T,_T,_Z,_Z,_Z,2008,A,RANK,NA
76,602,0,NA,A,PU,NA,NA,NA,NA,FALSE,WEF_GCIHH,WEF_GCIHH_LIFEEXPECT,PAN,_T,_T,_T,_Z,_Z,_Z,2007,A,YR,NA
37,602,0,NA,A,PU,NA,NA,NA,NA,FALSE,WEF_GCIHH,WEF_GCIHH_LIFEEXPECT,PAN,_T,_T,_T,_Z,_Z,_Z,2007,A,RANK,NA
73.03,602,0,NA,A,PU,NA,NA,NA,NA,TRUE,WEF_GCIHH,WEF_GCIHH_LIFEEXPECT,PRY,_T,_T,_T,_Z,_Z,_Z,2017,A,YR,NA
85,602,0,NA,A,PU,NA,NA,NA,NA,TRUE,WEF_GCIHH,WEF_GCIHH_LIFEEXPECT,PRY,_T,_T,_T,_Z,_Z,_Z,2017,A,RANK,NA
72.92,602,0,NA,A,PU,NA,NA,NA,NA,FALSE,WEF_GCIHH,WEF_GCIHH_LIFEEXPECT,PRY,_T,_T,_T,_Z,_Z,_Z,2016,A,YR,NA
86,602,0,NA,A,PU,NA,NA,NA,NA,FALSE,WEF_GCIHH,WEF_GCIHH_LIFEEXPECT,PRY,_T,_T,_T,_Z,_Z,_Z,2016,A,RANK,NA
72.27,602,0,NA,A,PU,NA,NA,NA,NA,FALSE,WEF_GCIHH,WEF_GCIHH_LIFEEXPECT,PRY,_T,_T,_T,_Z,_Z,_Z,2015,A,YR,NA
84,602,0,NA,A,PU,NA,NA,NA,NA,FALSE,WEF_GCIHH,WEF_GCIHH_LIFEEXPECT,PRY,_T,_T,_T,_Z,_Z,_Z,2015,A,RANK,NA
72.19,602,0,NA,A,PU,NA,NA,NA,NA,FALSE,WEF_GCIHH,WEF_GCIHH_LIFEEXPECT,PRY,_T,_T,_T,_Z,_Z,_Z,2014,A,YR,NA
84,602,0,NA,A,PU,NA,NA,NA,NA,FALSE,WEF_GCIHH,WEF_GCIHH_LIFEEXPECT,PRY,_T,_T,_T,_Z,_Z,_Z,2014,A,RANK,NA
72.48,602,0,NA,A,PU,NA,NA,NA,NA,FALSE,WEF_GCIHH,WEF_GCIHH_LIFEEXPECT,PRY,_T,_T,_T,_Z,_Z,_Z,2013,A,YR,NA
89,602,0,NA,A,PU,NA,NA,NA,NA,FALSE,WEF_GCIHH,WEF_GCIHH_LIFEEXPECT,PRY,_T,_T,_T,_Z,_Z,_Z,2013,A,RANK,NA
72.28,602,0,NA,A,PU,NA,NA,NA,NA,FALSE,WEF_GCIHH,WEF_GCIHH_LIFEEXPECT,PRY,_T,_T,_T,_Z,_Z,_Z,2012,A,YR,NA
88,602,0,NA,A,PU,NA,NA,NA,NA,FALSE,WEF_GCIHH,WEF_GCIHH_LIFEEXPECT,PRY,_T,_T,_T,_Z,_Z,_Z,2012,A,RANK,NA
72.08,602,0,NA,A,PU,NA,NA,NA,NA,FALSE,WEF_GCIHH,WEF_GCIHH_LIFEEXPECT,PRY,_T,_T,_T,_Z,_Z,_Z,2011,A,YR,NA
83,602,0,NA,A,PU,NA,NA,NA,NA,FALSE,WEF_GCIHH,WEF_GCIHH_LIFEEXPECT,PRY,_T,_T,_T,_Z,_Z,_Z,2011,A,RANK,NA
71.88,602,0,NA,A,PU,NA,NA,NA,NA,FALSE,WEF_GCIHH,WEF_GCIHH_LIFEEXPECT,PRY,_T,_T,_T,_Z,_Z,_Z,2010,A,YR,NA
82,602,0,NA,A,PU,NA,NA,NA,NA,FALSE,WEF_GCIHH,WEF_GCIHH_LIFEEXPECT,PRY,_T,_T,_T,_Z,_Z,_Z,2010,A,RANK,NA
74,602,0,NA,A,PU,NA,NA,NA,NA,FALSE,WEF_GCIHH,WEF_GCIHH_LIFEEXPECT,PRY,_T,_T,_T,_Z,_Z,_Z,2009,A,YR,NA
53,602,0,NA,A,PU,NA,NA,NA,NA,FALSE,WEF_GCIHH,WEF_GCIHH_LIFEEXPECT,PRY,_T,_T,_T,_Z,_Z,_Z,2009,A,RANK,NA
75,602,0,NA,A,PU,NA,NA,NA,NA,FALSE,WEF_GCIHH,WEF_GCIHH_LIFEEXPECT,PRY,_T,_T,_T,_Z,_Z,_Z,2008,A,YR,NA
42,602,0,NA,A,PU,NA,NA,NA,NA,FALSE,WEF_GCIHH,WEF_GCIHH_LIFEEXPECT,PRY,_T,_T,_T,_Z,_Z,_Z,2008,A,RANK,NA
72,602,0,NA,A,PU,NA,NA,NA,NA,FALSE,WEF_GCIHH,WEF_GCIHH_LIFEEXPECT,PRY,_T,_T,_T,_Z,_Z,_Z,2007,A,YR,NA
56,602,0,NA,A,PU,NA,NA,NA,NA,FALSE,WEF_GCIHH,WEF_GCIHH_LIFEEXPECT,PRY,_T,_T,_T,_Z,_Z,_Z,2007,A,RANK,NA
74.78,602,0,NA,A,PU,NA,NA,NA,NA,TRUE,WEF_GCIHH,WEF_GCIHH_LIFEEXPECT,PER,_T,_T,_T,_Z,_Z,_Z,2017,A,YR,NA
69,602,0,NA,A,PU,NA,NA,NA,NA,TRUE,WEF_GCIHH,WEF_GCIHH_LIFEEXPECT,PER,_T,_T,_T,_Z,_Z,_Z,2017,A,RANK,NA
74.53,602,0,NA,A,PU,NA,NA,NA,NA,FALSE,WEF_GCIHH,WEF_GCIHH_LIFEEXPECT,PER,_T,_T,_T,_Z,_Z,_Z,2016,A,YR,NA
71,602,0,NA,A,PU,NA,NA,NA,NA,FALSE,WEF_GCIHH,WEF_GCIHH_LIFEEXPECT,PER,_T,_T,_T,_Z,_Z,_Z,2016,A,RANK,NA
74.81,602,0,NA,A,PU,NA,NA,NA,NA,FALSE,WEF_GCIHH,WEF_GCIHH_LIFEEXPECT,PER,_T,_T,_T,_Z,_Z,_Z,2015,A,YR,NA
60,602,0,NA,A,PU,NA,NA,NA,NA,FALSE,WEF_GCIHH,WEF_GCIHH_LIFEEXPECT,PER,_T,_T,_T,_Z,_Z,_Z,2015,A,RANK,NA
74.52,602,0,NA,A,PU,NA,NA,NA,NA,FALSE,WEF_GCIHH,WEF_GCIHH_LIFEEXPECT,PER,_T,_T,_T,_Z,_Z,_Z,2014,A,YR,NA
64,602,0,NA,A,PU,NA,NA,NA,NA,FALSE,WEF_GCIHH,WEF_GCIHH_LIFEEXPECT,PER,_T,_T,_T,_Z,_Z,_Z,2014,A,RANK,NA
73.98,602,0,NA,A,PU,NA,NA,NA,NA,FALSE,WEF_GCIHH,WEF_GCIHH_LIFEEXPECT,PER,_T,_T,_T,_Z,_Z,_Z,2013,A,YR,NA
68,602,0,NA,A,PU,NA,NA,NA,NA,FALSE,WEF_GCIHH,WEF_GCIHH_LIFEEXPECT,PER,_T,_T,_T,_Z,_Z,_Z,2013,A,RANK,NA
73.76,602,0,NA,A,PU,NA,NA,NA,NA,FALSE,WEF_GCIHH,WEF_GCIHH_LIFEEXPECT,PER,_T,_T,_T,_Z,_Z,_Z,2012,A,YR,NA
66,602,0,NA,A,PU,NA,NA,NA,NA,FALSE,WEF_GCIHH,WEF_GCIHH_LIFEEXPECT,PER,_T,_T,_T,_Z,_Z,_Z,2012,A,RANK,NA
73.48,602,0,NA,A,PU,NA,NA,NA,NA,FALSE,WEF_GCIHH,WEF_GCIHH_LIFEEXPECT,PER,_T,_T,_T,_Z,_Z,_Z,2011,A,YR,NA
67,602,0,NA,A,PU,NA,NA,NA,NA,FALSE,WEF_GCIHH,WEF_GCIHH_LIFEEXPECT,PER,_T,_T,_T,_Z,_Z,_Z,2011,A,RANK,NA
73.26,602,0,NA,A,PU,NA,NA,NA,NA,FALSE,WEF_GCIHH,WEF_GCIHH_LIFEEXPECT,PER,_T,_T,_T,_Z,_Z,_Z,2010,A,YR,NA
68,602,0,NA,A,PU,NA,NA,NA,NA,FALSE,WEF_GCIHH,WEF_GCIHH_LIFEEXPECT,PER,_T,_T,_T,_Z,_Z,_Z,2010,A,RANK,NA
76,602,0,NA,A,PU,NA,NA,NA,NA,FALSE,WEF_GCIHH,WEF_GCIHH_LIFEEXPECT,PER,_T,_T,_T,_Z,_Z,_Z,2009,A,YR,NA
38,602,0,NA,A,PU,NA,NA,NA,NA,FALSE,WEF_GCIHH,WEF_GCIHH_LIFEEXPECT,PER,_T,_T,_T,_Z,_Z,_Z,2009,A,RANK,NA
73,602,0,NA,A,PU,NA,NA,NA,NA,FALSE,WEF_GCIHH,WEF_GCIHH_LIFEEXPECT,PER,_T,_T,_T,_Z,_Z,_Z,2008,A,YR,NA
55,602,0,NA,A,PU,NA,NA,NA,NA,FALSE,WEF_GCIHH,WEF_GCIHH_LIFEEXPECT,PER,_T,_T,_T,_Z,_Z,_Z,2008,A,RANK,NA
71,602,0,NA,A,PU,NA,NA,NA,NA,FALSE,WEF_GCIHH,WEF_GCIHH_LIFEEXPECT,PER,_T,_T,_T,_Z,_Z,_Z,2007,A,YR,NA
71,602,0,NA,A,PU,NA,NA,NA,NA,FALSE,WEF_GCIHH,WEF_GCIHH_LIFEEXPECT,PER,_T,_T,_T,_Z,_Z,_Z,2007,A,RANK,NA
68.41,602,0,NA,A,PU,NA,NA,NA,NA,TRUE,WEF_GCIHH,WEF_GCIHH_LIFEEXPECT,PHL,_T,_T,_T,_Z,_Z,_Z,2017,A,YR,NA
103,602,0,NA,A,PU,NA,NA,NA,NA,TRUE,WEF_GCIHH,WEF_GCIHH_LIFEEXPECT,PHL,_T,_T,_T,_Z,_Z,_Z,2017,A,RANK,NA
68.27,602,0,NA,A,PU,NA,NA,NA,NA,FALSE,WEF_GCIHH,WEF_GCIHH_LIFEEXPECT,PHL,_T,_T,_T,_Z,_Z,_Z,2016,A,YR,NA
104,602,0,NA,A,PU,NA,NA,NA,NA,FALSE,WEF_GCIHH,WEF_GCIHH_LIFEEXPECT,PHL,_T,_T,_T,_Z,_Z,_Z,2016,A,RANK,NA
68.71,602,0,NA,A,PU,NA,NA,NA,NA,FALSE,WEF_GCIHH,WEF_GCIHH_LIFEEXPECT,PHL,_T,_T,_T,_Z,_Z,_Z,2015,A,YR,NA
99,602,0,NA,A,PU,NA,NA,NA,NA,FALSE,WEF_GCIHH,WEF_GCIHH_LIFEEXPECT,PHL,_T,_T,_T,_Z,_Z,_Z,2015,A,RANK,NA
68.55,602,0,NA,A,PU,NA,NA,NA,NA,FALSE,WEF_GCIHH,WEF_GCIHH_LIFEEXPECT,PHL,_T,_T,_T,_Z,_Z,_Z,2014,A,YR,NA
101,602,0,NA,A,PU,NA,NA,NA,NA,FALSE,WEF_GCIHH,WEF_GCIHH_LIFEEXPECT,PHL,_T,_T,_T,_Z,_Z,_Z,2014,A,RANK,NA
68.76,602,0,NA,A,PU,NA,NA,NA,NA,FALSE,WEF_GCIHH,WEF_GCIHH_LIFEEXPECT,PHL,_T,_T,_T,_Z,_Z,_Z,2013,A,YR,NA
104,602,0,NA,A,PU,NA,NA,NA,NA,FALSE,WEF_GCIHH,WEF_GCIHH_LIFEEXPECT,PHL,_T,_T,_T,_Z,_Z,_Z,2013,A,RANK,NA
68.48,602,0,NA,A,PU,NA,NA,NA,NA,FALSE,WEF_GCIHH,WEF_GCIHH_LIFEEXPECT,PHL,_T,_T,_T,_Z,_Z,_Z,2012,A,YR,NA
102,602,0,NA,A,PU,NA,NA,NA,NA,FALSE,WEF_GCIHH,WEF_GCIHH_LIFEEXPECT,PHL,_T,_T,_T,_Z,_Z,_Z,2012,A,RANK,NA
72.08,602,0,NA,A,PU,NA,NA,NA,NA,FALSE,WEF_GCIHH,WEF_GCIHH_LIFEEXPECT,PHL,_T,_T,_T,_Z,_Z,_Z,2011,A,YR,NA
82,602,0,NA,A,PU,NA,NA,NA,NA,FALSE,WEF_GCIHH,WEF_GCIHH_LIFEEXPECT,PHL,_T,_T,_T,_Z,_Z,_Z,2011,A,RANK,NA
71.83,602,0,NA,A,PU,NA,NA,NA,NA,FALSE,WEF_GCIHH,WEF_GCIHH_LIFEEXPECT,PHL,_T,_T,_T,_Z,_Z,_Z,2010,A,YR,NA
84,602,0,NA,A,PU,NA,NA,NA,NA,FALSE,WEF_GCIHH,WEF_GCIHH_LIFEEXPECT,PHL,_T,_T,_T,_Z,_Z,_Z,2010,A,RANK,NA
71,602,0,NA,A,PU,NA,NA,NA,NA,FALSE,WEF_GCIHH,WEF_GCIHH_LIFEEXPECT,PHL,_T,_T,_T,_Z,_Z,_Z,2009,A,YR,NA
80,602,0,NA,A,PU,NA,NA,NA,NA,FALSE,WEF_GCIHH,WEF_GCIHH_LIFEEXPECT,PHL,_T,_T,_T,_Z,_Z,_Z,2009,A,RANK,NA
68,602,0,NA,A,PU,NA,NA,NA,NA,FALSE,WEF_GCIHH,WEF_GCIHH_LIFEEXPECT,PHL,_T,_T,_T,_Z,_Z,_Z,2008,A,YR,NA
89,602,0,NA,A,PU,NA,NA,NA,NA,FALSE,WEF_GCIHH,WEF_GCIHH_LIFEEXPECT,PHL,_T,_T,_T,_Z,_Z,_Z,2008,A,RANK,NA
68,602,0,NA,A,PU,NA,NA,NA,NA,FALSE,WEF_GCIHH,WEF_GCIHH_LIFEEXPECT,PHL,_T,_T,_T,_Z,_Z,_Z,2007,A,YR,NA
85,602,0,NA,A,PU,NA,NA,NA,NA,FALSE,WEF_GCIHH,WEF_GCIHH_LIFEEXPECT,PHL,_T,_T,_T,_Z,_Z,_Z,2007,A,RANK,NA
78.2,602,0,NA,A,PU,NA,NA,NA,NA,TRUE,WEF_GCIHH,WEF_GCIHH_LIFEEXPECT,POL,_T,_T,_T,_Z,_Z,_Z,2017,A,YR,NA
38,602,0,NA,A,PU,NA,NA,NA,NA,TRUE,WEF_GCIHH,WEF_GCIHH_LIFEEXPECT,POL,_T,_T,_T,_Z,_Z,_Z,2017,A,RANK,NA
77.25,602,0,NA,A,PU,NA,NA,NA,NA,FALSE,WEF_GCIHH,WEF_GCIHH_LIFEEXPECT,POL,_T,_T,_T,_Z,_Z,_Z,2016,A,YR,NA
42,602,0,NA,A,PU,NA,NA,NA,NA,FALSE,WEF_GCIHH,WEF_GCIHH_LIFEEXPECT,POL,_T,_T,_T,_Z,_Z,_Z,2016,A,RANK,NA
76.85,602,0,NA,A,PU,NA,NA,NA,NA,FALSE,WEF_GCIHH,WEF_GCIHH_LIFEEXPECT,POL,_T,_T,_T,_Z,_Z,_Z,2015,A,YR,NA
44,602,0,NA,A,PU,NA,NA,NA,NA,FALSE,WEF_GCIHH,WEF_GCIHH_LIFEEXPECT,POL,_T,_T,_T,_Z,_Z,_Z,2015,A,RANK,NA
76.8,602,0,NA,A,PU,NA,NA,NA,NA,FALSE,WEF_GCIHH,WEF_GCIHH_LIFEEXPECT,POL,_T,_T,_T,_Z,_Z,_Z,2014,A,YR,NA
44,602,0,NA,A,PU,NA,NA,NA,NA,FALSE,WEF_GCIHH,WEF_GCIHH_LIFEEXPECT,POL,_T,_T,_T,_Z,_Z,_Z,2014,A,RANK,NA
76.75,602,0,NA,A,PU,NA,NA,NA,NA,FALSE,WEF_GCIHH,WEF_GCIHH_LIFEEXPECT,POL,_T,_T,_T,_Z,_Z,_Z,2013,A,YR,NA
41,602,0,NA,A,PU,NA,NA,NA,NA,FALSE,WEF_GCIHH,WEF_GCIHH_LIFEEXPECT,POL,_T,_T,_T,_Z,_Z,_Z,2013,A,RANK,NA
76.25,602,0,NA,A,PU,NA,NA,NA,NA,FALSE,WEF_GCIHH,WEF_GCIHH_LIFEEXPECT,POL,_T,_T,_T,_Z,_Z,_Z,2012,A,YR,NA
43,602,0,NA,A,PU,NA,NA,NA,NA,FALSE,WEF_GCIHH,WEF_GCIHH_LIFEEXPECT,POL,_T,_T,_T,_Z,_Z,_Z,2012,A,RANK,NA
75.7,602,0,NA,A,PU,NA,NA,NA,NA,FALSE,WEF_GCIHH,WEF_GCIHH_LIFEEXPECT,POL,_T,_T,_T,_Z,_Z,_Z,2011,A,YR,NA
48,602,0,NA,A,PU,NA,NA,NA,NA,FALSE,WEF_GCIHH,WEF_GCIHH_LIFEEXPECT,POL,_T,_T,_T,_Z,_Z,_Z,2011,A,RANK,NA
75.53,602,0,NA,A,PU,NA,NA,NA,NA,FALSE,WEF_GCIHH,WEF_GCIHH_LIFEEXPECT,POL,_T,_T,_T,_Z,_Z,_Z,2010,A,YR,NA
47,602,0,NA,A,PU,NA,NA,NA,NA,FALSE,WEF_GCIHH,WEF_GCIHH_LIFEEXPECT,POL,_T,_T,_T,_Z,_Z,_Z,2010,A,RANK,NA
75,602,0,NA,A,PU,NA,NA,NA,NA,FALSE,WEF_GCIHH,WEF_GCIHH_LIFEEXPECT,POL,_T,_T,_T,_Z,_Z,_Z,2009,A,YR,NA
45,602,0,NA,A,PU,NA,NA,NA,NA,FALSE,WEF_GCIHH,WEF_GCIHH_LIFEEXPECT,POL,_T,_T,_T,_Z,_Z,_Z,2009,A,RANK,NA
75,602,0,NA,A,PU,NA,NA,NA,NA,FALSE,WEF_GCIHH,WEF_GCIHH_LIFEEXPECT,POL,_T,_T,_T,_Z,_Z,_Z,2008,A,YR,NA
42,602,0,NA,A,PU,NA,NA,NA,NA,FALSE,WEF_GCIHH,WEF_GCIHH_LIFEEXPECT,POL,_T,_T,_T,_Z,_Z,_Z,2008,A,RANK,NA
75,602,0,NA,A,PU,NA,NA,NA,NA,FALSE,WEF_GCIHH,WEF_GCIHH_LIFEEXPECT,POL,_T,_T,_T,_Z,_Z,_Z,2007,A,YR,NA
40,602,0,NA,A,PU,NA,NA,NA,NA,FALSE,WEF_GCIHH,WEF_GCIHH_LIFEEXPECT,POL,_T,_T,_T,_Z,_Z,_Z,2007,A,RANK,NA
81.52,602,0,NA,A,PU,NA,NA,NA,NA,TRUE,WEF_GCIHH,WEF_GCIHH_LIFEEXPECT,PRT,_T,_T,_T,_Z,_Z,_Z,2017,A,YR,NA
22,602,0,NA,A,PU,NA,NA,NA,NA,TRUE,WEF_GCIHH,WEF_GCIHH_LIFEEXPECT,PRT,_T,_T,_T,_Z,_Z,_Z,2017,A,RANK,NA
80.72,602,0,NA,A,PU,NA,NA,NA,NA,FALSE,WEF_GCIHH,WEF_GCIHH_LIFEEXPECT,PRT,_T,_T,_T,_Z,_Z,_Z,2016,A,YR,NA
26,602,0,NA,A,PU,NA,NA,NA,NA,FALSE,WEF_GCIHH,WEF_GCIHH_LIFEEXPECT,PRT,_T,_T,_T,_Z,_Z,_Z,2016,A,RANK,NA
80.37,602,0,NA,A,PU,NA,NA,NA,NA,FALSE,WEF_GCIHH,WEF_GCIHH_LIFEEXPECT,PRT,_T,_T,_T,_Z,_Z,_Z,2015,A,YR,NA
26,602,0,NA,A,PU,NA,NA,NA,NA,FALSE,WEF_GCIHH,WEF_GCIHH_LIFEEXPECT,PRT,_T,_T,_T,_Z,_Z,_Z,2015,A,RANK,NA
80.37,602,0,NA,A,PU,NA,NA,NA,NA,FALSE,WEF_GCIHH,WEF_GCIHH_LIFEEXPECT,PRT,_T,_T,_T,_Z,_Z,_Z,2014,A,YR,NA
26,602,0,NA,A,PU,NA,NA,NA,NA,FALSE,WEF_GCIHH,WEF_GCIHH_LIFEEXPECT,PRT,_T,_T,_T,_Z,_Z,_Z,2014,A,RANK,NA
80.72,602,0,NA,A,PU,NA,NA,NA,NA,FALSE,WEF_GCIHH,WEF_GCIHH_LIFEEXPECT,PRT,_T,_T,_T,_Z,_Z,_Z,2013,A,YR,NA
23,602,0,NA,A,PU,NA,NA,NA,NA,FALSE,WEF_GCIHH,WEF_GCIHH_LIFEEXPECT,PRT,_T,_T,_T,_Z,_Z,_Z,2013,A,RANK,NA
79.03,602,0,NA,A,PU,NA,NA,NA,NA,FALSE,WEF_GCIHH,WEF_GCIHH_LIFEEXPECT,PRT,_T,_T,_T,_Z,_Z,_Z,2012,A,YR,NA
31,602,0,NA,A,PU,NA,NA,NA,NA,FALSE,WEF_GCIHH,WEF_GCIHH_LIFEEXPECT,PRT,_T,_T,_T,_Z,_Z,_Z,2012,A,RANK,NA
78.73,602,0,NA,A,PU,NA,NA,NA,NA,FALSE,WEF_GCIHH,WEF_GCIHH_LIFEEXPECT,PRT,_T,_T,_T,_Z,_Z,_Z,2011,A,YR,NA
30,602,0,NA,A,PU,NA,NA,NA,NA,FALSE,WEF_GCIHH,WEF_GCIHH_LIFEEXPECT,PRT,_T,_T,_T,_Z,_Z,_Z,2011,A,RANK,NA
79.25,602,0,NA,A,PU,NA,NA,NA,NA,FALSE,WEF_GCIHH,WEF_GCIHH_LIFEEXPECT,PRT,_T,_T,_T,_Z,_Z,_Z,2010,A,YR,NA
27,602,0,NA,A,PU,NA,NA,NA,NA,FALSE,WEF_GCIHH,WEF_GCIHH_LIFEEXPECT,PRT,_T,_T,_T,_Z,_Z,_Z,2010,A,RANK,NA
79,602,0,NA,A,PU,NA,NA,NA,NA,FALSE,WEF_GCIHH,WEF_GCIHH_LIFEEXPECT,PRT,_T,_T,_T,_Z,_Z,_Z,2009,A,YR,NA
25,602,0,NA,A,PU,NA,NA,NA,NA,FALSE,WEF_GCIHH,WEF_GCIHH_LIFEEXPECT,PRT,_T,_T,_T,_Z,_Z,_Z,2009,A,RANK,NA
79,602,0,NA,A,PU,NA,NA,NA,NA,FALSE,WEF_GCIHH,WEF_GCIHH_LIFEEXPECT,PRT,_T,_T,_T,_Z,_Z,_Z,2008,A,YR,NA
22,602,0,NA,A,PU,NA,NA,NA,NA,FALSE,WEF_GCIHH,WEF_GCIHH_LIFEEXPECT,PRT,_T,_T,_T,_Z,_Z,_Z,2008,A,RANK,NA
78,602,0,NA,A,PU,NA,NA,NA,NA,FALSE,WEF_GCIHH,WEF_GCIHH_LIFEEXPECT,PRT,_T,_T,_T,_Z,_Z,_Z,2007,A,YR,NA
24,602,0,NA,A,PU,NA,NA,NA,NA,FALSE,WEF_GCIHH,WEF_GCIHH_LIFEEXPECT,PRT,_T,_T,_T,_Z,_Z,_Z,2007,A,RANK,NA
78.54,602,0,NA,A,PU,NA,NA,NA,NA,TRUE,WEF_GCIHH,WEF_GCIHH_LIFEEXPECT,PRI,_T,_T,_T,_Z,_Z,_Z,2014,A,YR,NA
35,602,0,NA,A,PU,NA,NA,NA,NA,TRUE,WEF_GCIHH,WEF_GCIHH_LIFEEXPECT,PRI,_T,_T,_T,_Z,_Z,_Z,2014,A,RANK,NA
79.03,602,0,NA,A,PU,NA,NA,NA,NA,FALSE,WEF_GCIHH,WEF_GCIHH_LIFEEXPECT,PRI,_T,_T,_T,_Z,_Z,_Z,2013,A,YR,NA
32,602,0,NA,A,PU,NA,NA,NA,NA,FALSE,WEF_GCIHH,WEF_GCIHH_LIFEEXPECT,PRI,_T,_T,_T,_Z,_Z,_Z,2013,A,RANK,NA
78.91,602,0,NA,A,PU,NA,NA,NA,NA,FALSE,WEF_GCIHH,WEF_GCIHH_LIFEEXPECT,PRI,_T,_T,_T,_Z,_Z,_Z,2012,A,YR,NA
32,602,0,NA,A,PU,NA,NA,NA,NA,FALSE,WEF_GCIHH,WEF_GCIHH_LIFEEXPECT,PRI,_T,_T,_T,_Z,_Z,_Z,2012,A,RANK,NA
78.62,602,0,NA,A,PU,NA,NA,NA,NA,FALSE,WEF_GCIHH,WEF_GCIHH_LIFEEXPECT,PRI,_T,_T,_T,_Z,_Z,_Z,2011,A,YR,NA
33,602,0,NA,A,PU,NA,NA,NA,NA,FALSE,WEF_GCIHH,WEF_GCIHH_LIFEEXPECT,PRI,_T,_T,_T,_Z,_Z,_Z,2011,A,RANK,NA
78.56,602,0,NA,A,PU,NA,NA,NA,NA,FALSE,WEF_GCIHH,WEF_GCIHH_LIFEEXPECT,PRI,_T,_T,_T,_Z,_Z,_Z,2010,A,YR,NA
33,602,0,NA,A,PU,NA,NA,NA,NA,FALSE,WEF_GCIHH,WEF_GCIHH_LIFEEXPECT,PRI,_T,_T,_T,_Z,_Z,_Z,2010,A,RANK,NA
77.5,602,0,NA,A,PU,NA,NA,NA,NA,FALSE,WEF_GCIHH,WEF_GCIHH_LIFEEXPECT,PRI,_T,_T,_T,_Z,_Z,_Z,2009,A,YR,NA
36,602,0,NA,A,PU,NA,NA,NA,NA,FALSE,WEF_GCIHH,WEF_GCIHH_LIFEEXPECT,PRI,_T,_T,_T,_Z,_Z,_Z,2009,A,RANK,NA
77.48,602,0,NA,A,PU,NA,NA,NA,NA,FALSE,WEF_GCIHH,WEF_GCIHH_LIFEEXPECT,PRI,_T,_T,_T,_Z,_Z,_Z,2008,A,YR,NA
35,602,0,NA,A,PU,NA,NA,NA,NA,FALSE,WEF_GCIHH,WEF_GCIHH_LIFEEXPECT,PRI,_T,_T,_T,_Z,_Z,_Z,2008,A,RANK,NA
78,602,0,NA,A,PU,NA,NA,NA,NA,FALSE,WEF_GCIHH,WEF_GCIHH_LIFEEXPECT,PRI,_T,_T,_T,_Z,_Z,_Z,2007,A,YR,NA
24,602,0,NA,A,PU,NA,NA,NA,NA,FALSE,WEF_GCIHH,WEF_GCIHH_LIFEEXPECT,PRI,_T,_T,_T,_Z,_Z,_Z,2007,A,RANK,NA
78.76,602,0,NA,A,PU,NA,NA,NA,NA,TRUE,WEF_GCIHH,WEF_GCIHH_LIFEEXPECT,QAT,_T,_T,_T,_Z,_Z,_Z,2017,A,YR,NA
36,602,0,NA,A,PU,NA,NA,NA,NA,TRUE,WEF_GCIHH,WEF_GCIHH_LIFEEXPECT,QAT,_T,_T,_T,_Z,_Z,_Z,2017,A,RANK,NA
78.6,602,0,NA,A,PU,NA,NA,NA,NA,FALSE,WEF_GCIHH,WEF_GCIHH_LIFEEXPECT,QAT,_T,_T,_T,_Z,_Z,_Z,2016,A,YR,NA
36,602,0,NA,A,PU,NA,NA,NA,NA,FALSE,WEF_GCIHH,WEF_GCIHH_LIFEEXPECT,QAT,_T,_T,_T,_Z,_Z,_Z,2016,A,RANK,NA
78.61,602,0,NA,A,PU,NA,NA,NA,NA,FALSE,WEF_GCIHH,WEF_GCIHH_LIFEEXPECT,QAT,_T,_T,_T,_Z,_Z,_Z,2015,A,YR,NA
35,602,0,NA,A,PU,NA,NA,NA,NA,FALSE,WEF_GCIHH,WEF_GCIHH_LIFEEXPECT,QAT,_T,_T,_T,_Z,_Z,_Z,2015,A,RANK,NA
78.45,602,0,NA,A,PU,NA,NA,NA,NA,FALSE,WEF_GCIHH,WEF_GCIHH_LIFEEXPECT,QAT,_T,_T,_T,_Z,_Z,_Z,2014,A,YR,NA
36,602,0,NA,A,PU,NA,NA,NA,NA,FALSE,WEF_GCIHH,WEF_GCIHH_LIFEEXPECT,QAT,_T,_T,_T,_Z,_Z,_Z,2014,A,RANK,NA
78.25,602,0,NA,A,PU,NA,NA,NA,NA,FALSE,WEF_GCIHH,WEF_GCIHH_LIFEEXPECT,QAT,_T,_T,_T,_Z,_Z,_Z,2013,A,YR,NA
35,602,0,NA,A,PU,NA,NA,NA,NA,FALSE,WEF_GCIHH,WEF_GCIHH_LIFEEXPECT,QAT,_T,_T,_T,_Z,_Z,_Z,2013,A,RANK,NA
78.1,602,0,NA,A,PU,NA,NA,NA,NA,FALSE,WEF_GCIHH,WEF_GCIHH_LIFEEXPECT,QAT,_T,_T,_T,_Z,_Z,_Z,2012,A,YR,NA
35,602,0,NA,A,PU,NA,NA,NA,NA,FALSE,WEF_GCIHH,WEF_GCIHH_LIFEEXPECT,QAT,_T,_T,_T,_Z,_Z,_Z,2012,A,RANK,NA
76.12,602,0,NA,A,PU,NA,NA,NA,NA,FALSE,WEF_GCIHH,WEF_GCIHH_LIFEEXPECT,QAT,_T,_T,_T,_Z,_Z,_Z,2011,A,YR,NA
44,602,0,NA,A,PU,NA,NA,NA,NA,FALSE,WEF_GCIHH,WEF_GCIHH_LIFEEXPECT,QAT,_T,_T,_T,_Z,_Z,_Z,2011,A,RANK,NA
75.94,602,0,NA,A,PU,NA,NA,NA,NA,FALSE,WEF_GCIHH,WEF_GCIHH_LIFEEXPECT,QAT,_T,_T,_T,_Z,_Z,_Z,2010,A,YR,NA
42,602,0,NA,A,PU,NA,NA,NA,NA,FALSE,WEF_GCIHH,WEF_GCIHH_LIFEEXPECT,QAT,_T,_T,_T,_Z,_Z,_Z,2010,A,RANK,NA
76,602,0,NA,A,PU,NA,NA,NA,NA,FALSE,WEF_GCIHH,WEF_GCIHH_LIFEEXPECT,QAT,_T,_T,_T,_Z,_Z,_Z,2009,A,YR,NA
38,602,0,NA,A,PU,NA,NA,NA,NA,FALSE,WEF_GCIHH,WEF_GCIHH_LIFEEXPECT,QAT,_T,_T,_T,_Z,_Z,_Z,2009,A,RANK,NA
77,602,0,NA,A,PU,NA,NA,NA,NA,FALSE,WEF_GCIHH,WEF_GCIHH_LIFEEXPECT,QAT,_T,_T,_T,_Z,_Z,_Z,2008,A,YR,NA
37,602,0,NA,A,PU,NA,NA,NA,NA,FALSE,WEF_GCIHH,WEF_GCIHH_LIFEEXPECT,QAT,_T,_T,_T,_Z,_Z,_Z,2008,A,RANK,NA
76,602,0,NA,A,PU,NA,NA,NA,NA,FALSE,WEF_GCIHH,WEF_GCIHH_LIFEEXPECT,QAT,_T,_T,_T,_Z,_Z,_Z,2007,A,YR,NA
37,602,0,NA,A,PU,NA,NA,NA,NA,FALSE,WEF_GCIHH,WEF_GCIHH_LIFEEXPECT,QAT,_T,_T,_T,_Z,_Z,_Z,2007,A,RANK,NA
74.96,602,0,NA,A,PU,NA,NA,NA,NA,TRUE,WEF_GCIHH,WEF_GCIHH_LIFEEXPECT,ROU,_T,_T,_T,_Z,_Z,_Z,2017,A,YR,NA
64,602,0,NA,A,PU,NA,NA,NA,NA,TRUE,WEF_GCIHH,WEF_GCIHH_LIFEEXPECT,ROU,_T,_T,_T,_Z,_Z,_Z,2017,A,RANK,NA
75.06,602,0,NA,A,PU,NA,NA,NA,NA,FALSE,WEF_GCIHH,WEF_GCIHH_LIFEEXPECT,ROU,_T,_T,_T,_Z,_Z,_Z,2016,A,YR,NA
63,602,0,NA,A,PU,NA,NA,NA,NA,FALSE,WEF_GCIHH,WEF_GCIHH_LIFEEXPECT,ROU,_T,_T,_T,_Z,_Z,_Z,2016,A,RANK,NA
74.46,602,0,NA,A,PU,NA,NA,NA,NA,FALSE,WEF_GCIHH,WEF_GCIHH_LIFEEXPECT,ROU,_T,_T,_T,_Z,_Z,_Z,2015,A,YR,NA
66,602,0,NA,A,PU,NA,NA,NA,NA,FALSE,WEF_GCIHH,WEF_GCIHH_LIFEEXPECT,ROU,_T,_T,_T,_Z,_Z,_Z,2015,A,RANK,NA
74.56,602,0,NA,A,PU,NA,NA,NA,NA,FALSE,WEF_GCIHH,WEF_GCIHH_LIFEEXPECT,ROU,_T,_T,_T,_Z,_Z,_Z,2014,A,YR,NA
62,602,0,NA,A,PU,NA,NA,NA,NA,FALSE,WEF_GCIHH,WEF_GCIHH_LIFEEXPECT,ROU,_T,_T,_T,_Z,_Z,_Z,2014,A,RANK,NA
74.51,602,0,NA,A,PU,NA,NA,NA,NA,FALSE,WEF_GCIHH,WEF_GCIHH_LIFEEXPECT,ROU,_T,_T,_T,_Z,_Z,_Z,2013,A,YR,NA
60,602,0,NA,A,PU,NA,NA,NA,NA,FALSE,WEF_GCIHH,WEF_GCIHH_LIFEEXPECT,ROU,_T,_T,_T,_Z,_Z,_Z,2013,A,RANK,NA
73.46,602,0,NA,A,PU,NA,NA,NA,NA,FALSE,WEF_GCIHH,WEF_GCIHH_LIFEEXPECT,ROU,_T,_T,_T,_Z,_Z,_Z,2012,A,YR,NA
71,602,0,NA,A,PU,NA,NA,NA,NA,FALSE,WEF_GCIHH,WEF_GCIHH_LIFEEXPECT,ROU,_T,_T,_T,_Z,_Z,_Z,2012,A,RANK,NA
73.31,602,0,NA,A,PU,NA,NA,NA,NA,FALSE,WEF_GCIHH,WEF_GCIHH_LIFEEXPECT,ROU,_T,_T,_T,_Z,_Z,_Z,2011,A,YR,NA
71,602,0,NA,A,PU,NA,NA,NA,NA,FALSE,WEF_GCIHH,WEF_GCIHH_LIFEEXPECT,ROU,_T,_T,_T,_Z,_Z,_Z,2011,A,RANK,NA
73.37,602,0,NA,A,PU,NA,NA,NA,NA,FALSE,WEF_GCIHH,WEF_GCIHH_LIFEEXPECT,ROU,_T,_T,_T,_Z,_Z,_Z,2010,A,YR,NA
66,602,0,NA,A,PU,NA,NA,NA,NA,FALSE,WEF_GCIHH,WEF_GCIHH_LIFEEXPECT,ROU,_T,_T,_T,_Z,_Z,_Z,2010,A,RANK,NA
73,602,0,NA,A,PU,NA,NA,NA,NA,FALSE,WEF_GCIHH,WEF_GCIHH_LIFEEXPECT,ROU,_T,_T,_T,_Z,_Z,_Z,2009,A,YR,NA
59,602,0,NA,A,PU,NA,NA,NA,NA,FALSE,WEF_GCIHH,WEF_GCIHH_LIFEEXPECT,ROU,_T,_T,_T,_Z,_Z,_Z,2009,A,RANK,NA
73,602,0,NA,A,PU,NA,NA,NA,NA,FALSE,WEF_GCIHH,WEF_GCIHH_LIFEEXPECT,ROU,_T,_T,_T,_Z,_Z,_Z,2008,A,YR,NA
55,602,0,NA,A,PU,NA,NA,NA,NA,FALSE,WEF_GCIHH,WEF_GCIHH_LIFEEXPECT,ROU,_T,_T,_T,_Z,_Z,_Z,2008,A,RANK,NA
72,602,0,NA,A,PU,NA,NA,NA,NA,FALSE,WEF_GCIHH,WEF_GCIHH_LIFEEXPECT,ROU,_T,_T,_T,_Z,_Z,_Z,2007,A,YR,NA
56,602,0,NA,A,PU,NA,NA,NA,NA,FALSE,WEF_GCIHH,WEF_GCIHH_LIFEEXPECT,ROU,_T,_T,_T,_Z,_Z,_Z,2007,A,RANK,NA
70.91,602,0,NA,A,PU,NA,NA,NA,NA,TRUE,WEF_GCIHH,WEF_GCIHH_LIFEEXPECT,RUS,_T,_T,_T,_Z,_Z,_Z,2017,A,YR,NA
93,602,0,NA,A,PU,NA,NA,NA,NA,TRUE,WEF_GCIHH,WEF_GCIHH_LIFEEXPECT,RUS,_T,_T,_T,_Z,_Z,_Z,2017,A,RANK,NA
70.37,602,0,NA,A,PU,NA,NA,NA,NA,FALSE,WEF_GCIHH,WEF_GCIHH_LIFEEXPECT,RUS,_T,_T,_T,_Z,_Z,_Z,2016,A,YR,NA
97,602,0,NA,A,PU,NA,NA,NA,NA,FALSE,WEF_GCIHH,WEF_GCIHH_LIFEEXPECT,RUS,_T,_T,_T,_Z,_Z,_Z,2016,A,RANK,NA
71.07,602,0,NA,A,PU,NA,NA,NA,NA,FALSE,WEF_GCIHH,WEF_GCIHH_LIFEEXPECT,RUS,_T,_T,_T,_Z,_Z,_Z,2015,A,YR,NA
89,602,0,NA,A,PU,NA,NA,NA,NA,FALSE,WEF_GCIHH,WEF_GCIHH_LIFEEXPECT,RUS,_T,_T,_T,_Z,_Z,_Z,2015,A,RANK,NA
70.46,602,0,NA,A,PU,NA,NA,NA,NA,FALSE,WEF_GCIHH,WEF_GCIHH_LIFEEXPECT,RUS,_T,_T,_T,_Z,_Z,_Z,2014,A,YR,NA
95,602,0,NA,A,PU,NA,NA,NA,NA,FALSE,WEF_GCIHH,WEF_GCIHH_LIFEEXPECT,RUS,_T,_T,_T,_Z,_Z,_Z,2014,A,RANK,NA
69,602,0,NA,A,PU,NA,NA,NA,NA,FALSE,WEF_GCIHH,WEF_GCIHH_LIFEEXPECT,RUS,_T,_T,_T,_Z,_Z,_Z,2013,A,YR,NA
101,602,0,NA,A,PU,NA,NA,NA,NA,FALSE,WEF_GCIHH,WEF_GCIHH_LIFEEXPECT,RUS,_T,_T,_T,_Z,_Z,_Z,2013,A,RANK,NA
68.8,602,0,NA,A,PU,NA,NA,NA,NA,FALSE,WEF_GCIHH,WEF_GCIHH_LIFEEXPECT,RUS,_T,_T,_T,_Z,_Z,_Z,2012,A,YR,NA
100,602,0,NA,A,PU,NA,NA,NA,NA,FALSE,WEF_GCIHH,WEF_GCIHH_LIFEEXPECT,RUS,_T,_T,_T,_Z,_Z,_Z,2012,A,RANK,NA
68.86,602,0,NA,A,PU,NA,NA,NA,NA,FALSE,WEF_GCIHH,WEF_GCIHH_LIFEEXPECT,RUS,_T,_T,_T,_Z,_Z,_Z,2011,A,YR,NA
99,602,0,NA,A,PU,NA,NA,NA,NA,FALSE,WEF_GCIHH,WEF_GCIHH_LIFEEXPECT,RUS,_T,_T,_T,_Z,_Z,_Z,2011,A,RANK,NA
67.84,602,0,NA,A,PU,NA,NA,NA,NA,FALSE,WEF_GCIHH,WEF_GCIHH_LIFEEXPECT,RUS,_T,_T,_T,_Z,_Z,_Z,2010,A,YR,NA
99,602,0,NA,A,PU,NA,NA,NA,NA,FALSE,WEF_GCIHH,WEF_GCIHH_LIFEEXPECT,RUS,_T,_T,_T,_Z,_Z,_Z,2010,A,RANK,NA
66,602,0,NA,A,PU,NA,NA,NA,NA,FALSE,WEF_GCIHH,WEF_GCIHH_LIFEEXPECT,RUS,_T,_T,_T,_Z,_Z,_Z,2009,A,YR,NA
97,602,0,NA,A,PU,NA,NA,NA,NA,FALSE,WEF_GCIHH,WEF_GCIHH_LIFEEXPECT,RUS,_T,_T,_T,_Z,_Z,_Z,2009,A,RANK,NA
66,602,0,NA,A,PU,NA,NA,NA,NA,FALSE,WEF_GCIHH,WEF_GCIHH_LIFEEXPECT,RUS,_T,_T,_T,_Z,_Z,_Z,2008,A,YR,NA
96,602,0,NA,A,PU,NA,NA,NA,NA,FALSE,WEF_GCIHH,WEF_GCIHH_LIFEEXPECT,RUS,_T,_T,_T,_Z,_Z,_Z,2008,A,RANK,NA
65,602,0,NA,A,PU,NA,NA,NA,NA,FALSE,WEF_GCIHH,WEF_GCIHH_LIFEEXPECT,RUS,_T,_T,_T,_Z,_Z,_Z,2007,A,YR,NA
96,602,0,NA,A,PU,NA,NA,NA,NA,FALSE,WEF_GCIHH,WEF_GCIHH_LIFEEXPECT,RUS,_T,_T,_T,_Z,_Z,_Z,2007,A,RANK,NA
64.52,602,0,NA,A,PU,NA,NA,NA,NA,TRUE,WEF_GCIHH,WEF_GCIHH_LIFEEXPECT,RWA,_T,_T,_T,_Z,_Z,_Z,2017,A,YR,NA
112,602,0,NA,A,PU,NA,NA,NA,NA,TRUE,WEF_GCIHH,WEF_GCIHH_LIFEEXPECT,RWA,_T,_T,_T,_Z,_Z,_Z,2017,A,RANK,NA
63.97,602,0,NA,A,PU,NA,NA,NA,NA,FALSE,WEF_GCIHH,WEF_GCIHH_LIFEEXPECT,RWA,_T,_T,_T,_Z,_Z,_Z,2016,A,YR,NA
116,602,0,NA,A,PU,NA,NA,NA,NA,FALSE,WEF_GCIHH,WEF_GCIHH_LIFEEXPECT,RWA,_T,_T,_T,_Z,_Z,_Z,2016,A,RANK,NA
63.99,602,0,NA,A,PU,NA,NA,NA,NA,FALSE,WEF_GCIHH,WEF_GCIHH_LIFEEXPECT,RWA,_T,_T,_T,_Z,_Z,_Z,2015,A,YR,NA
112,602,0,NA,A,PU,NA,NA,NA,NA,FALSE,WEF_GCIHH,WEF_GCIHH_LIFEEXPECT,RWA,_T,_T,_T,_Z,_Z,_Z,2015,A,RANK,NA
63.49,602,0,NA,A,PU,NA,NA,NA,NA,FALSE,WEF_GCIHH,WEF_GCIHH_LIFEEXPECT,RWA,_T,_T,_T,_Z,_Z,_Z,2014,A,YR,NA
115,602,0,NA,A,PU,NA,NA,NA,NA,FALSE,WEF_GCIHH,WEF_GCIHH_LIFEEXPECT,RWA,_T,_T,_T,_Z,_Z,_Z,2014,A,RANK,NA
55.39,602,0,NA,A,PU,NA,NA,NA,NA,FALSE,WEF_GCIHH,WEF_GCIHH_LIFEEXPECT,RWA,_T,_T,_T,_Z,_Z,_Z,2013,A,YR,NA
130,602,0,NA,A,PU,NA,NA,NA,NA,FALSE,WEF_GCIHH,WEF_GCIHH_LIFEEXPECT,RWA,_T,_T,_T,_Z,_Z,_Z,2013,A,RANK,NA
55.06,602,0,NA,A,PU,NA,NA,NA,NA,FALSE,WEF_GCIHH,WEF_GCIHH_LIFEEXPECT,RWA,_T,_T,_T,_Z,_Z,_Z,2012,A,YR,NA
126,602,0,NA,A,PU,NA,NA,NA,NA,FALSE,WEF_GCIHH,WEF_GCIHH_LIFEEXPECT,RWA,_T,_T,_T,_Z,_Z,_Z,2012,A,RANK,NA
50.59,602,0,NA,A,PU,NA,NA,NA,NA,FALSE,WEF_GCIHH,WEF_GCIHH_LIFEEXPECT,RWA,_T,_T,_T,_Z,_Z,_Z,2011,A,YR,NA
133,602,0,NA,A,PU,NA,NA,NA,NA,FALSE,WEF_GCIHH,WEF_GCIHH_LIFEEXPECT,RWA,_T,_T,_T,_Z,_Z,_Z,2011,A,RANK,NA
50.13,602,0,NA,A,PU,NA,NA,NA,NA,FALSE,WEF_GCIHH,WEF_GCIHH_LIFEEXPECT,RWA,_T,_T,_T,_Z,_Z,_Z,2010,A,YR,NA
130,602,0,NA,A,PU,NA,NA,NA,NA,FALSE,WEF_GCIHH,WEF_GCIHH_LIFEEXPECT,RWA,_T,_T,_T,_Z,_Z,_Z,2010,A,RANK,NA
74.49,602,0,NA,A,PU,NA,NA,NA,NA,TRUE,WEF_GCIHH,WEF_GCIHH_LIFEEXPECT,SAU,_T,_T,_T,_Z,_Z,_Z,2017,A,YR,NA
73,602,0,NA,A,PU,NA,NA,NA,NA,TRUE,WEF_GCIHH,WEF_GCIHH_LIFEEXPECT,SAU,_T,_T,_T,_Z,_Z,_Z,2017,A,RANK,NA
74.34,602,0,NA,A,PU,NA,NA,NA,NA,FALSE,WEF_GCIHH,WEF_GCIHH_LIFEEXPECT,SAU,_T,_T,_T,_Z,_Z,_Z,2016,A,YR,NA
74,602,0,NA,A,PU,NA,NA,NA,NA,FALSE,WEF_GCIHH,WEF_GCIHH_LIFEEXPECT,SAU,_T,_T,_T,_Z,_Z,_Z,2016,A,RANK,NA
75.7,602,0,NA,A,PU,NA,NA,NA,NA,FALSE,WEF_GCIHH,WEF_GCIHH_LIFEEXPECT,SAU,_T,_T,_T,_Z,_Z,_Z,2015,A,YR,NA
52,602,0,NA,A,PU,NA,NA,NA,NA,FALSE,WEF_GCIHH,WEF_GCIHH_LIFEEXPECT,SAU,_T,_T,_T,_Z,_Z,_Z,2015,A,RANK,NA
75.5,602,0,NA,A,PU,NA,NA,NA,NA,FALSE,WEF_GCIHH,WEF_GCIHH_LIFEEXPECT,SAU,_T,_T,_T,_Z,_Z,_Z,2014,A,YR,NA
51,602,0,NA,A,PU,NA,NA,NA,NA,FALSE,WEF_GCIHH,WEF_GCIHH_LIFEEXPECT,SAU,_T,_T,_T,_Z,_Z,_Z,2014,A,RANK,NA
74.06,602,0,NA,A,PU,NA,NA,NA,NA,FALSE,WEF_GCIHH,WEF_GCIHH_LIFEEXPECT,SAU,_T,_T,_T,_Z,_Z,_Z,2013,A,YR,NA
66,602,0,NA,A,PU,NA,NA,NA,NA,FALSE,WEF_GCIHH,WEF_GCIHH_LIFEEXPECT,SAU,_T,_T,_T,_Z,_Z,_Z,2013,A,RANK,NA
73.85,602,0,NA,A,PU,NA,NA,NA,NA,FALSE,WEF_GCIHH,WEF_GCIHH_LIFEEXPECT,SAU,_T,_T,_T,_Z,_Z,_Z,2012,A,YR,NA
63,602,0,NA,A,PU,NA,NA,NA,NA,FALSE,WEF_GCIHH,WEF_GCIHH_LIFEEXPECT,SAU,_T,_T,_T,_Z,_Z,_Z,2012,A,RANK,NA
73.43,602,0,NA,A,PU,NA,NA,NA,NA,FALSE,WEF_GCIHH,WEF_GCIHH_LIFEEXPECT,SAU,_T,_T,_T,_Z,_Z,_Z,2011,A,YR,NA
68,602,0,NA,A,PU,NA,NA,NA,NA,FALSE,WEF_GCIHH,WEF_GCIHH_LIFEEXPECT,SAU,_T,_T,_T,_Z,_Z,_Z,2011,A,RANK,NA
73.12,602,0,NA,A,PU,NA,NA,NA,NA,FALSE,WEF_GCIHH,WEF_GCIHH_LIFEEXPECT,SAU,_T,_T,_T,_Z,_Z,_Z,2010,A,YR,NA
71,602,0,NA,A,PU,NA,NA,NA,NA,FALSE,WEF_GCIHH,WEF_GCIHH_LIFEEXPECT,SAU,_T,_T,_T,_Z,_Z,_Z,2010,A,RANK,NA
71,602,0,NA,A,PU,NA,NA,NA,NA,FALSE,WEF_GCIHH,WEF_GCIHH_LIFEEXPECT,SAU,_T,_T,_T,_Z,_Z,_Z,2009,A,YR,NA
80,602,0,NA,A,PU,NA,NA,NA,NA,FALSE,WEF_GCIHH,WEF_GCIHH_LIFEEXPECT,SAU,_T,_T,_T,_Z,_Z,_Z,2009,A,RANK,NA
70,602,0,NA,A,PU,NA,NA,NA,NA,FALSE,WEF_GCIHH,WEF_GCIHH_LIFEEXPECT,SAU,_T,_T,_T,_Z,_Z,_Z,2008,A,YR,NA
83,602,0,NA,A,PU,NA,NA,NA,NA,FALSE,WEF_GCIHH,WEF_GCIHH_LIFEEXPECT,SAU,_T,_T,_T,_Z,_Z,_Z,2008,A,RANK,NA
71,602,0,NA,A,PU,NA,NA,NA,NA,FALSE,WEF_GCIHH,WEF_GCIHH_LIFEEXPECT,SAU,_T,_T,_T,_Z,_Z,_Z,2007,A,YR,NA
71,602,0,NA,A,PU,NA,NA,NA,NA,FALSE,WEF_GCIHH,WEF_GCIHH_LIFEEXPECT,SAU,_T,_T,_T,_Z,_Z,_Z,2007,A,RANK,NA
66.8,602,0,NA,A,PU,NA,NA,NA,NA,TRUE,WEF_GCIHH,WEF_GCIHH_LIFEEXPECT,SEN,_T,_T,_T,_Z,_Z,_Z,2017,A,YR,NA
105,602,0,NA,A,PU,NA,NA,NA,NA,TRUE,WEF_GCIHH,WEF_GCIHH_LIFEEXPECT,SEN,_T,_T,_T,_Z,_Z,_Z,2017,A,RANK,NA
66.37,602,0,NA,A,PU,NA,NA,NA,NA,FALSE,WEF_GCIHH,WEF_GCIHH_LIFEEXPECT,SEN,_T,_T,_T,_Z,_Z,_Z,2016,A,YR,NA
107,602,0,NA,A,PU,NA,NA,NA,NA,FALSE,WEF_GCIHH,WEF_GCIHH_LIFEEXPECT,SEN,_T,_T,_T,_Z,_Z,_Z,2016,A,RANK,NA
63.35,602,0,NA,A,PU,NA,NA,NA,NA,FALSE,WEF_GCIHH,WEF_GCIHH_LIFEEXPECT,SEN,_T,_T,_T,_Z,_Z,_Z,2015,A,YR,NA
115,602,0,NA,A,PU,NA,NA,NA,NA,FALSE,WEF_GCIHH,WEF_GCIHH_LIFEEXPECT,SEN,_T,_T,_T,_Z,_Z,_Z,2015,A,RANK,NA
63.2,602,0,NA,A,PU,NA,NA,NA,NA,FALSE,WEF_GCIHH,WEF_GCIHH_LIFEEXPECT,SEN,_T,_T,_T,_Z,_Z,_Z,2014,A,YR,NA
116,602,0,NA,A,PU,NA,NA,NA,NA,FALSE,WEF_GCIHH,WEF_GCIHH_LIFEEXPECT,SEN,_T,_T,_T,_Z,_Z,_Z,2014,A,RANK,NA
59.27,602,0,NA,A,PU,NA,NA,NA,NA,FALSE,WEF_GCIHH,WEF_GCIHH_LIFEEXPECT,SEN,_T,_T,_T,_Z,_Z,_Z,2013,A,YR,NA
121,602,0,NA,A,PU,NA,NA,NA,NA,FALSE,WEF_GCIHH,WEF_GCIHH_LIFEEXPECT,SEN,_T,_T,_T,_Z,_Z,_Z,2013,A,RANK,NA
58.95,602,0,NA,A,PU,NA,NA,NA,NA,FALSE,WEF_GCIHH,WEF_GCIHH_LIFEEXPECT,SEN,_T,_T,_T,_Z,_Z,_Z,2012,A,YR,NA
118,602,0,NA,A,PU,NA,NA,NA,NA,FALSE,WEF_GCIHH,WEF_GCIHH_LIFEEXPECT,SEN,_T,_T,_T,_Z,_Z,_Z,2012,A,RANK,NA
55.89,602,0,NA,A,PU,NA,NA,NA,NA,FALSE,WEF_GCIHH,WEF_GCIHH_LIFEEXPECT,SEN,_T,_T,_T,_Z,_Z,_Z,2011,A,YR,NA
123,602,0,NA,A,PU,NA,NA,NA,NA,FALSE,WEF_GCIHH,WEF_GCIHH_LIFEEXPECT,SEN,_T,_T,_T,_Z,_Z,_Z,2011,A,RANK,NA
55.6,602,0,NA,A,PU,NA,NA,NA,NA,FALSE,WEF_GCIHH,WEF_GCIHH_LIFEEXPECT,SEN,_T,_T,_T,_Z,_Z,_Z,2010,A,YR,NA
120,602,0,NA,A,PU,NA,NA,NA,NA,FALSE,WEF_GCIHH,WEF_GCIHH_LIFEEXPECT,SEN,_T,_T,_T,_Z,_Z,_Z,2010,A,RANK,NA
59,602,0,NA,A,PU,NA,NA,NA,NA,FALSE,WEF_GCIHH,WEF_GCIHH_LIFEEXPECT,SEN,_T,_T,_T,_Z,_Z,_Z,2009,A,YR,NA
109,602,0,NA,A,PU,NA,NA,NA,NA,FALSE,WEF_GCIHH,WEF_GCIHH_LIFEEXPECT,SEN,_T,_T,_T,_Z,_Z,_Z,2009,A,RANK,NA
59,602,0,NA,A,PU,NA,NA,NA,NA,FALSE,WEF_GCIHH,WEF_GCIHH_LIFEEXPECT,SEN,_T,_T,_T,_Z,_Z,_Z,2008,A,YR,NA
111,602,0,NA,A,PU,NA,NA,NA,NA,FALSE,WEF_GCIHH,WEF_GCIHH_LIFEEXPECT,SEN,_T,_T,_T,_Z,_Z,_Z,2008,A,RANK,NA
55,602,0,NA,A,PU,NA,NA,NA,NA,FALSE,WEF_GCIHH,WEF_GCIHH_LIFEEXPECT,SEN,_T,_T,_T,_Z,_Z,_Z,2007,A,YR,NA
112,602,0,NA,A,PU,NA,NA,NA,NA,FALSE,WEF_GCIHH,WEF_GCIHH_LIFEEXPECT,SEN,_T,_T,_T,_Z,_Z,_Z,2007,A,RANK,NA
75.49,602,0,NA,A,PU,NA,NA,NA,NA,TRUE,WEF_GCIHH,WEF_GCIHH_LIFEEXPECT,SRB,_T,_T,_T,_Z,_Z,_Z,2017,A,YR,NA
58,602,0,NA,A,PU,NA,NA,NA,NA,TRUE,WEF_GCIHH,WEF_GCIHH_LIFEEXPECT,SRB,_T,_T,_T,_Z,_Z,_Z,2017,A,RANK,NA
75.53,602,0,NA,A,PU,NA,NA,NA,NA,FALSE,WEF_GCIHH,WEF_GCIHH_LIFEEXPECT,SRB,_T,_T,_T,_Z,_Z,_Z,2016,A,YR,NA
57,602,0,NA,A,PU,NA,NA,NA,NA,FALSE,WEF_GCIHH,WEF_GCIHH_LIFEEXPECT,SRB,_T,_T,_T,_Z,_Z,_Z,2016,A,RANK,NA
75.14,602,0,NA,A,PU,NA,NA,NA,NA,FALSE,WEF_GCIHH,WEF_GCIHH_LIFEEXPECT,SRB,_T,_T,_T,_Z,_Z,_Z,2015,A,YR,NA
57,602,0,NA,A,PU,NA,NA,NA,NA,FALSE,WEF_GCIHH,WEF_GCIHH_LIFEEXPECT,SRB,_T,_T,_T,_Z,_Z,_Z,2015,A,RANK,NA
75.23,602,0,NA,A,PU,NA,NA,NA,NA,FALSE,WEF_GCIHH,WEF_GCIHH_LIFEEXPECT,SRB,_T,_T,_T,_Z,_Z,_Z,2014,A,YR,NA
52,602,0,NA,A,PU,NA,NA,NA,NA,FALSE,WEF_GCIHH,WEF_GCIHH_LIFEEXPECT,SRB,_T,_T,_T,_Z,_Z,_Z,2014,A,RANK,NA
74.59,602,0,NA,A,PU,NA,NA,NA,NA,FALSE,WEF_GCIHH,WEF_GCIHH_LIFEEXPECT,SRB,_T,_T,_T,_Z,_Z,_Z,2013,A,YR,NA
59,602,0,NA,A,PU,NA,NA,NA,NA,FALSE,WEF_GCIHH,WEF_GCIHH_LIFEEXPECT,SRB,_T,_T,_T,_Z,_Z,_Z,2013,A,RANK,NA
73.94,602,0,NA,A,PU,NA,NA,NA,NA,FALSE,WEF_GCIHH,WEF_GCIHH_LIFEEXPECT,SRB,_T,_T,_T,_Z,_Z,_Z,2012,A,YR,NA
61,602,0,NA,A,PU,NA,NA,NA,NA,FALSE,WEF_GCIHH,WEF_GCIHH_LIFEEXPECT,SRB,_T,_T,_T,_Z,_Z,_Z,2012,A,RANK,NA
73.69,602,0,NA,A,PU,NA,NA,NA,NA,FALSE,WEF_GCIHH,WEF_GCIHH_LIFEEXPECT,SRB,_T,_T,_T,_Z,_Z,_Z,2011,A,YR,NA
65,602,0,NA,A,PU,NA,NA,NA,NA,FALSE,WEF_GCIHH,WEF_GCIHH_LIFEEXPECT,SRB,_T,_T,_T,_Z,_Z,_Z,2011,A,RANK,NA
73.64,602,0,NA,A,PU,NA,NA,NA,NA,FALSE,WEF_GCIHH,WEF_GCIHH_LIFEEXPECT,SRB,_T,_T,_T,_Z,_Z,_Z,2010,A,YR,NA
63,602,0,NA,A,PU,NA,NA,NA,NA,FALSE,WEF_GCIHH,WEF_GCIHH_LIFEEXPECT,SRB,_T,_T,_T,_Z,_Z,_Z,2010,A,RANK,NA
73,602,0,NA,A,PU,NA,NA,NA,NA,FALSE,WEF_GCIHH,WEF_GCIHH_LIFEEXPECT,SRB,_T,_T,_T,_Z,_Z,_Z,2009,A,YR,NA
59,602,0,NA,A,PU,NA,NA,NA,NA,FALSE,WEF_GCIHH,WEF_GCIHH_LIFEEXPECT,SRB,_T,_T,_T,_Z,_Z,_Z,2009,A,RANK,NA
73,602,0,NA,A,PU,NA,NA,NA,NA,FALSE,WEF_GCIHH,WEF_GCIHH_LIFEEXPECT,SRB,_T,_T,_T,_Z,_Z,_Z,2008,A,YR,NA
55,602,0,NA,A,PU,NA,NA,NA,NA,FALSE,WEF_GCIHH,WEF_GCIHH_LIFEEXPECT,SRB,_T,_T,_T,_Z,_Z,_Z,2008,A,RANK,NA
73,602,0,NA,A,PU,NA,NA,NA,NA,FALSE,WEF_GCIHH,WEF_GCIHH_LIFEEXPECT,SRB,_T,_T,_T,_Z,_Z,_Z,2007,A,YR,NA
51,602,0,NA,A,PU,NA,NA,NA,NA,FALSE,WEF_GCIHH,WEF_GCIHH_LIFEEXPECT,SRB,_T,_T,_T,_Z,_Z,_Z,2007,A,RANK,NA
73.23,602,0,NA,A,PU,NA,NA,NA,NA,TRUE,WEF_GCIHH,WEF_GCIHH_LIFEEXPECT,SYC,_T,_T,_T,_Z,_Z,_Z,2017,A,YR,NA
84,602,0,NA,A,PU,NA,NA,NA,NA,TRUE,WEF_GCIHH,WEF_GCIHH_LIFEEXPECT,SYC,_T,_T,_T,_Z,_Z,_Z,2017,A,RANK,NA
74.23,602,0,NA,A,PU,NA,NA,NA,NA,FALSE,WEF_GCIHH,WEF_GCIHH_LIFEEXPECT,SYC,_T,_T,_T,_Z,_Z,_Z,2015,A,YR,NA
71,602,0,NA,A,PU,NA,NA,NA,NA,FALSE,WEF_GCIHH,WEF_GCIHH_LIFEEXPECT,SYC,_T,_T,_T,_Z,_Z,_Z,2015,A,RANK,NA
72.72,602,0,NA,A,PU,NA,NA,NA,NA,FALSE,WEF_GCIHH,WEF_GCIHH_LIFEEXPECT,SYC,_T,_T,_T,_Z,_Z,_Z,2014,A,YR,NA
83,602,0,NA,A,PU,NA,NA,NA,NA,FALSE,WEF_GCIHH,WEF_GCIHH_LIFEEXPECT,SYC,_T,_T,_T,_Z,_Z,_Z,2014,A,RANK,NA
73.46,602,0,NA,A,PU,NA,NA,NA,NA,FALSE,WEF_GCIHH,WEF_GCIHH_LIFEEXPECT,SYC,_T,_T,_T,_Z,_Z,_Z,2013,A,YR,NA
76,602,0,NA,A,PU,NA,NA,NA,NA,FALSE,WEF_GCIHH,WEF_GCIHH_LIFEEXPECT,SYC,_T,_T,_T,_Z,_Z,_Z,2013,A,RANK,NA
73.03,602,0,NA,A,PU,NA,NA,NA,NA,FALSE,WEF_GCIHH,WEF_GCIHH_LIFEEXPECT,SYC,_T,_T,_T,_Z,_Z,_Z,2012,A,YR,NA
80,602,0,NA,A,PU,NA,NA,NA,NA,FALSE,WEF_GCIHH,WEF_GCIHH_LIFEEXPECT,SYC,_T,_T,_T,_Z,_Z,_Z,2012,A,RANK,NA
51.31,602,0,NA,A,PU,NA,NA,NA,NA,TRUE,WEF_GCIHH,WEF_GCIHH_LIFEEXPECT,SLE,_T,_T,_T,_Z,_Z,_Z,2017,A,YR,NA
135,602,0,NA,A,PU,NA,NA,NA,NA,TRUE,WEF_GCIHH,WEF_GCIHH_LIFEEXPECT,SLE,_T,_T,_T,_Z,_Z,_Z,2017,A,RANK,NA
50.88,602,0,NA,A,PU,NA,NA,NA,NA,FALSE,WEF_GCIHH,WEF_GCIHH_LIFEEXPECT,SLE,_T,_T,_T,_Z,_Z,_Z,2016,A,YR,NA
137,602,0,NA,A,PU,NA,NA,NA,NA,FALSE,WEF_GCIHH,WEF_GCIHH_LIFEEXPECT,SLE,_T,_T,_T,_Z,_Z,_Z,2016,A,RANK,NA
45.55,602,0,NA,A,PU,NA,NA,NA,NA,FALSE,WEF_GCIHH,WEF_GCIHH_LIFEEXPECT,SLE,_T,_T,_T,_Z,_Z,_Z,2015,A,YR,NA
140,602,0,NA,A,PU,NA,NA,NA,NA,FALSE,WEF_GCIHH,WEF_GCIHH_LIFEEXPECT,SLE,_T,_T,_T,_Z,_Z,_Z,2015,A,RANK,NA
45.33,602,0,NA,A,PU,NA,NA,NA,NA,FALSE,WEF_GCIHH,WEF_GCIHH_LIFEEXPECT,SLE,_T,_T,_T,_Z,_Z,_Z,2014,A,YR,NA
144,602,0,NA,A,PU,NA,NA,NA,NA,FALSE,WEF_GCIHH,WEF_GCIHH_LIFEEXPECT,SLE,_T,_T,_T,_Z,_Z,_Z,2014,A,RANK,NA
47.78,602,0,NA,A,PU,NA,NA,NA,NA,FALSE,WEF_GCIHH,WEF_GCIHH_LIFEEXPECT,SLE,_T,_T,_T,_Z,_Z,_Z,2013,A,YR,NA
148,602,0,NA,A,PU,NA,NA,NA,NA,FALSE,WEF_GCIHH,WEF_GCIHH_LIFEEXPECT,SLE,_T,_T,_T,_Z,_Z,_Z,2013,A,RANK,NA
47.4,602,0,NA,A,PU,NA,NA,NA,NA,FALSE,WEF_GCIHH,WEF_GCIHH_LIFEEXPECT,SLE,_T,_T,_T,_Z,_Z,_Z,2012,A,YR,NA
143,602,0,NA,A,PU,NA,NA,NA,NA,FALSE,WEF_GCIHH,WEF_GCIHH_LIFEEXPECT,SLE,_T,_T,_T,_Z,_Z,_Z,2012,A,RANK,NA
82.6,602,0,NA,A,PU,NA,NA,NA,NA,TRUE,WEF_GCIHH,WEF_GCIHH_LIFEEXPECT,SGP,_T,_T,_T,_Z,_Z,_Z,2017,A,YR,NA
8,602,0,NA,A,PU,NA,NA,NA,NA,TRUE,WEF_GCIHH,WEF_GCIHH_LIFEEXPECT,SGP,_T,_T,_T,_Z,_Z,_Z,2017,A,RANK,NA
82.65,602,0,NA,A,PU,NA,NA,NA,NA,FALSE,WEF_GCIHH,WEF_GCIHH_LIFEEXPECT,SGP,_T,_T,_T,_Z,_Z,_Z,2016,A,YR,NA
6,602,0,NA,A,PU,NA,NA,NA,NA,FALSE,WEF_GCIHH,WEF_GCIHH_LIFEEXPECT,SGP,_T,_T,_T,_Z,_Z,_Z,2016,A,RANK,NA
82.35,602,0,NA,A,PU,NA,NA,NA,NA,FALSE,WEF_GCIHH,WEF_GCIHH_LIFEEXPECT,SGP,_T,_T,_T,_Z,_Z,_Z,2015,A,YR,NA
6,602,0,NA,A,PU,NA,NA,NA,NA,FALSE,WEF_GCIHH,WEF_GCIHH_LIFEEXPECT,SGP,_T,_T,_T,_Z,_Z,_Z,2015,A,RANK,NA
82.14,602,0,NA,A,PU,NA,NA,NA,NA,FALSE,WEF_GCIHH,WEF_GCIHH_LIFEEXPECT,SGP,_T,_T,_T,_Z,_Z,_Z,2014,A,YR,NA
8,602,0,NA,A,PU,NA,NA,NA,NA,FALSE,WEF_GCIHH,WEF_GCIHH_LIFEEXPECT,SGP,_T,_T,_T,_Z,_Z,_Z,2014,A,RANK,NA
81.89,602,0,NA,A,PU,NA,NA,NA,NA,FALSE,WEF_GCIHH,WEF_GCIHH_LIFEEXPECT,SGP,_T,_T,_T,_Z,_Z,_Z,2013,A,YR,NA
8,602,0,NA,A,PU,NA,NA,NA,NA,FALSE,WEF_GCIHH,WEF_GCIHH_LIFEEXPECT,SGP,_T,_T,_T,_Z,_Z,_Z,2013,A,RANK,NA
81.64,602,0,NA,A,PU,NA,NA,NA,NA,FALSE,WEF_GCIHH,WEF_GCIHH_LIFEEXPECT,SGP,_T,_T,_T,_Z,_Z,_Z,2012,A,YR,NA
6,602,0,NA,A,PU,NA,NA,NA,NA,FALSE,WEF_GCIHH,WEF_GCIHH_LIFEEXPECT,SGP,_T,_T,_T,_Z,_Z,_Z,2012,A,RANK,NA
81.29,602,0,NA,A,PU,NA,NA,NA,NA,FALSE,WEF_GCIHH,WEF_GCIHH_LIFEEXPECT,SGP,_T,_T,_T,_Z,_Z,_Z,2011,A,YR,NA
10,602,0,NA,A,PU,NA,NA,NA,NA,FALSE,WEF_GCIHH,WEF_GCIHH_LIFEEXPECT,SGP,_T,_T,_T,_Z,_Z,_Z,2011,A,RANK,NA
80.74,602,0,NA,A,PU,NA,NA,NA,NA,FALSE,WEF_GCIHH,WEF_GCIHH_LIFEEXPECT,SGP,_T,_T,_T,_Z,_Z,_Z,2010,A,YR,NA
12,602,0,NA,A,PU,NA,NA,NA,NA,FALSE,WEF_GCIHH,WEF_GCIHH_LIFEEXPECT,SGP,_T,_T,_T,_Z,_Z,_Z,2010,A,RANK,NA
81,602,0,NA,A,PU,NA,NA,NA,NA,FALSE,WEF_GCIHH,WEF_GCIHH_LIFEEXPECT,SGP,_T,_T,_T,_Z,_Z,_Z,2009,A,YR,NA
7,602,0,NA,A,PU,NA,NA,NA,NA,FALSE,WEF_GCIHH,WEF_GCIHH_LIFEEXPECT,SGP,_T,_T,_T,_Z,_Z,_Z,2009,A,RANK,NA
80,602,0,NA,A,PU,NA,NA,NA,NA,FALSE,WEF_GCIHH,WEF_GCIHH_LIFEEXPECT,SGP,_T,_T,_T,_Z,_Z,_Z,2008,A,YR,NA
12,602,0,NA,A,PU,NA,NA,NA,NA,FALSE,WEF_GCIHH,WEF_GCIHH_LIFEEXPECT,SGP,_T,_T,_T,_Z,_Z,_Z,2008,A,RANK,NA
80,602,0,NA,A,PU,NA,NA,NA,NA,FALSE,WEF_GCIHH,WEF_GCIHH_LIFEEXPECT,SGP,_T,_T,_T,_Z,_Z,_Z,2007,A,YR,NA
8,602,0,NA,A,PU,NA,NA,NA,NA,FALSE,WEF_GCIHH,WEF_GCIHH_LIFEEXPECT,SGP,_T,_T,_T,_Z,_Z,_Z,2007,A,RANK,NA
77.21,602,0,NA,A,PU,NA,NA,NA,NA,TRUE,WEF_GCIHH,WEF_GCIHH_LIFEEXPECT,SVK,_T,_T,_T,_Z,_Z,_Z,2017,A,YR,NA
44,602,0,NA,A,PU,NA,NA,NA,NA,TRUE,WEF_GCIHH,WEF_GCIHH_LIFEEXPECT,SVK,_T,_T,_T,_Z,_Z,_Z,2017,A,RANK,NA
76.71,602,0,NA,A,PU,NA,NA,NA,NA,FALSE,WEF_GCIHH,WEF_GCIHH_LIFEEXPECT,SVK,_T,_T,_T,_Z,_Z,_Z,2016,A,YR,NA
47,602,0,NA,A,PU,NA,NA,NA,NA,FALSE,WEF_GCIHH,WEF_GCIHH_LIFEEXPECT,SVK,_T,_T,_T,_Z,_Z,_Z,2016,A,RANK,NA
76.26,602,0,NA,A,PU,NA,NA,NA,NA,FALSE,WEF_GCIHH,WEF_GCIHH_LIFEEXPECT,SVK,_T,_T,_T,_Z,_Z,_Z,2015,A,YR,NA
49,602,0,NA,A,PU,NA,NA,NA,NA,FALSE,WEF_GCIHH,WEF_GCIHH_LIFEEXPECT,SVK,_T,_T,_T,_Z,_Z,_Z,2015,A,RANK,NA
76.11,602,0,NA,A,PU,NA,NA,NA,NA,FALSE,WEF_GCIHH,WEF_GCIHH_LIFEEXPECT,SVK,_T,_T,_T,_Z,_Z,_Z,2014,A,YR,NA
48,602,0,NA,A,PU,NA,NA,NA,NA,FALSE,WEF_GCIHH,WEF_GCIHH_LIFEEXPECT,SVK,_T,_T,_T,_Z,_Z,_Z,2014,A,RANK,NA
75.96,602,0,NA,A,PU,NA,NA,NA,NA,FALSE,WEF_GCIHH,WEF_GCIHH_LIFEEXPECT,SVK,_T,_T,_T,_Z,_Z,_Z,2013,A,YR,NA
47,602,0,NA,A,PU,NA,NA,NA,NA,FALSE,WEF_GCIHH,WEF_GCIHH_LIFEEXPECT,SVK,_T,_T,_T,_Z,_Z,_Z,2013,A,RANK,NA
75.11,602,0,NA,A,PU,NA,NA,NA,NA,FALSE,WEF_GCIHH,WEF_GCIHH_LIFEEXPECT,SVK,_T,_T,_T,_Z,_Z,_Z,2012,A,YR,NA
50,602,0,NA,A,PU,NA,NA,NA,NA,FALSE,WEF_GCIHH,WEF_GCIHH_LIFEEXPECT,SVK,_T,_T,_T,_Z,_Z,_Z,2012,A,RANK,NA
74.91,602,0,NA,A,PU,NA,NA,NA,NA,FALSE,WEF_GCIHH,WEF_GCIHH_LIFEEXPECT,SVK,_T,_T,_T,_Z,_Z,_Z,2011,A,YR,NA
53,602,0,NA,A,PU,NA,NA,NA,NA,FALSE,WEF_GCIHH,WEF_GCIHH_LIFEEXPECT,SVK,_T,_T,_T,_Z,_Z,_Z,2011,A,RANK,NA
74.81,602,0,NA,A,PU,NA,NA,NA,NA,FALSE,WEF_GCIHH,WEF_GCIHH_LIFEEXPECT,SVK,_T,_T,_T,_Z,_Z,_Z,2010,A,YR,NA
52,602,0,NA,A,PU,NA,NA,NA,NA,FALSE,WEF_GCIHH,WEF_GCIHH_LIFEEXPECT,SVK,_T,_T,_T,_Z,_Z,_Z,2010,A,RANK,NA
75,602,0,NA,A,PU,NA,NA,NA,NA,FALSE,WEF_GCIHH,WEF_GCIHH_LIFEEXPECT,SVK,_T,_T,_T,_Z,_Z,_Z,2009,A,YR,NA
45,602,0,NA,A,PU,NA,NA,NA,NA,FALSE,WEF_GCIHH,WEF_GCIHH_LIFEEXPECT,SVK,_T,_T,_T,_Z,_Z,_Z,2009,A,RANK,NA
74,602,0,NA,A,PU,NA,NA,NA,NA,FALSE,WEF_GCIHH,WEF_GCIHH_LIFEEXPECT,SVK,_T,_T,_T,_Z,_Z,_Z,2008,A,YR,NA
50,602,0,NA,A,PU,NA,NA,NA,NA,FALSE,WEF_GCIHH,WEF_GCIHH_LIFEEXPECT,SVK,_T,_T,_T,_Z,_Z,_Z,2008,A,RANK,NA
74,602,0,NA,A,PU,NA,NA,NA,NA,FALSE,WEF_GCIHH,WEF_GCIHH_LIFEEXPECT,SVK,_T,_T,_T,_Z,_Z,_Z,2007,A,YR,NA
46,602,0,NA,A,PU,NA,NA,NA,NA,FALSE,WEF_GCIHH,WEF_GCIHH_LIFEEXPECT,SVK,_T,_T,_T,_Z,_Z,_Z,2007,A,RANK,NA
81.08,602,0,NA,A,PU,NA,NA,NA,NA,TRUE,WEF_GCIHH,WEF_GCIHH_LIFEEXPECT,SVN,_T,_T,_T,_Z,_Z,_Z,2017,A,YR,NA
29,602,0,NA,A,PU,NA,NA,NA,NA,TRUE,WEF_GCIHH,WEF_GCIHH_LIFEEXPECT,SVN,_T,_T,_T,_Z,_Z,_Z,2017,A,RANK,NA
80.52,602,0,NA,A,PU,NA,NA,NA,NA,FALSE,WEF_GCIHH,WEF_GCIHH_LIFEEXPECT,SVN,_T,_T,_T,_Z,_Z,_Z,2016,A,YR,NA
29,602,0,NA,A,PU,NA,NA,NA,NA,FALSE,WEF_GCIHH,WEF_GCIHH_LIFEEXPECT,SVN,_T,_T,_T,_Z,_Z,_Z,2016,A,RANK,NA
80.28,602,0,NA,A,PU,NA,NA,NA,NA,FALSE,WEF_GCIHH,WEF_GCIHH_LIFEEXPECT,SVN,_T,_T,_T,_Z,_Z,_Z,2015,A,YR,NA
28,602,0,NA,A,PU,NA,NA,NA,NA,FALSE,WEF_GCIHH,WEF_GCIHH_LIFEEXPECT,SVN,_T,_T,_T,_Z,_Z,_Z,2015,A,RANK,NA
80.12,602,0,NA,A,PU,NA,NA,NA,NA,FALSE,WEF_GCIHH,WEF_GCIHH_LIFEEXPECT,SVN,_T,_T,_T,_Z,_Z,_Z,2014,A,YR,NA
27,602,0,NA,A,PU,NA,NA,NA,NA,FALSE,WEF_GCIHH,WEF_GCIHH_LIFEEXPECT,SVN,_T,_T,_T,_Z,_Z,_Z,2014,A,RANK,NA
79.97,602,0,NA,A,PU,NA,NA,NA,NA,FALSE,WEF_GCIHH,WEF_GCIHH_LIFEEXPECT,SVN,_T,_T,_T,_Z,_Z,_Z,2013,A,YR,NA
27,602,0,NA,A,PU,NA,NA,NA,NA,FALSE,WEF_GCIHH,WEF_GCIHH_LIFEEXPECT,SVN,_T,_T,_T,_Z,_Z,_Z,2013,A,RANK,NA
79.42,602,0,NA,A,PU,NA,NA,NA,NA,FALSE,WEF_GCIHH,WEF_GCIHH_LIFEEXPECT,SVN,_T,_T,_T,_Z,_Z,_Z,2012,A,YR,NA
26,602,0,NA,A,PU,NA,NA,NA,NA,FALSE,WEF_GCIHH,WEF_GCIHH_LIFEEXPECT,SVN,_T,_T,_T,_Z,_Z,_Z,2012,A,RANK,NA
78.97,602,0,NA,A,PU,NA,NA,NA,NA,FALSE,WEF_GCIHH,WEF_GCIHH_LIFEEXPECT,SVN,_T,_T,_T,_Z,_Z,_Z,2011,A,YR,NA
29,602,0,NA,A,PU,NA,NA,NA,NA,FALSE,WEF_GCIHH,WEF_GCIHH_LIFEEXPECT,SVN,_T,_T,_T,_Z,_Z,_Z,2011,A,RANK,NA
78.97,602,0,NA,A,PU,NA,NA,NA,NA,FALSE,WEF_GCIHH,WEF_GCIHH_LIFEEXPECT,SVN,_T,_T,_T,_Z,_Z,_Z,2010,A,YR,NA
28,602,0,NA,A,PU,NA,NA,NA,NA,FALSE,WEF_GCIHH,WEF_GCIHH_LIFEEXPECT,SVN,_T,_T,_T,_Z,_Z,_Z,2010,A,RANK,NA
78,602,0,NA,A,PU,NA,NA,NA,NA,FALSE,WEF_GCIHH,WEF_GCIHH_LIFEEXPECT,SVN,_T,_T,_T,_Z,_Z,_Z,2009,A,YR,NA
30,602,0,NA,A,PU,NA,NA,NA,NA,FALSE,WEF_GCIHH,WEF_GCIHH_LIFEEXPECT,SVN,_T,_T,_T,_Z,_Z,_Z,2009,A,RANK,NA
78,602,0,NA,A,PU,NA,NA,NA,NA,FALSE,WEF_GCIHH,WEF_GCIHH_LIFEEXPECT,SVN,_T,_T,_T,_Z,_Z,_Z,2008,A,YR,NA
29,602,0,NA,A,PU,NA,NA,NA,NA,FALSE,WEF_GCIHH,WEF_GCIHH_LIFEEXPECT,SVN,_T,_T,_T,_Z,_Z,_Z,2008,A,RANK,NA
77,602,0,NA,A,PU,NA,NA,NA,NA,FALSE,WEF_GCIHH,WEF_GCIHH_LIFEEXPECT,SVN,_T,_T,_T,_Z,_Z,_Z,2007,A,YR,NA
31,602,0,NA,A,PU,NA,NA,NA,NA,FALSE,WEF_GCIHH,WEF_GCIHH_LIFEEXPECT,SVN,_T,_T,_T,_Z,_Z,_Z,2007,A,RANK,NA
57.44,602,0,NA,A,PU,NA,NA,NA,NA,TRUE,WEF_GCIHH,WEF_GCIHH_LIFEEXPECT,ZAF,_T,_T,_T,_Z,_Z,_Z,2017,A,YR,NA
129,602,0,NA,A,PU,NA,NA,NA,NA,TRUE,WEF_GCIHH,WEF_GCIHH_LIFEEXPECT,ZAF,_T,_T,_T,_Z,_Z,_Z,2017,A,RANK,NA
57.18,602,0,NA,A,PU,NA,NA,NA,NA,FALSE,WEF_GCIHH,WEF_GCIHH_LIFEEXPECT,ZAF,_T,_T,_T,_Z,_Z,_Z,2016,A,YR,NA
130,602,0,NA,A,PU,NA,NA,NA,NA,FALSE,WEF_GCIHH,WEF_GCIHH_LIFEEXPECT,ZAF,_T,_T,_T,_Z,_Z,_Z,2016,A,RANK,NA
56.74,602,0,NA,A,PU,NA,NA,NA,NA,FALSE,WEF_GCIHH,WEF_GCIHH_LIFEEXPECT,ZAF,_T,_T,_T,_Z,_Z,_Z,2015,A,YR,NA
127,602,0,NA,A,PU,NA,NA,NA,NA,FALSE,WEF_GCIHH,WEF_GCIHH_LIFEEXPECT,ZAF,_T,_T,_T,_Z,_Z,_Z,2015,A,RANK,NA
56.1,602,0,NA,A,PU,NA,NA,NA,NA,FALSE,WEF_GCIHH,WEF_GCIHH_LIFEEXPECT,ZAF,_T,_T,_T,_Z,_Z,_Z,2014,A,YR,NA
129,602,0,NA,A,PU,NA,NA,NA,NA,FALSE,WEF_GCIHH,WEF_GCIHH_LIFEEXPECT,ZAF,_T,_T,_T,_Z,_Z,_Z,2014,A,RANK,NA
52.61,602,0,NA,A,PU,NA,NA,NA,NA,FALSE,WEF_GCIHH,WEF_GCIHH_LIFEEXPECT,ZAF,_T,_T,_T,_Z,_Z,_Z,2013,A,YR,NA
136,602,0,NA,A,PU,NA,NA,NA,NA,FALSE,WEF_GCIHH,WEF_GCIHH_LIFEEXPECT,ZAF,_T,_T,_T,_Z,_Z,_Z,2013,A,RANK,NA
52.08,602,0,NA,A,PU,NA,NA,NA,NA,FALSE,WEF_GCIHH,WEF_GCIHH_LIFEEXPECT,ZAF,_T,_T,_T,_Z,_Z,_Z,2012,A,YR,NA
133,602,0,NA,A,PU,NA,NA,NA,NA,FALSE,WEF_GCIHH,WEF_GCIHH_LIFEEXPECT,ZAF,_T,_T,_T,_Z,_Z,_Z,2012,A,RANK,NA
51.62,602,0,NA,A,PU,NA,NA,NA,NA,FALSE,WEF_GCIHH,WEF_GCIHH_LIFEEXPECT,ZAF,_T,_T,_T,_Z,_Z,_Z,2011,A,YR,NA
130,602,0,NA,A,PU,NA,NA,NA,NA,FALSE,WEF_GCIHH,WEF_GCIHH_LIFEEXPECT,ZAF,_T,_T,_T,_Z,_Z,_Z,2011,A,RANK,NA
51.48,602,0,NA,A,PU,NA,NA,NA,NA,FALSE,WEF_GCIHH,WEF_GCIHH_LIFEEXPECT,ZAF,_T,_T,_T,_Z,_Z,_Z,2010,A,YR,NA
127,602,0,NA,A,PU,NA,NA,NA,NA,FALSE,WEF_GCIHH,WEF_GCIHH_LIFEEXPECT,ZAF,_T,_T,_T,_Z,_Z,_Z,2010,A,RANK,NA
54,602,0,NA,A,PU,NA,NA,NA,NA,FALSE,WEF_GCIHH,WEF_GCIHH_LIFEEXPECT,ZAF,_T,_T,_T,_Z,_Z,_Z,2009,A,YR,NA
118,602,0,NA,A,PU,NA,NA,NA,NA,FALSE,WEF_GCIHH,WEF_GCIHH_LIFEEXPECT,ZAF,_T,_T,_T,_Z,_Z,_Z,2009,A,RANK,NA
51,602,0,NA,A,PU,NA,NA,NA,NA,FALSE,WEF_GCIHH,WEF_GCIHH_LIFEEXPECT,ZAF,_T,_T,_T,_Z,_Z,_Z,2008,A,YR,NA
121,602,0,NA,A,PU,NA,NA,NA,NA,FALSE,WEF_GCIHH,WEF_GCIHH_LIFEEXPECT,ZAF,_T,_T,_T,_Z,_Z,_Z,2008,A,RANK,NA
48,602,0,NA,A,PU,NA,NA,NA,NA,FALSE,WEF_GCIHH,WEF_GCIHH_LIFEEXPECT,ZAF,_T,_T,_T,_Z,_Z,_Z,2007,A,YR,NA
120,602,0,NA,A,PU,NA,NA,NA,NA,FALSE,WEF_GCIHH,WEF_GCIHH_LIFEEXPECT,ZAF,_T,_T,_T,_Z,_Z,_Z,2007,A,RANK,NA
83.38,602,0,NA,A,PU,NA,NA,NA,NA,TRUE,WEF_GCIHH,WEF_GCIHH_LIFEEXPECT,ESP,_T,_T,_T,_Z,_Z,_Z,2017,A,YR,NA
4,602,0,NA,A,PU,NA,NA,NA,NA,TRUE,WEF_GCIHH,WEF_GCIHH_LIFEEXPECT,ESP,_T,_T,_T,_Z,_Z,_Z,2017,A,RANK,NA
83.08,602,0,NA,A,PU,NA,NA,NA,NA,FALSE,WEF_GCIHH,WEF_GCIHH_LIFEEXPECT,ESP,_T,_T,_T,_Z,_Z,_Z,2016,A,YR,NA
3,602,0,NA,A,PU,NA,NA,NA,NA,FALSE,WEF_GCIHH,WEF_GCIHH_LIFEEXPECT,ESP,_T,_T,_T,_Z,_Z,_Z,2016,A,RANK,NA
82.43,602,0,NA,A,PU,NA,NA,NA,NA,FALSE,WEF_GCIHH,WEF_GCIHH_LIFEEXPECT,ESP,_T,_T,_T,_Z,_Z,_Z,2015,A,YR,NA
5,602,0,NA,A,PU,NA,NA,NA,NA,FALSE,WEF_GCIHH,WEF_GCIHH_LIFEEXPECT,ESP,_T,_T,_T,_Z,_Z,_Z,2015,A,RANK,NA
82.38,602,0,NA,A,PU,NA,NA,NA,NA,FALSE,WEF_GCIHH,WEF_GCIHH_LIFEEXPECT,ESP,_T,_T,_T,_Z,_Z,_Z,2014,A,YR,NA
7,602,0,NA,A,PU,NA,NA,NA,NA,FALSE,WEF_GCIHH,WEF_GCIHH_LIFEEXPECT,ESP,_T,_T,_T,_Z,_Z,_Z,2014,A,RANK,NA
82.33,602,0,NA,A,PU,NA,NA,NA,NA,FALSE,WEF_GCIHH,WEF_GCIHH_LIFEEXPECT,ESP,_T,_T,_T,_Z,_Z,_Z,2013,A,YR,NA
5,602,0,NA,A,PU,NA,NA,NA,NA,FALSE,WEF_GCIHH,WEF_GCIHH_LIFEEXPECT,ESP,_T,_T,_T,_Z,_Z,_Z,2013,A,RANK,NA
81.63,602,0,NA,A,PU,NA,NA,NA,NA,FALSE,WEF_GCIHH,WEF_GCIHH_LIFEEXPECT,ESP,_T,_T,_T,_Z,_Z,_Z,2012,A,YR,NA
7,602,0,NA,A,PU,NA,NA,NA,NA,FALSE,WEF_GCIHH,WEF_GCIHH_LIFEEXPECT,ESP,_T,_T,_T,_Z,_Z,_Z,2012,A,RANK,NA
81.53,602,0,NA,A,PU,NA,NA,NA,NA,FALSE,WEF_GCIHH,WEF_GCIHH_LIFEEXPECT,ESP,_T,_T,_T,_Z,_Z,_Z,2011,A,YR,NA
6,602,0,NA,A,PU,NA,NA,NA,NA,FALSE,WEF_GCIHH,WEF_GCIHH_LIFEEXPECT,ESP,_T,_T,_T,_Z,_Z,_Z,2011,A,RANK,NA
81.09,602,0,NA,A,PU,NA,NA,NA,NA,FALSE,WEF_GCIHH,WEF_GCIHH_LIFEEXPECT,ESP,_T,_T,_T,_Z,_Z,_Z,2010,A,YR,NA
9,602,0,NA,A,PU,NA,NA,NA,NA,FALSE,WEF_GCIHH,WEF_GCIHH_LIFEEXPECT,ESP,_T,_T,_T,_Z,_Z,_Z,2010,A,RANK,NA
81,602,0,NA,A,PU,NA,NA,NA,NA,FALSE,WEF_GCIHH,WEF_GCIHH_LIFEEXPECT,ESP,_T,_T,_T,_Z,_Z,_Z,2009,A,YR,NA
7,602,0,NA,A,PU,NA,NA,NA,NA,FALSE,WEF_GCIHH,WEF_GCIHH_LIFEEXPECT,ESP,_T,_T,_T,_Z,_Z,_Z,2009,A,RANK,NA
81,602,0,NA,A,PU,NA,NA,NA,NA,FALSE,WEF_GCIHH,WEF_GCIHH_LIFEEXPECT,ESP,_T,_T,_T,_Z,_Z,_Z,2008,A,YR,NA
5,602,0,NA,A,PU,NA,NA,NA,NA,FALSE,WEF_GCIHH,WEF_GCIHH_LIFEEXPECT,ESP,_T,_T,_T,_Z,_Z,_Z,2008,A,RANK,NA
80,602,0,NA,A,PU,NA,NA,NA,NA,FALSE,WEF_GCIHH,WEF_GCIHH_LIFEEXPECT,ESP,_T,_T,_T,_Z,_Z,_Z,2007,A,YR,NA
8,602,0,NA,A,PU,NA,NA,NA,NA,FALSE,WEF_GCIHH,WEF_GCIHH_LIFEEXPECT,ESP,_T,_T,_T,_Z,_Z,_Z,2007,A,RANK,NA
74.95,602,0,NA,A,PU,NA,NA,NA,NA,TRUE,WEF_GCIHH,WEF_GCIHH_LIFEEXPECT,LKA,_T,_T,_T,_Z,_Z,_Z,2017,A,YR,NA
65,602,0,NA,A,PU,NA,NA,NA,NA,TRUE,WEF_GCIHH,WEF_GCIHH_LIFEEXPECT,LKA,_T,_T,_T,_Z,_Z,_Z,2017,A,RANK,NA
74.79,602,0,NA,A,PU,NA,NA,NA,NA,FALSE,WEF_GCIHH,WEF_GCIHH_LIFEEXPECT,LKA,_T,_T,_T,_Z,_Z,_Z,2016,A,YR,NA
66,602,0,NA,A,PU,NA,NA,NA,NA,FALSE,WEF_GCIHH,WEF_GCIHH_LIFEEXPECT,LKA,_T,_T,_T,_Z,_Z,_Z,2016,A,RANK,NA
74.24,602,0,NA,A,PU,NA,NA,NA,NA,FALSE,WEF_GCIHH,WEF_GCIHH_LIFEEXPECT,LKA,_T,_T,_T,_Z,_Z,_Z,2015,A,YR,NA
70,602,0,NA,A,PU,NA,NA,NA,NA,FALSE,WEF_GCIHH,WEF_GCIHH_LIFEEXPECT,LKA,_T,_T,_T,_Z,_Z,_Z,2015,A,RANK,NA
74.07,602,0,NA,A,PU,NA,NA,NA,NA,FALSE,WEF_GCIHH,WEF_GCIHH_LIFEEXPECT,LKA,_T,_T,_T,_Z,_Z,_Z,2014,A,YR,NA
71,602,0,NA,A,PU,NA,NA,NA,NA,FALSE,WEF_GCIHH,WEF_GCIHH_LIFEEXPECT,LKA,_T,_T,_T,_Z,_Z,_Z,2014,A,RANK,NA
74.9,602,0,NA,A,PU,NA,NA,NA,NA,FALSE,WEF_GCIHH,WEF_GCIHH_LIFEEXPECT,LKA,_T,_T,_T,_Z,_Z,_Z,2013,A,YR,NA
54,602,0,NA,A,PU,NA,NA,NA,NA,FALSE,WEF_GCIHH,WEF_GCIHH_LIFEEXPECT,LKA,_T,_T,_T,_Z,_Z,_Z,2013,A,RANK,NA
74.72,602,0,NA,A,PU,NA,NA,NA,NA,FALSE,WEF_GCIHH,WEF_GCIHH_LIFEEXPECT,LKA,_T,_T,_T,_Z,_Z,_Z,2012,A,YR,NA
54,602,0,NA,A,PU,NA,NA,NA,NA,FALSE,WEF_GCIHH,WEF_GCIHH_LIFEEXPECT,LKA,_T,_T,_T,_Z,_Z,_Z,2012,A,RANK,NA
74.26,602,0,NA,A,PU,NA,NA,NA,NA,FALSE,WEF_GCIHH,WEF_GCIHH_LIFEEXPECT,LKA,_T,_T,_T,_Z,_Z,_Z,2011,A,YR,NA
61,602,0,NA,A,PU,NA,NA,NA,NA,FALSE,WEF_GCIHH,WEF_GCIHH_LIFEEXPECT,LKA,_T,_T,_T,_Z,_Z,_Z,2011,A,RANK,NA
74.13,602,0,NA,A,PU,NA,NA,NA,NA,FALSE,WEF_GCIHH,WEF_GCIHH_LIFEEXPECT,LKA,_T,_T,_T,_Z,_Z,_Z,2010,A,YR,NA
59,602,0,NA,A,PU,NA,NA,NA,NA,FALSE,WEF_GCIHH,WEF_GCIHH_LIFEEXPECT,LKA,_T,_T,_T,_Z,_Z,_Z,2010,A,RANK,NA
71,602,0,NA,A,PU,NA,NA,NA,NA,FALSE,WEF_GCIHH,WEF_GCIHH_LIFEEXPECT,LKA,_T,_T,_T,_Z,_Z,_Z,2009,A,YR,NA
80,602,0,NA,A,PU,NA,NA,NA,NA,FALSE,WEF_GCIHH,WEF_GCIHH_LIFEEXPECT,LKA,_T,_T,_T,_Z,_Z,_Z,2009,A,RANK,NA
72,602,0,NA,A,PU,NA,NA,NA,NA,FALSE,WEF_GCIHH,WEF_GCIHH_LIFEEXPECT,LKA,_T,_T,_T,_Z,_Z,_Z,2008,A,YR,NA
66,602,0,NA,A,PU,NA,NA,NA,NA,FALSE,WEF_GCIHH,WEF_GCIHH_LIFEEXPECT,LKA,_T,_T,_T,_Z,_Z,_Z,2008,A,RANK,NA
71,602,0,NA,A,PU,NA,NA,NA,NA,FALSE,WEF_GCIHH,WEF_GCIHH_LIFEEXPECT,LKA,_T,_T,_T,_Z,_Z,_Z,2007,A,YR,NA
71,602,0,NA,A,PU,NA,NA,NA,NA,FALSE,WEF_GCIHH,WEF_GCIHH_LIFEEXPECT,LKA,_T,_T,_T,_Z,_Z,_Z,2007,A,RANK,NA
70.81,602,0,NA,A,PU,NA,NA,NA,NA,TRUE,WEF_GCIHH,WEF_GCIHH_LIFEEXPECT,SUR,_T,_T,_T,_Z,_Z,_Z,2014,A,YR,NA
91,602,0,NA,A,PU,NA,NA,NA,NA,TRUE,WEF_GCIHH,WEF_GCIHH_LIFEEXPECT,SUR,_T,_T,_T,_Z,_Z,_Z,2014,A,RANK,NA
70.58,602,0,NA,A,PU,NA,NA,NA,NA,FALSE,WEF_GCIHH,WEF_GCIHH_LIFEEXPECT,SUR,_T,_T,_T,_Z,_Z,_Z,2013,A,YR,NA
95,602,0,NA,A,PU,NA,NA,NA,NA,FALSE,WEF_GCIHH,WEF_GCIHH_LIFEEXPECT,SUR,_T,_T,_T,_Z,_Z,_Z,2013,A,RANK,NA
70.34,602,0,NA,A,PU,NA,NA,NA,NA,FALSE,WEF_GCIHH,WEF_GCIHH_LIFEEXPECT,SUR,_T,_T,_T,_Z,_Z,_Z,2012,A,YR,NA
93,602,0,NA,A,PU,NA,NA,NA,NA,FALSE,WEF_GCIHH,WEF_GCIHH_LIFEEXPECT,SUR,_T,_T,_T,_Z,_Z,_Z,2012,A,RANK,NA
69.22,602,0,NA,A,PU,NA,NA,NA,NA,FALSE,WEF_GCIHH,WEF_GCIHH_LIFEEXPECT,SUR,_T,_T,_T,_Z,_Z,_Z,2011,A,YR,NA
96,602,0,NA,A,PU,NA,NA,NA,NA,FALSE,WEF_GCIHH,WEF_GCIHH_LIFEEXPECT,SUR,_T,_T,_T,_Z,_Z,_Z,2011,A,RANK,NA
48.87,602,0,NA,A,PU,NA,NA,NA,NA,TRUE,WEF_GCIHH,WEF_GCIHH_LIFEEXPECT,SWZ,_T,_T,_T,_Z,_Z,_Z,2017,A,YR,NA
137,602,0,NA,A,PU,NA,NA,NA,NA,TRUE,WEF_GCIHH,WEF_GCIHH_LIFEEXPECT,SWZ,_T,_T,_T,_Z,_Z,_Z,2017,A,RANK,NA
48.94,602,0,NA,A,PU,NA,NA,NA,NA,FALSE,WEF_GCIHH,WEF_GCIHH_LIFEEXPECT,SWZ,_T,_T,_T,_Z,_Z,_Z,2015,A,YR,NA
138,602,0,NA,A,PU,NA,NA,NA,NA,FALSE,WEF_GCIHH,WEF_GCIHH_LIFEEXPECT,SWZ,_T,_T,_T,_Z,_Z,_Z,2015,A,RANK,NA
48.85,602,0,NA,A,PU,NA,NA,NA,NA,FALSE,WEF_GCIHH,WEF_GCIHH_LIFEEXPECT,SWZ,_T,_T,_T,_Z,_Z,_Z,2014,A,YR,NA
141,602,0,NA,A,PU,NA,NA,NA,NA,FALSE,WEF_GCIHH,WEF_GCIHH_LIFEEXPECT,SWZ,_T,_T,_T,_Z,_Z,_Z,2014,A,RANK,NA
48.66,602,0,NA,A,PU,NA,NA,NA,NA,FALSE,WEF_GCIHH,WEF_GCIHH_LIFEEXPECT,SWZ,_T,_T,_T,_Z,_Z,_Z,2013,A,YR,NA
146,602,0,NA,A,PU,NA,NA,NA,NA,FALSE,WEF_GCIHH,WEF_GCIHH_LIFEEXPECT,SWZ,_T,_T,_T,_Z,_Z,_Z,2013,A,RANK,NA
48.34,602,0,NA,A,PU,NA,NA,NA,NA,FALSE,WEF_GCIHH,WEF_GCIHH_LIFEEXPECT,SWZ,_T,_T,_T,_Z,_Z,_Z,2012,A,YR,NA
142,602,0,NA,A,PU,NA,NA,NA,NA,FALSE,WEF_GCIHH,WEF_GCIHH_LIFEEXPECT,SWZ,_T,_T,_T,_Z,_Z,_Z,2012,A,RANK,NA
46.32,602,0,NA,A,PU,NA,NA,NA,NA,FALSE,WEF_GCIHH,WEF_GCIHH_LIFEEXPECT,SWZ,_T,_T,_T,_Z,_Z,_Z,2011,A,YR,NA
140,602,0,NA,A,PU,NA,NA,NA,NA,FALSE,WEF_GCIHH,WEF_GCIHH_LIFEEXPECT,SWZ,_T,_T,_T,_Z,_Z,_Z,2011,A,RANK,NA
45.77,602,0,NA,A,PU,NA,NA,NA,NA,FALSE,WEF_GCIHH,WEF_GCIHH_LIFEEXPECT,SWZ,_T,_T,_T,_Z,_Z,_Z,2010,A,YR,NA
136,602,0,NA,A,PU,NA,NA,NA,NA,FALSE,WEF_GCIHH,WEF_GCIHH_LIFEEXPECT,SWZ,_T,_T,_T,_Z,_Z,_Z,2010,A,RANK,NA
82.55,602,0,NA,A,PU,NA,NA,NA,NA,TRUE,WEF_GCIHH,WEF_GCIHH_LIFEEXPECT,SWE,_T,_T,_T,_Z,_Z,_Z,2017,A,YR,NA
9,602,0,NA,A,PU,NA,NA,NA,NA,TRUE,WEF_GCIHH,WEF_GCIHH_LIFEEXPECT,SWE,_T,_T,_T,_Z,_Z,_Z,2017,A,RANK,NA
81.96,602,0,NA,A,PU,NA,NA,NA,NA,FALSE,WEF_GCIHH,WEF_GCIHH_LIFEEXPECT,SWE,_T,_T,_T,_Z,_Z,_Z,2016,A,YR,NA
14,602,0,NA,A,PU,NA,NA,NA,NA,FALSE,WEF_GCIHH,WEF_GCIHH_LIFEEXPECT,SWE,_T,_T,_T,_Z,_Z,_Z,2016,A,RANK,NA
81.7,602,0,NA,A,PU,NA,NA,NA,NA,FALSE,WEF_GCIHH,WEF_GCIHH_LIFEEXPECT,SWE,_T,_T,_T,_Z,_Z,_Z,2015,A,YR,NA
12,602,0,NA,A,PU,NA,NA,NA,NA,FALSE,WEF_GCIHH,WEF_GCIHH_LIFEEXPECT,SWE,_T,_T,_T,_Z,_Z,_Z,2015,A,RANK,NA
81.7,602,0,NA,A,PU,NA,NA,NA,NA,FALSE,WEF_GCIHH,WEF_GCIHH_LIFEEXPECT,SWE,_T,_T,_T,_Z,_Z,_Z,2014,A,YR,NA
10,602,0,NA,A,PU,NA,NA,NA,NA,FALSE,WEF_GCIHH,WEF_GCIHH_LIFEEXPECT,SWE,_T,_T,_T,_Z,_Z,_Z,2014,A,RANK,NA
81.8,602,0,NA,A,PU,NA,NA,NA,NA,FALSE,WEF_GCIHH,WEF_GCIHH_LIFEEXPECT,SWE,_T,_T,_T,_Z,_Z,_Z,2013,A,YR,NA
10,602,0,NA,A,PU,NA,NA,NA,NA,FALSE,WEF_GCIHH,WEF_GCIHH_LIFEEXPECT,SWE,_T,_T,_T,_Z,_Z,_Z,2013,A,RANK,NA
81.45,602,0,NA,A,PU,NA,NA,NA,NA,FALSE,WEF_GCIHH,WEF_GCIHH_LIFEEXPECT,SWE,_T,_T,_T,_Z,_Z,_Z,2012,A,YR,NA
9,602,0,NA,A,PU,NA,NA,NA,NA,FALSE,WEF_GCIHH,WEF_GCIHH_LIFEEXPECT,SWE,_T,_T,_T,_Z,_Z,_Z,2012,A,RANK,NA
81.35,602,0,NA,A,PU,NA,NA,NA,NA,FALSE,WEF_GCIHH,WEF_GCIHH_LIFEEXPECT,SWE,_T,_T,_T,_Z,_Z,_Z,2011,A,YR,NA
9,602,0,NA,A,PU,NA,NA,NA,NA,FALSE,WEF_GCIHH,WEF_GCIHH_LIFEEXPECT,SWE,_T,_T,_T,_Z,_Z,_Z,2011,A,RANK,NA
81.24,602,0,NA,A,PU,NA,NA,NA,NA,FALSE,WEF_GCIHH,WEF_GCIHH_LIFEEXPECT,SWE,_T,_T,_T,_Z,_Z,_Z,2010,A,YR,NA
8,602,0,NA,A,PU,NA,NA,NA,NA,FALSE,WEF_GCIHH,WEF_GCIHH_LIFEEXPECT,SWE,_T,_T,_T,_Z,_Z,_Z,2010,A,RANK,NA
81,602,0,NA,A,PU,NA,NA,NA,NA,FALSE,WEF_GCIHH,WEF_GCIHH_LIFEEXPECT,SWE,_T,_T,_T,_Z,_Z,_Z,2009,A,YR,NA
7,602,0,NA,A,PU,NA,NA,NA,NA,FALSE,WEF_GCIHH,WEF_GCIHH_LIFEEXPECT,SWE,_T,_T,_T,_Z,_Z,_Z,2009,A,RANK,NA
81,602,0,NA,A,PU,NA,NA,NA,NA,FALSE,WEF_GCIHH,WEF_GCIHH_LIFEEXPECT,SWE,_T,_T,_T,_Z,_Z,_Z,2008,A,YR,NA
5,602,0,NA,A,PU,NA,NA,NA,NA,FALSE,WEF_GCIHH,WEF_GCIHH_LIFEEXPECT,SWE,_T,_T,_T,_Z,_Z,_Z,2008,A,RANK,NA
81,602,0,NA,A,PU,NA,NA,NA,NA,FALSE,WEF_GCIHH,WEF_GCIHH_LIFEEXPECT,SWE,_T,_T,_T,_Z,_Z,_Z,2007,A,YR,NA
3,602,0,NA,A,PU,NA,NA,NA,NA,FALSE,WEF_GCIHH,WEF_GCIHH_LIFEEXPECT,SWE,_T,_T,_T,_Z,_Z,_Z,2007,A,RANK,NA
83.2,602,0,NA,A,PU,NA,NA,NA,NA,TRUE,WEF_GCIHH,WEF_GCIHH_LIFEEXPECT,CHE,_T,_T,_T,_Z,_Z,_Z,2017,A,YR,NA
5,602,0,NA,A,PU,NA,NA,NA,NA,TRUE,WEF_GCIHH,WEF_GCIHH_LIFEEXPECT,CHE,_T,_T,_T,_Z,_Z,_Z,2017,A,RANK,NA
82.85,602,0,NA,A,PU,NA,NA,NA,NA,FALSE,WEF_GCIHH,WEF_GCIHH_LIFEEXPECT,CHE,_T,_T,_T,_Z,_Z,_Z,2016,A,YR,NA
4,602,0,NA,A,PU,NA,NA,NA,NA,FALSE,WEF_GCIHH,WEF_GCIHH_LIFEEXPECT,CHE,_T,_T,_T,_Z,_Z,_Z,2016,A,RANK,NA
82.75,602,0,NA,A,PU,NA,NA,NA,NA,FALSE,WEF_GCIHH,WEF_GCIHH_LIFEEXPECT,CHE,_T,_T,_T,_Z,_Z,_Z,2015,A,YR,NA
4,602,0,NA,A,PU,NA,NA,NA,NA,FALSE,WEF_GCIHH,WEF_GCIHH_LIFEEXPECT,CHE,_T,_T,_T,_Z,_Z,_Z,2015,A,RANK,NA
82.7,602,0,NA,A,PU,NA,NA,NA,NA,FALSE,WEF_GCIHH,WEF_GCIHH_LIFEEXPECT,CHE,_T,_T,_T,_Z,_Z,_Z,2014,A,YR,NA
5,602,0,NA,A,PU,NA,NA,NA,NA,FALSE,WEF_GCIHH,WEF_GCIHH_LIFEEXPECT,CHE,_T,_T,_T,_Z,_Z,_Z,2014,A,RANK,NA
82.7,602,0,NA,A,PU,NA,NA,NA,NA,FALSE,WEF_GCIHH,WEF_GCIHH_LIFEEXPECT,CHE,_T,_T,_T,_Z,_Z,_Z,2013,A,YR,NA
2,602,0,NA,A,PU,NA,NA,NA,NA,FALSE,WEF_GCIHH,WEF_GCIHH_LIFEEXPECT,CHE,_T,_T,_T,_Z,_Z,_Z,2013,A,RANK,NA
82.25,602,0,NA,A,PU,NA,NA,NA,NA,FALSE,WEF_GCIHH,WEF_GCIHH_LIFEEXPECT,CHE,_T,_T,_T,_Z,_Z,_Z,2012,A,YR,NA
3,602,0,NA,A,PU,NA,NA,NA,NA,FALSE,WEF_GCIHH,WEF_GCIHH_LIFEEXPECT,CHE,_T,_T,_T,_Z,_Z,_Z,2012,A,RANK,NA
82.04,602,0,NA,A,PU,NA,NA,NA,NA,FALSE,WEF_GCIHH,WEF_GCIHH_LIFEEXPECT,CHE,_T,_T,_T,_Z,_Z,_Z,2011,A,YR,NA
3,602,0,NA,A,PU,NA,NA,NA,NA,FALSE,WEF_GCIHH,WEF_GCIHH_LIFEEXPECT,CHE,_T,_T,_T,_Z,_Z,_Z,2011,A,RANK,NA
82.16,602,0,NA,A,PU,NA,NA,NA,NA,FALSE,WEF_GCIHH,WEF_GCIHH_LIFEEXPECT,CHE,_T,_T,_T,_Z,_Z,_Z,2010,A,YR,NA
3,602,0,NA,A,PU,NA,NA,NA,NA,FALSE,WEF_GCIHH,WEF_GCIHH_LIFEEXPECT,CHE,_T,_T,_T,_Z,_Z,_Z,2010,A,RANK,NA
82,602,0,NA,A,PU,NA,NA,NA,NA,FALSE,WEF_GCIHH,WEF_GCIHH_LIFEEXPECT,CHE,_T,_T,_T,_Z,_Z,_Z,2009,A,YR,NA
3,602,0,NA,A,PU,NA,NA,NA,NA,FALSE,WEF_GCIHH,WEF_GCIHH_LIFEEXPECT,CHE,_T,_T,_T,_Z,_Z,_Z,2009,A,RANK,NA
82,602,0,NA,A,PU,NA,NA,NA,NA,FALSE,WEF_GCIHH,WEF_GCIHH_LIFEEXPECT,CHE,_T,_T,_T,_Z,_Z,_Z,2008,A,YR,NA
2,602,0,NA,A,PU,NA,NA,NA,NA,FALSE,WEF_GCIHH,WEF_GCIHH_LIFEEXPECT,CHE,_T,_T,_T,_Z,_Z,_Z,2008,A,RANK,NA
81,602,0,NA,A,PU,NA,NA,NA,NA,FALSE,WEF_GCIHH,WEF_GCIHH_LIFEEXPECT,CHE,_T,_T,_T,_Z,_Z,_Z,2007,A,YR,NA
3,602,0,NA,A,PU,NA,NA,NA,NA,FALSE,WEF_GCIHH,WEF_GCIHH_LIFEEXPECT,CHE,_T,_T,_T,_Z,_Z,_Z,2007,A,RANK,NA
74.42,602,0,NA,A,PU,NA,NA,NA,NA,TRUE,WEF_GCIHH,WEF_GCIHH_LIFEEXPECT,SYR,_T,_T,_T,_Z,_Z,_Z,2011,A,YR,NA
58,602,0,NA,A,PU,NA,NA,NA,NA,TRUE,WEF_GCIHH,WEF_GCIHH_LIFEEXPECT,SYR,_T,_T,_T,_Z,_Z,_Z,2011,A,RANK,NA
74.23,602,0,NA,A,PU,NA,NA,NA,NA,FALSE,WEF_GCIHH,WEF_GCIHH_LIFEEXPECT,SYR,_T,_T,_T,_Z,_Z,_Z,2010,A,YR,NA
57,602,0,NA,A,PU,NA,NA,NA,NA,FALSE,WEF_GCIHH,WEF_GCIHH_LIFEEXPECT,SYR,_T,_T,_T,_Z,_Z,_Z,2010,A,RANK,NA
72,602,0,NA,A,PU,NA,NA,NA,NA,FALSE,WEF_GCIHH,WEF_GCIHH_LIFEEXPECT,SYR,_T,_T,_T,_Z,_Z,_Z,2009,A,YR,NA
69,602,0,NA,A,PU,NA,NA,NA,NA,FALSE,WEF_GCIHH,WEF_GCIHH_LIFEEXPECT,SYR,_T,_T,_T,_Z,_Z,_Z,2009,A,RANK,NA
72,602,0,NA,A,PU,NA,NA,NA,NA,FALSE,WEF_GCIHH,WEF_GCIHH_LIFEEXPECT,SYR,_T,_T,_T,_Z,_Z,_Z,2008,A,YR,NA
66,602,0,NA,A,PU,NA,NA,NA,NA,FALSE,WEF_GCIHH,WEF_GCIHH_LIFEEXPECT,SYR,_T,_T,_T,_Z,_Z,_Z,2008,A,RANK,NA
72,602,0,NA,A,PU,NA,NA,NA,NA,FALSE,WEF_GCIHH,WEF_GCIHH_LIFEEXPECT,SYR,_T,_T,_T,_Z,_Z,_Z,2007,A,YR,NA
56,602,0,NA,A,PU,NA,NA,NA,NA,FALSE,WEF_GCIHH,WEF_GCIHH_LIFEEXPECT,SYR,_T,_T,_T,_Z,_Z,_Z,2007,A,RANK,NA
80.1,602,0,NA,A,PU,NA,NA,NA,NA,TRUE,WEF_GCIHH,WEF_GCIHH_LIFEEXPECT,TWN,_T,_T,_T,_Z,_Z,_Z,2017,A,YR,NA
31,602,0,NA,A,PU,NA,NA,NA,NA,TRUE,WEF_GCIHH,WEF_GCIHH_LIFEEXPECT,TWN,_T,_T,_T,_Z,_Z,_Z,2017,A,RANK,NA
79.84,602,0,NA,A,PU,NA,NA,NA,NA,FALSE,WEF_GCIHH,WEF_GCIHH_LIFEEXPECT,TWN,_T,_T,_T,_Z,_Z,_Z,2016,A,YR,NA
31,602,0,NA,A,PU,NA,NA,NA,NA,FALSE,WEF_GCIHH,WEF_GCIHH_LIFEEXPECT,TWN,_T,_T,_T,_Z,_Z,_Z,2016,A,RANK,NA
80.02,602,0,NA,A,PU,NA,NA,NA,NA,FALSE,WEF_GCIHH,WEF_GCIHH_LIFEEXPECT,TWN,_T,_T,_T,_Z,_Z,_Z,2015,A,YR,NA
30,602,0,NA,A,PU,NA,NA,NA,NA,FALSE,WEF_GCIHH,WEF_GCIHH_LIFEEXPECT,TWN,_T,_T,_T,_Z,_Z,_Z,2015,A,RANK,NA
79.86,602,0,NA,A,PU,NA,NA,NA,NA,FALSE,WEF_GCIHH,WEF_GCIHH_LIFEEXPECT,TWN,_T,_T,_T,_Z,_Z,_Z,2014,A,YR,NA
29,602,0,NA,A,PU,NA,NA,NA,NA,FALSE,WEF_GCIHH,WEF_GCIHH_LIFEEXPECT,TWN,_T,_T,_T,_Z,_Z,_Z,2014,A,RANK,NA
79.15,602,0,NA,A,PU,NA,NA,NA,NA,FALSE,WEF_GCIHH,WEF_GCIHH_LIFEEXPECT,TWN,_T,_T,_T,_Z,_Z,_Z,2013,A,YR,NA
31,602,0,NA,A,PU,NA,NA,NA,NA,FALSE,WEF_GCIHH,WEF_GCIHH_LIFEEXPECT,TWN,_T,_T,_T,_Z,_Z,_Z,2013,A,RANK,NA
79.18,602,0,NA,A,PU,NA,NA,NA,NA,FALSE,WEF_GCIHH,WEF_GCIHH_LIFEEXPECT,TWN,_T,_T,_T,_Z,_Z,_Z,2012,A,YR,NA
29,602,0,NA,A,PU,NA,NA,NA,NA,FALSE,WEF_GCIHH,WEF_GCIHH_LIFEEXPECT,TWN,_T,_T,_T,_Z,_Z,_Z,2012,A,RANK,NA
79.01,602,0,NA,A,PU,NA,NA,NA,NA,FALSE,WEF_GCIHH,WEF_GCIHH_LIFEEXPECT,TWN,_T,_T,_T,_Z,_Z,_Z,2011,A,YR,NA
28,602,0,NA,A,PU,NA,NA,NA,NA,FALSE,WEF_GCIHH,WEF_GCIHH_LIFEEXPECT,TWN,_T,_T,_T,_Z,_Z,_Z,2011,A,RANK,NA
78.57,602,0,NA,A,PU,NA,NA,NA,NA,FALSE,WEF_GCIHH,WEF_GCIHH_LIFEEXPECT,TWN,_T,_T,_T,_Z,_Z,_Z,2010,A,YR,NA
32,602,0,NA,A,PU,NA,NA,NA,NA,FALSE,WEF_GCIHH,WEF_GCIHH_LIFEEXPECT,TWN,_T,_T,_T,_Z,_Z,_Z,2010,A,RANK,NA
78.54,602,0,NA,A,PU,NA,NA,NA,NA,FALSE,WEF_GCIHH,WEF_GCIHH_LIFEEXPECT,TWN,_T,_T,_T,_Z,_Z,_Z,2009,A,YR,NA
29,602,0,NA,A,PU,NA,NA,NA,NA,FALSE,WEF_GCIHH,WEF_GCIHH_LIFEEXPECT,TWN,_T,_T,_T,_Z,_Z,_Z,2009,A,RANK,NA
77.4,602,0,NA,A,PU,NA,NA,NA,NA,FALSE,WEF_GCIHH,WEF_GCIHH_LIFEEXPECT,TWN,_T,_T,_T,_Z,_Z,_Z,2008,A,YR,NA
36,602,0,NA,A,PU,NA,NA,NA,NA,FALSE,WEF_GCIHH,WEF_GCIHH_LIFEEXPECT,TWN,_T,_T,_T,_Z,_Z,_Z,2008,A,RANK,NA
77.42,602,0,NA,A,PU,NA,NA,NA,NA,FALSE,WEF_GCIHH,WEF_GCIHH_LIFEEXPECT,TWN,_T,_T,_T,_Z,_Z,_Z,2007,A,YR,NA
30,602,0,NA,A,PU,NA,NA,NA,NA,FALSE,WEF_GCIHH,WEF_GCIHH_LIFEEXPECT,TWN,_T,_T,_T,_Z,_Z,_Z,2007,A,RANK,NA
69.77,602,0,NA,A,PU,NA,NA,NA,NA,TRUE,WEF_GCIHH,WEF_GCIHH_LIFEEXPECT,TJK,_T,_T,_T,_Z,_Z,_Z,2017,A,YR,NA
100,602,0,NA,A,PU,NA,NA,NA,NA,TRUE,WEF_GCIHH,WEF_GCIHH_LIFEEXPECT,TJK,_T,_T,_T,_Z,_Z,_Z,2017,A,RANK,NA
69.6,602,0,NA,A,PU,NA,NA,NA,NA,FALSE,WEF_GCIHH,WEF_GCIHH_LIFEEXPECT,TJK,_T,_T,_T,_Z,_Z,_Z,2016,A,YR,NA
99,602,0,NA,A,PU,NA,NA,NA,NA,FALSE,WEF_GCIHH,WEF_GCIHH_LIFEEXPECT,TJK,_T,_T,_T,_Z,_Z,_Z,2016,A,RANK,NA
67.37,602,0,NA,A,PU,NA,NA,NA,NA,FALSE,WEF_GCIHH,WEF_GCIHH_LIFEEXPECT,TJK,_T,_T,_T,_Z,_Z,_Z,2015,A,YR,NA
104,602,0,NA,A,PU,NA,NA,NA,NA,FALSE,WEF_GCIHH,WEF_GCIHH_LIFEEXPECT,TJK,_T,_T,_T,_Z,_Z,_Z,2015,A,RANK,NA
67.26,602,0,NA,A,PU,NA,NA,NA,NA,FALSE,WEF_GCIHH,WEF_GCIHH_LIFEEXPECT,TJK,_T,_T,_T,_Z,_Z,_Z,2014,A,YR,NA
106,602,0,NA,A,PU,NA,NA,NA,NA,FALSE,WEF_GCIHH,WEF_GCIHH_LIFEEXPECT,TJK,_T,_T,_T,_Z,_Z,_Z,2014,A,RANK,NA
67.26,602,0,NA,A,PU,NA,NA,NA,NA,FALSE,WEF_GCIHH,WEF_GCIHH_LIFEEXPECT,TJK,_T,_T,_T,_Z,_Z,_Z,2012,A,YR,NA
106,602,0,NA,A,PU,NA,NA,NA,NA,FALSE,WEF_GCIHH,WEF_GCIHH_LIFEEXPECT,TJK,_T,_T,_T,_Z,_Z,_Z,2012,A,RANK,NA
67.01,602,0,NA,A,PU,NA,NA,NA,NA,FALSE,WEF_GCIHH,WEF_GCIHH_LIFEEXPECT,TJK,_T,_T,_T,_Z,_Z,_Z,2011,A,YR,NA
105,602,0,NA,A,PU,NA,NA,NA,NA,FALSE,WEF_GCIHH,WEF_GCIHH_LIFEEXPECT,TJK,_T,_T,_T,_Z,_Z,_Z,2011,A,RANK,NA
66.75,602,0,NA,A,PU,NA,NA,NA,NA,FALSE,WEF_GCIHH,WEF_GCIHH_LIFEEXPECT,TJK,_T,_T,_T,_Z,_Z,_Z,2010,A,YR,NA
102,602,0,NA,A,PU,NA,NA,NA,NA,FALSE,WEF_GCIHH,WEF_GCIHH_LIFEEXPECT,TJK,_T,_T,_T,_Z,_Z,_Z,2010,A,RANK,NA
67,602,0,NA,A,PU,NA,NA,NA,NA,FALSE,WEF_GCIHH,WEF_GCIHH_LIFEEXPECT,TJK,_T,_T,_T,_Z,_Z,_Z,2009,A,YR,NA
96,602,0,NA,A,PU,NA,NA,NA,NA,FALSE,WEF_GCIHH,WEF_GCIHH_LIFEEXPECT,TJK,_T,_T,_T,_Z,_Z,_Z,2009,A,RANK,NA
64,602,0,NA,A,PU,NA,NA,NA,NA,FALSE,WEF_GCIHH,WEF_GCIHH_LIFEEXPECT,TJK,_T,_T,_T,_Z,_Z,_Z,2008,A,YR,NA
101,602,0,NA,A,PU,NA,NA,NA,NA,FALSE,WEF_GCIHH,WEF_GCIHH_LIFEEXPECT,TJK,_T,_T,_T,_Z,_Z,_Z,2008,A,RANK,NA
63,602,0,NA,A,PU,NA,NA,NA,NA,FALSE,WEF_GCIHH,WEF_GCIHH_LIFEEXPECT,TJK,_T,_T,_T,_Z,_Z,_Z,2007,A,YR,NA
100,602,0,NA,A,PU,NA,NA,NA,NA,FALSE,WEF_GCIHH,WEF_GCIHH_LIFEEXPECT,TJK,_T,_T,_T,_Z,_Z,_Z,2007,A,RANK,NA
65.49,602,0,NA,A,PU,NA,NA,NA,NA,TRUE,WEF_GCIHH,WEF_GCIHH_LIFEEXPECT,TZA,_T,_T,_T,_Z,_Z,_Z,2017,A,YR,NA
108,602,0,NA,A,PU,NA,NA,NA,NA,TRUE,WEF_GCIHH,WEF_GCIHH_LIFEEXPECT,TZA,_T,_T,_T,_Z,_Z,_Z,2017,A,RANK,NA
64.94,602,0,NA,A,PU,NA,NA,NA,NA,FALSE,WEF_GCIHH,WEF_GCIHH_LIFEEXPECT,TZA,_T,_T,_T,_Z,_Z,_Z,2016,A,YR,NA
111,602,0,NA,A,PU,NA,NA,NA,NA,FALSE,WEF_GCIHH,WEF_GCIHH_LIFEEXPECT,TZA,_T,_T,_T,_Z,_Z,_Z,2016,A,RANK,NA
61.49,602,0,NA,A,PU,NA,NA,NA,NA,FALSE,WEF_GCIHH,WEF_GCIHH_LIFEEXPECT,TZA,_T,_T,_T,_Z,_Z,_Z,2015,A,YR,NA
119,602,0,NA,A,PU,NA,NA,NA,NA,FALSE,WEF_GCIHH,WEF_GCIHH_LIFEEXPECT,TZA,_T,_T,_T,_Z,_Z,_Z,2015,A,RANK,NA
60.85,602,0,NA,A,PU,NA,NA,NA,NA,FALSE,WEF_GCIHH,WEF_GCIHH_LIFEEXPECT,TZA,_T,_T,_T,_Z,_Z,_Z,2014,A,YR,NA
124,602,0,NA,A,PU,NA,NA,NA,NA,FALSE,WEF_GCIHH,WEF_GCIHH_LIFEEXPECT,TZA,_T,_T,_T,_Z,_Z,_Z,2014,A,RANK,NA
58.15,602,0,NA,A,PU,NA,NA,NA,NA,FALSE,WEF_GCIHH,WEF_GCIHH_LIFEEXPECT,TZA,_T,_T,_T,_Z,_Z,_Z,2013,A,YR,NA
125,602,0,NA,A,PU,NA,NA,NA,NA,FALSE,WEF_GCIHH,WEF_GCIHH_LIFEEXPECT,TZA,_T,_T,_T,_Z,_Z,_Z,2013,A,RANK,NA
57.39,602,0,NA,A,PU,NA,NA,NA,NA,FALSE,WEF_GCIHH,WEF_GCIHH_LIFEEXPECT,TZA,_T,_T,_T,_Z,_Z,_Z,2012,A,YR,NA
122,602,0,NA,A,PU,NA,NA,NA,NA,FALSE,WEF_GCIHH,WEF_GCIHH_LIFEEXPECT,TZA,_T,_T,_T,_Z,_Z,_Z,2012,A,RANK,NA
56.29,602,0,NA,A,PU,NA,NA,NA,NA,FALSE,WEF_GCIHH,WEF_GCIHH_LIFEEXPECT,TZA,_T,_T,_T,_Z,_Z,_Z,2011,A,YR,NA
121,602,0,NA,A,PU,NA,NA,NA,NA,FALSE,WEF_GCIHH,WEF_GCIHH_LIFEEXPECT,TZA,_T,_T,_T,_Z,_Z,_Z,2011,A,RANK,NA
55.65,602,0,NA,A,PU,NA,NA,NA,NA,FALSE,WEF_GCIHH,WEF_GCIHH_LIFEEXPECT,TZA,_T,_T,_T,_Z,_Z,_Z,2010,A,YR,NA
119,602,0,NA,A,PU,NA,NA,NA,NA,FALSE,WEF_GCIHH,WEF_GCIHH_LIFEEXPECT,TZA,_T,_T,_T,_Z,_Z,_Z,2010,A,RANK,NA
52,602,0,NA,A,PU,NA,NA,NA,NA,FALSE,WEF_GCIHH,WEF_GCIHH_LIFEEXPECT,TZA,_T,_T,_T,_Z,_Z,_Z,2009,A,YR,NA
121,602,0,NA,A,PU,NA,NA,NA,NA,FALSE,WEF_GCIHH,WEF_GCIHH_LIFEEXPECT,TZA,_T,_T,_T,_Z,_Z,_Z,2009,A,RANK,NA
50,602,0,NA,A,PU,NA,NA,NA,NA,FALSE,WEF_GCIHH,WEF_GCIHH_LIFEEXPECT,TZA,_T,_T,_T,_Z,_Z,_Z,2008,A,YR,NA
123,602,0,NA,A,PU,NA,NA,NA,NA,FALSE,WEF_GCIHH,WEF_GCIHH_LIFEEXPECT,TZA,_T,_T,_T,_Z,_Z,_Z,2008,A,RANK,NA
48,602,0,NA,A,PU,NA,NA,NA,NA,FALSE,WEF_GCIHH,WEF_GCIHH_LIFEEXPECT,TZA,_T,_T,_T,_Z,_Z,_Z,2007,A,YR,NA
120,602,0,NA,A,PU,NA,NA,NA,NA,FALSE,WEF_GCIHH,WEF_GCIHH_LIFEEXPECT,TZA,_T,_T,_T,_Z,_Z,_Z,2007,A,RANK,NA
74.6,602,0,NA,A,PU,NA,NA,NA,NA,TRUE,WEF_GCIHH,WEF_GCIHH_LIFEEXPECT,THA,_T,_T,_T,_Z,_Z,_Z,2017,A,YR,NA
72,602,0,NA,A,PU,NA,NA,NA,NA,TRUE,WEF_GCIHH,WEF_GCIHH_LIFEEXPECT,THA,_T,_T,_T,_Z,_Z,_Z,2017,A,RANK,NA
74.42,602,0,NA,A,PU,NA,NA,NA,NA,FALSE,WEF_GCIHH,WEF_GCIHH_LIFEEXPECT,THA,_T,_T,_T,_Z,_Z,_Z,2016,A,YR,NA
72,602,0,NA,A,PU,NA,NA,NA,NA,FALSE,WEF_GCIHH,WEF_GCIHH_LIFEEXPECT,THA,_T,_T,_T,_Z,_Z,_Z,2016,A,RANK,NA
74.37,602,0,NA,A,PU,NA,NA,NA,NA,FALSE,WEF_GCIHH,WEF_GCIHH_LIFEEXPECT,THA,_T,_T,_T,_Z,_Z,_Z,2015,A,YR,NA
69,602,0,NA,A,PU,NA,NA,NA,NA,FALSE,WEF_GCIHH,WEF_GCIHH_LIFEEXPECT,THA,_T,_T,_T,_Z,_Z,_Z,2015,A,RANK,NA
74.19,602,0,NA,A,PU,NA,NA,NA,NA,FALSE,WEF_GCIHH,WEF_GCIHH_LIFEEXPECT,THA,_T,_T,_T,_Z,_Z,_Z,2014,A,YR,NA
70,602,0,NA,A,PU,NA,NA,NA,NA,FALSE,WEF_GCIHH,WEF_GCIHH_LIFEEXPECT,THA,_T,_T,_T,_Z,_Z,_Z,2014,A,RANK,NA
74.09,602,0,NA,A,PU,NA,NA,NA,NA,FALSE,WEF_GCIHH,WEF_GCIHH_LIFEEXPECT,THA,_T,_T,_T,_Z,_Z,_Z,2013,A,YR,NA
65,602,0,NA,A,PU,NA,NA,NA,NA,FALSE,WEF_GCIHH,WEF_GCIHH_LIFEEXPECT,THA,_T,_T,_T,_Z,_Z,_Z,2013,A,RANK,NA
73.93,602,0,NA,A,PU,NA,NA,NA,NA,FALSE,WEF_GCIHH,WEF_GCIHH_LIFEEXPECT,THA,_T,_T,_T,_Z,_Z,_Z,2012,A,YR,NA
62,602,0,NA,A,PU,NA,NA,NA,NA,FALSE,WEF_GCIHH,WEF_GCIHH_LIFEEXPECT,THA,_T,_T,_T,_Z,_Z,_Z,2012,A,RANK,NA
69.05,602,0,NA,A,PU,NA,NA,NA,NA,FALSE,WEF_GCIHH,WEF_GCIHH_LIFEEXPECT,THA,_T,_T,_T,_Z,_Z,_Z,2011,A,YR,NA
98,602,0,NA,A,PU,NA,NA,NA,NA,FALSE,WEF_GCIHH,WEF_GCIHH_LIFEEXPECT,THA,_T,_T,_T,_Z,_Z,_Z,2011,A,RANK,NA
68.86,602,0,NA,A,PU,NA,NA,NA,NA,FALSE,WEF_GCIHH,WEF_GCIHH_LIFEEXPECT,THA,_T,_T,_T,_Z,_Z,_Z,2010,A,YR,NA
96,602,0,NA,A,PU,NA,NA,NA,NA,FALSE,WEF_GCIHH,WEF_GCIHH_LIFEEXPECT,THA,_T,_T,_T,_Z,_Z,_Z,2010,A,RANK,NA
70,602,0,NA,A,PU,NA,NA,NA,NA,FALSE,WEF_GCIHH,WEF_GCIHH_LIFEEXPECT,THA,_T,_T,_T,_Z,_Z,_Z,2009,A,YR,NA
87,602,0,NA,A,PU,NA,NA,NA,NA,FALSE,WEF_GCIHH,WEF_GCIHH_LIFEEXPECT,THA,_T,_T,_T,_Z,_Z,_Z,2009,A,RANK,NA
72,602,0,NA,A,PU,NA,NA,NA,NA,FALSE,WEF_GCIHH,WEF_GCIHH_LIFEEXPECT,THA,_T,_T,_T,_Z,_Z,_Z,2008,A,YR,NA
66,602,0,NA,A,PU,NA,NA,NA,NA,FALSE,WEF_GCIHH,WEF_GCIHH_LIFEEXPECT,THA,_T,_T,_T,_Z,_Z,_Z,2008,A,RANK,NA
70,602,0,NA,A,PU,NA,NA,NA,NA,FALSE,WEF_GCIHH,WEF_GCIHH_LIFEEXPECT,THA,_T,_T,_T,_Z,_Z,_Z,2007,A,YR,NA
81,602,0,NA,A,PU,NA,NA,NA,NA,FALSE,WEF_GCIHH,WEF_GCIHH_LIFEEXPECT,THA,_T,_T,_T,_Z,_Z,_Z,2007,A,RANK,NA
67.02,602,0,NA,A,PU,NA,NA,NA,NA,TRUE,WEF_GCIHH,WEF_GCIHH_LIFEEXPECT,TLS,_T,_T,_T,_Z,_Z,_Z,2014,A,YR,NA
107,602,0,NA,A,PU,NA,NA,NA,NA,TRUE,WEF_GCIHH,WEF_GCIHH_LIFEEXPECT,TLS,_T,_T,_T,_Z,_Z,_Z,2014,A,RANK,NA
62.46,602,0,NA,A,PU,NA,NA,NA,NA,FALSE,WEF_GCIHH,WEF_GCIHH_LIFEEXPECT,TLS,_T,_T,_T,_Z,_Z,_Z,2013,A,YR,NA
118,602,0,NA,A,PU,NA,NA,NA,NA,FALSE,WEF_GCIHH,WEF_GCIHH_LIFEEXPECT,TLS,_T,_T,_T,_Z,_Z,_Z,2013,A,RANK,NA
62,602,0,NA,A,PU,NA,NA,NA,NA,FALSE,WEF_GCIHH,WEF_GCIHH_LIFEEXPECT,TLS,_T,_T,_T,_Z,_Z,_Z,2012,A,YR,NA
116,602,0,NA,A,PU,NA,NA,NA,NA,FALSE,WEF_GCIHH,WEF_GCIHH_LIFEEXPECT,TLS,_T,_T,_T,_Z,_Z,_Z,2012,A,RANK,NA
61.58,602,0,NA,A,PU,NA,NA,NA,NA,FALSE,WEF_GCIHH,WEF_GCIHH_LIFEEXPECT,TLS,_T,_T,_T,_Z,_Z,_Z,2011,A,YR,NA
114,602,0,NA,A,PU,NA,NA,NA,NA,FALSE,WEF_GCIHH,WEF_GCIHH_LIFEEXPECT,TLS,_T,_T,_T,_Z,_Z,_Z,2011,A,RANK,NA
61.12,602,0,NA,A,PU,NA,NA,NA,NA,FALSE,WEF_GCIHH,WEF_GCIHH_LIFEEXPECT,TLS,_T,_T,_T,_Z,_Z,_Z,2010,A,YR,NA
111,602,0,NA,A,PU,NA,NA,NA,NA,FALSE,WEF_GCIHH,WEF_GCIHH_LIFEEXPECT,TLS,_T,_T,_T,_Z,_Z,_Z,2010,A,RANK,NA
61,602,0,NA,A,PU,NA,NA,NA,NA,FALSE,WEF_GCIHH,WEF_GCIHH_LIFEEXPECT,TLS,_T,_T,_T,_Z,_Z,_Z,2009,A,YR,NA
106,602,0,NA,A,PU,NA,NA,NA,NA,FALSE,WEF_GCIHH,WEF_GCIHH_LIFEEXPECT,TLS,_T,_T,_T,_Z,_Z,_Z,2009,A,RANK,NA
66,602,0,NA,A,PU,NA,NA,NA,NA,FALSE,WEF_GCIHH,WEF_GCIHH_LIFEEXPECT,TLS,_T,_T,_T,_Z,_Z,_Z,2008,A,YR,NA
96,602,0,NA,A,PU,NA,NA,NA,NA,FALSE,WEF_GCIHH,WEF_GCIHH_LIFEEXPECT,TLS,_T,_T,_T,_Z,_Z,_Z,2008,A,RANK,NA
63,602,0,NA,A,PU,NA,NA,NA,NA,FALSE,WEF_GCIHH,WEF_GCIHH_LIFEEXPECT,TLS,_T,_T,_T,_Z,_Z,_Z,2007,A,YR,NA
100,602,0,NA,A,PU,NA,NA,NA,NA,FALSE,WEF_GCIHH,WEF_GCIHH_LIFEEXPECT,TLS,_T,_T,_T,_Z,_Z,_Z,2007,A,RANK,NA
70.56,602,0,NA,A,PU,NA,NA,NA,NA,TRUE,WEF_GCIHH,WEF_GCIHH_LIFEEXPECT,TTO,_T,_T,_T,_Z,_Z,_Z,2017,A,YR,NA
96,602,0,NA,A,PU,NA,NA,NA,NA,TRUE,WEF_GCIHH,WEF_GCIHH_LIFEEXPECT,TTO,_T,_T,_T,_Z,_Z,_Z,2017,A,RANK,NA
70.44,602,0,NA,A,PU,NA,NA,NA,NA,FALSE,WEF_GCIHH,WEF_GCIHH_LIFEEXPECT,TTO,_T,_T,_T,_Z,_Z,_Z,2016,A,YR,NA
95,602,0,NA,A,PU,NA,NA,NA,NA,FALSE,WEF_GCIHH,WEF_GCIHH_LIFEEXPECT,TTO,_T,_T,_T,_Z,_Z,_Z,2016,A,RANK,NA
69.93,602,0,NA,A,PU,NA,NA,NA,NA,FALSE,WEF_GCIHH,WEF_GCIHH_LIFEEXPECT,TTO,_T,_T,_T,_Z,_Z,_Z,2015,A,YR,NA
97,602,0,NA,A,PU,NA,NA,NA,NA,FALSE,WEF_GCIHH,WEF_GCIHH_LIFEEXPECT,TTO,_T,_T,_T,_Z,_Z,_Z,2015,A,RANK,NA
69.82,602,0,NA,A,PU,NA,NA,NA,NA,FALSE,WEF_GCIHH,WEF_GCIHH_LIFEEXPECT,TTO,_T,_T,_T,_Z,_Z,_Z,2014,A,YR,NA
98,602,0,NA,A,PU,NA,NA,NA,NA,FALSE,WEF_GCIHH,WEF_GCIHH_LIFEEXPECT,TTO,_T,_T,_T,_Z,_Z,_Z,2014,A,RANK,NA
69.96,602,0,NA,A,PU,NA,NA,NA,NA,FALSE,WEF_GCIHH,WEF_GCIHH_LIFEEXPECT,TTO,_T,_T,_T,_Z,_Z,_Z,2013,A,YR,NA
96,602,0,NA,A,PU,NA,NA,NA,NA,FALSE,WEF_GCIHH,WEF_GCIHH_LIFEEXPECT,TTO,_T,_T,_T,_Z,_Z,_Z,2013,A,RANK,NA
69.76,602,0,NA,A,PU,NA,NA,NA,NA,FALSE,WEF_GCIHH,WEF_GCIHH_LIFEEXPECT,TTO,_T,_T,_T,_Z,_Z,_Z,2012,A,YR,NA
95,602,0,NA,A,PU,NA,NA,NA,NA,FALSE,WEF_GCIHH,WEF_GCIHH_LIFEEXPECT,TTO,_T,_T,_T,_Z,_Z,_Z,2012,A,RANK,NA
69.57,602,0,NA,A,PU,NA,NA,NA,NA,FALSE,WEF_GCIHH,WEF_GCIHH_LIFEEXPECT,TTO,_T,_T,_T,_Z,_Z,_Z,2011,A,YR,NA
95,602,0,NA,A,PU,NA,NA,NA,NA,FALSE,WEF_GCIHH,WEF_GCIHH_LIFEEXPECT,TTO,_T,_T,_T,_Z,_Z,_Z,2011,A,RANK,NA
69.34,602,0,NA,A,PU,NA,NA,NA,NA,FALSE,WEF_GCIHH,WEF_GCIHH_LIFEEXPECT,TTO,_T,_T,_T,_Z,_Z,_Z,2010,A,YR,NA
95,602,0,NA,A,PU,NA,NA,NA,NA,FALSE,WEF_GCIHH,WEF_GCIHH_LIFEEXPECT,TTO,_T,_T,_T,_Z,_Z,_Z,2010,A,RANK,NA
69,602,0,NA,A,PU,NA,NA,NA,NA,FALSE,WEF_GCIHH,WEF_GCIHH_LIFEEXPECT,TTO,_T,_T,_T,_Z,_Z,_Z,2009,A,YR,NA
88,602,0,NA,A,PU,NA,NA,NA,NA,FALSE,WEF_GCIHH,WEF_GCIHH_LIFEEXPECT,TTO,_T,_T,_T,_Z,_Z,_Z,2009,A,RANK,NA
69,602,0,NA,A,PU,NA,NA,NA,NA,FALSE,WEF_GCIHH,WEF_GCIHH_LIFEEXPECT,TTO,_T,_T,_T,_Z,_Z,_Z,2008,A,YR,NA
87,602,0,NA,A,PU,NA,NA,NA,NA,FALSE,WEF_GCIHH,WEF_GCIHH_LIFEEXPECT,TTO,_T,_T,_T,_Z,_Z,_Z,2008,A,RANK,NA
70,602,0,NA,A,PU,NA,NA,NA,NA,FALSE,WEF_GCIHH,WEF_GCIHH_LIFEEXPECT,TTO,_T,_T,_T,_Z,_Z,_Z,2007,A,YR,NA
81,602,0,NA,A,PU,NA,NA,NA,NA,FALSE,WEF_GCIHH,WEF_GCIHH_LIFEEXPECT,TTO,_T,_T,_T,_Z,_Z,_Z,2007,A,RANK,NA
74.98,602,0,NA,A,PU,NA,NA,NA,NA,TRUE,WEF_GCIHH,WEF_GCIHH_LIFEEXPECT,TUN,_T,_T,_T,_Z,_Z,_Z,2017,A,YR,NA
63,602,0,NA,A,PU,NA,NA,NA,NA,TRUE,WEF_GCIHH,WEF_GCIHH_LIFEEXPECT,TUN,_T,_T,_T,_Z,_Z,_Z,2017,A,RANK,NA
74.14,602,0,NA,A,PU,NA,NA,NA,NA,FALSE,WEF_GCIHH,WEF_GCIHH_LIFEEXPECT,TUN,_T,_T,_T,_Z,_Z,_Z,2016,A,YR,NA
78,602,0,NA,A,PU,NA,NA,NA,NA,FALSE,WEF_GCIHH,WEF_GCIHH_LIFEEXPECT,TUN,_T,_T,_T,_Z,_Z,_Z,2016,A,RANK,NA
73.65,602,0,NA,A,PU,NA,NA,NA,NA,FALSE,WEF_GCIHH,WEF_GCIHH_LIFEEXPECT,TUN,_T,_T,_T,_Z,_Z,_Z,2015,A,YR,NA
80,602,0,NA,A,PU,NA,NA,NA,NA,FALSE,WEF_GCIHH,WEF_GCIHH_LIFEEXPECT,TUN,_T,_T,_T,_Z,_Z,_Z,2015,A,RANK,NA
75.1,602,0,NA,A,PU,NA,NA,NA,NA,FALSE,WEF_GCIHH,WEF_GCIHH_LIFEEXPECT,TUN,_T,_T,_T,_Z,_Z,_Z,2014,A,YR,NA
56,602,0,NA,A,PU,NA,NA,NA,NA,FALSE,WEF_GCIHH,WEF_GCIHH_LIFEEXPECT,TUN,_T,_T,_T,_Z,_Z,_Z,2014,A,RANK,NA
74.75,602,0,NA,A,PU,NA,NA,NA,NA,FALSE,WEF_GCIHH,WEF_GCIHH_LIFEEXPECT,TUN,_T,_T,_T,_Z,_Z,_Z,2013,A,YR,NA
57,602,0,NA,A,PU,NA,NA,NA,NA,FALSE,WEF_GCIHH,WEF_GCIHH_LIFEEXPECT,TUN,_T,_T,_T,_Z,_Z,_Z,2013,A,RANK,NA
74.45,602,0,NA,A,PU,NA,NA,NA,NA,FALSE,WEF_GCIHH,WEF_GCIHH_LIFEEXPECT,TUN,_T,_T,_T,_Z,_Z,_Z,2011,A,YR,NA
57,602,0,NA,A,PU,NA,NA,NA,NA,FALSE,WEF_GCIHH,WEF_GCIHH_LIFEEXPECT,TUN,_T,_T,_T,_Z,_Z,_Z,2011,A,RANK,NA
74.3,602,0,NA,A,PU,NA,NA,NA,NA,FALSE,WEF_GCIHH,WEF_GCIHH_LIFEEXPECT,TUN,_T,_T,_T,_Z,_Z,_Z,2010,A,YR,NA
56,602,0,NA,A,PU,NA,NA,NA,NA,FALSE,WEF_GCIHH,WEF_GCIHH_LIFEEXPECT,TUN,_T,_T,_T,_Z,_Z,_Z,2010,A,RANK,NA
74,602,0,NA,A,PU,NA,NA,NA,NA,FALSE,WEF_GCIHH,WEF_GCIHH_LIFEEXPECT,TUN,_T,_T,_T,_Z,_Z,_Z,2009,A,YR,NA
53,602,0,NA,A,PU,NA,NA,NA,NA,FALSE,WEF_GCIHH,WEF_GCIHH_LIFEEXPECT,TUN,_T,_T,_T,_Z,_Z,_Z,2009,A,RANK,NA
72,602,0,NA,A,PU,NA,NA,NA,NA,FALSE,WEF_GCIHH,WEF_GCIHH_LIFEEXPECT,TUN,_T,_T,_T,_Z,_Z,_Z,2008,A,YR,NA
66,602,0,NA,A,PU,NA,NA,NA,NA,FALSE,WEF_GCIHH,WEF_GCIHH_LIFEEXPECT,TUN,_T,_T,_T,_Z,_Z,_Z,2008,A,RANK,NA
72,602,0,NA,A,PU,NA,NA,NA,NA,FALSE,WEF_GCIHH,WEF_GCIHH_LIFEEXPECT,TUN,_T,_T,_T,_Z,_Z,_Z,2007,A,YR,NA
56,602,0,NA,A,PU,NA,NA,NA,NA,FALSE,WEF_GCIHH,WEF_GCIHH_LIFEEXPECT,TUN,_T,_T,_T,_Z,_Z,_Z,2007,A,RANK,NA
75.43,602,0,NA,A,PU,NA,NA,NA,NA,TRUE,WEF_GCIHH,WEF_GCIHH_LIFEEXPECT,TUR,_T,_T,_T,_Z,_Z,_Z,2017,A,YR,NA
59,602,0,NA,A,PU,NA,NA,NA,NA,TRUE,WEF_GCIHH,WEF_GCIHH_LIFEEXPECT,TUR,_T,_T,_T,_Z,_Z,_Z,2017,A,RANK,NA
75.16,602,0,NA,A,PU,NA,NA,NA,NA,FALSE,WEF_GCIHH,WEF_GCIHH_LIFEEXPECT,TUR,_T,_T,_T,_Z,_Z,_Z,2016,A,YR,NA
62,602,0,NA,A,PU,NA,NA,NA,NA,FALSE,WEF_GCIHH,WEF_GCIHH_LIFEEXPECT,TUR,_T,_T,_T,_Z,_Z,_Z,2016,A,RANK,NA
75.18,602,0,NA,A,PU,NA,NA,NA,NA,FALSE,WEF_GCIHH,WEF_GCIHH_LIFEEXPECT,TUR,_T,_T,_T,_Z,_Z,_Z,2015,A,YR,NA
56,602,0,NA,A,PU,NA,NA,NA,NA,FALSE,WEF_GCIHH,WEF_GCIHH_LIFEEXPECT,TUR,_T,_T,_T,_Z,_Z,_Z,2015,A,RANK,NA
74.86,602,0,NA,A,PU,NA,NA,NA,NA,FALSE,WEF_GCIHH,WEF_GCIHH_LIFEEXPECT,TUR,_T,_T,_T,_Z,_Z,_Z,2014,A,YR,NA
59,602,0,NA,A,PU,NA,NA,NA,NA,FALSE,WEF_GCIHH,WEF_GCIHH_LIFEEXPECT,TUR,_T,_T,_T,_Z,_Z,_Z,2014,A,RANK,NA
73.94,602,0,NA,A,PU,NA,NA,NA,NA,FALSE,WEF_GCIHH,WEF_GCIHH_LIFEEXPECT,TUR,_T,_T,_T,_Z,_Z,_Z,2013,A,YR,NA
69,602,0,NA,A,PU,NA,NA,NA,NA,FALSE,WEF_GCIHH,WEF_GCIHH_LIFEEXPECT,TUR,_T,_T,_T,_Z,_Z,_Z,2013,A,RANK,NA
73.7,602,0,NA,A,PU,NA,NA,NA,NA,FALSE,WEF_GCIHH,WEF_GCIHH_LIFEEXPECT,TUR,_T,_T,_T,_Z,_Z,_Z,2012,A,YR,NA
68,602,0,NA,A,PU,NA,NA,NA,NA,FALSE,WEF_GCIHH,WEF_GCIHH_LIFEEXPECT,TUR,_T,_T,_T,_Z,_Z,_Z,2012,A,RANK,NA
72.05,602,0,NA,A,PU,NA,NA,NA,NA,FALSE,WEF_GCIHH,WEF_GCIHH_LIFEEXPECT,TUR,_T,_T,_T,_Z,_Z,_Z,2011,A,YR,NA
85,602,0,NA,A,PU,NA,NA,NA,NA,FALSE,WEF_GCIHH,WEF_GCIHH_LIFEEXPECT,TUR,_T,_T,_T,_Z,_Z,_Z,2011,A,RANK,NA
71.89,602,0,NA,A,PU,NA,NA,NA,NA,FALSE,WEF_GCIHH,WEF_GCIHH_LIFEEXPECT,TUR,_T,_T,_T,_Z,_Z,_Z,2010,A,YR,NA
81,602,0,NA,A,PU,NA,NA,NA,NA,FALSE,WEF_GCIHH,WEF_GCIHH_LIFEEXPECT,TUR,_T,_T,_T,_Z,_Z,_Z,2010,A,RANK,NA
73,602,0,NA,A,PU,NA,NA,NA,NA,FALSE,WEF_GCIHH,WEF_GCIHH_LIFEEXPECT,TUR,_T,_T,_T,_Z,_Z,_Z,2009,A,YR,NA
59,602,0,NA,A,PU,NA,NA,NA,NA,FALSE,WEF_GCIHH,WEF_GCIHH_LIFEEXPECT,TUR,_T,_T,_T,_Z,_Z,_Z,2009,A,RANK,NA
73,602,0,NA,A,PU,NA,NA,NA,NA,FALSE,WEF_GCIHH,WEF_GCIHH_LIFEEXPECT,TUR,_T,_T,_T,_Z,_Z,_Z,2008,A,YR,NA
55,602,0,NA,A,PU,NA,NA,NA,NA,FALSE,WEF_GCIHH,WEF_GCIHH_LIFEEXPECT,TUR,_T,_T,_T,_Z,_Z,_Z,2008,A,RANK,NA
71,602,0,NA,A,PU,NA,NA,NA,NA,FALSE,WEF_GCIHH,WEF_GCIHH_LIFEEXPECT,TUR,_T,_T,_T,_Z,_Z,_Z,2007,A,YR,NA
71,602,0,NA,A,PU,NA,NA,NA,NA,FALSE,WEF_GCIHH,WEF_GCIHH_LIFEEXPECT,TUR,_T,_T,_T,_Z,_Z,_Z,2007,A,RANK,NA
59.18,602,0,NA,A,PU,NA,NA,NA,NA,TRUE,WEF_GCIHH,WEF_GCIHH_LIFEEXPECT,UGA,_T,_T,_T,_Z,_Z,_Z,2017,A,YR,NA
125,602,0,NA,A,PU,NA,NA,NA,NA,TRUE,WEF_GCIHH,WEF_GCIHH_LIFEEXPECT,UGA,_T,_T,_T,_Z,_Z,_Z,2017,A,RANK,NA
58.47,602,0,NA,A,PU,NA,NA,NA,NA,FALSE,WEF_GCIHH,WEF_GCIHH_LIFEEXPECT,UGA,_T,_T,_T,_Z,_Z,_Z,2016,A,YR,NA
127,602,0,NA,A,PU,NA,NA,NA,NA,FALSE,WEF_GCIHH,WEF_GCIHH_LIFEEXPECT,UGA,_T,_T,_T,_Z,_Z,_Z,2016,A,RANK,NA
59.19,602,0,NA,A,PU,NA,NA,NA,NA,FALSE,WEF_GCIHH,WEF_GCIHH_LIFEEXPECT,UGA,_T,_T,_T,_Z,_Z,_Z,2015,A,YR,NA
124,602,0,NA,A,PU,NA,NA,NA,NA,FALSE,WEF_GCIHH,WEF_GCIHH_LIFEEXPECT,UGA,_T,_T,_T,_Z,_Z,_Z,2015,A,RANK,NA
58.65,602,0,NA,A,PU,NA,NA,NA,NA,FALSE,WEF_GCIHH,WEF_GCIHH_LIFEEXPECT,UGA,_T,_T,_T,_Z,_Z,_Z,2014,A,YR,NA
125,602,0,NA,A,PU,NA,NA,NA,NA,FALSE,WEF_GCIHH,WEF_GCIHH_LIFEEXPECT,UGA,_T,_T,_T,_Z,_Z,_Z,2014,A,RANK,NA
54.07,602,0,NA,A,PU,NA,NA,NA,NA,FALSE,WEF_GCIHH,WEF_GCIHH_LIFEEXPECT,UGA,_T,_T,_T,_Z,_Z,_Z,2013,A,YR,NA
134,602,0,NA,A,PU,NA,NA,NA,NA,FALSE,WEF_GCIHH,WEF_GCIHH_LIFEEXPECT,UGA,_T,_T,_T,_Z,_Z,_Z,2013,A,RANK,NA
53.61,602,0,NA,A,PU,NA,NA,NA,NA,FALSE,WEF_GCIHH,WEF_GCIHH_LIFEEXPECT,UGA,_T,_T,_T,_Z,_Z,_Z,2012,A,YR,NA
130,602,0,NA,A,PU,NA,NA,NA,NA,FALSE,WEF_GCIHH,WEF_GCIHH_LIFEEXPECT,UGA,_T,_T,_T,_Z,_Z,_Z,2012,A,RANK,NA
53.41,602,0,NA,A,PU,NA,NA,NA,NA,FALSE,WEF_GCIHH,WEF_GCIHH_LIFEEXPECT,UGA,_T,_T,_T,_Z,_Z,_Z,2011,A,YR,NA
128,602,0,NA,A,PU,NA,NA,NA,NA,FALSE,WEF_GCIHH,WEF_GCIHH_LIFEEXPECT,UGA,_T,_T,_T,_Z,_Z,_Z,2011,A,RANK,NA
52.67,602,0,NA,A,PU,NA,NA,NA,NA,FALSE,WEF_GCIHH,WEF_GCIHH_LIFEEXPECT,UGA,_T,_T,_T,_Z,_Z,_Z,2010,A,YR,NA
126,602,0,NA,A,PU,NA,NA,NA,NA,FALSE,WEF_GCIHH,WEF_GCIHH_LIFEEXPECT,UGA,_T,_T,_T,_Z,_Z,_Z,2010,A,RANK,NA
48,602,0,NA,A,PU,NA,NA,NA,NA,FALSE,WEF_GCIHH,WEF_GCIHH_LIFEEXPECT,UGA,_T,_T,_T,_Z,_Z,_Z,2009,A,YR,NA
128,602,0,NA,A,PU,NA,NA,NA,NA,FALSE,WEF_GCIHH,WEF_GCIHH_LIFEEXPECT,UGA,_T,_T,_T,_Z,_Z,_Z,2009,A,RANK,NA
50,602,0,NA,A,PU,NA,NA,NA,NA,FALSE,WEF_GCIHH,WEF_GCIHH_LIFEEXPECT,UGA,_T,_T,_T,_Z,_Z,_Z,2008,A,YR,NA
123,602,0,NA,A,PU,NA,NA,NA,NA,FALSE,WEF_GCIHH,WEF_GCIHH_LIFEEXPECT,UGA,_T,_T,_T,_Z,_Z,_Z,2008,A,RANK,NA
49,602,0,NA,A,PU,NA,NA,NA,NA,FALSE,WEF_GCIHH,WEF_GCIHH_LIFEEXPECT,UGA,_T,_T,_T,_Z,_Z,_Z,2007,A,YR,NA
119,602,0,NA,A,PU,NA,NA,NA,NA,FALSE,WEF_GCIHH,WEF_GCIHH_LIFEEXPECT,UGA,_T,_T,_T,_Z,_Z,_Z,2007,A,RANK,NA
71.19,602,0,NA,A,PU,NA,NA,NA,NA,TRUE,WEF_GCIHH,WEF_GCIHH_LIFEEXPECT,UKR,_T,_T,_T,_Z,_Z,_Z,2017,A,YR,NA
92,602,0,NA,A,PU,NA,NA,NA,NA,TRUE,WEF_GCIHH,WEF_GCIHH_LIFEEXPECT,UKR,_T,_T,_T,_Z,_Z,_Z,2017,A,RANK,NA
71.19,602,0,NA,A,PU,NA,NA,NA,NA,FALSE,WEF_GCIHH,WEF_GCIHH_LIFEEXPECT,UKR,_T,_T,_T,_Z,_Z,_Z,2016,A,YR,NA
92,602,0,NA,A,PU,NA,NA,NA,NA,FALSE,WEF_GCIHH,WEF_GCIHH_LIFEEXPECT,UKR,_T,_T,_T,_Z,_Z,_Z,2016,A,RANK,NA
71.16,602,0,NA,A,PU,NA,NA,NA,NA,FALSE,WEF_GCIHH,WEF_GCIHH_LIFEEXPECT,UKR,_T,_T,_T,_Z,_Z,_Z,2015,A,YR,NA
87,602,0,NA,A,PU,NA,NA,NA,NA,FALSE,WEF_GCIHH,WEF_GCIHH_LIFEEXPECT,UKR,_T,_T,_T,_Z,_Z,_Z,2015,A,RANK,NA
70.94,602,0,NA,A,PU,NA,NA,NA,NA,FALSE,WEF_GCIHH,WEF_GCIHH_LIFEEXPECT,UKR,_T,_T,_T,_Z,_Z,_Z,2014,A,YR,NA
88,602,0,NA,A,PU,NA,NA,NA,NA,FALSE,WEF_GCIHH,WEF_GCIHH_LIFEEXPECT,UKR,_T,_T,_T,_Z,_Z,_Z,2014,A,RANK,NA
70.81,602,0,NA,A,PU,NA,NA,NA,NA,FALSE,WEF_GCIHH,WEF_GCIHH_LIFEEXPECT,UKR,_T,_T,_T,_Z,_Z,_Z,2013,A,YR,NA
93,602,0,NA,A,PU,NA,NA,NA,NA,FALSE,WEF_GCIHH,WEF_GCIHH_LIFEEXPECT,UKR,_T,_T,_T,_Z,_Z,_Z,2013,A,RANK,NA
70.28,602,0,NA,A,PU,NA,NA,NA,NA,FALSE,WEF_GCIHH,WEF_GCIHH_LIFEEXPECT,UKR,_T,_T,_T,_Z,_Z,_Z,2012,A,YR,NA
94,602,0,NA,A,PU,NA,NA,NA,NA,FALSE,WEF_GCIHH,WEF_GCIHH_LIFEEXPECT,UKR,_T,_T,_T,_Z,_Z,_Z,2012,A,RANK,NA
69.19,602,0,NA,A,PU,NA,NA,NA,NA,FALSE,WEF_GCIHH,WEF_GCIHH_LIFEEXPECT,UKR,_T,_T,_T,_Z,_Z,_Z,2011,A,YR,NA
97,602,0,NA,A,PU,NA,NA,NA,NA,FALSE,WEF_GCIHH,WEF_GCIHH_LIFEEXPECT,UKR,_T,_T,_T,_Z,_Z,_Z,2011,A,RANK,NA
68.25,602,0,NA,A,PU,NA,NA,NA,NA,FALSE,WEF_GCIHH,WEF_GCIHH_LIFEEXPECT,UKR,_T,_T,_T,_Z,_Z,_Z,2010,A,YR,NA
98,602,0,NA,A,PU,NA,NA,NA,NA,FALSE,WEF_GCIHH,WEF_GCIHH_LIFEEXPECT,UKR,_T,_T,_T,_Z,_Z,_Z,2010,A,RANK,NA
68,602,0,NA,A,PU,NA,NA,NA,NA,FALSE,WEF_GCIHH,WEF_GCIHH_LIFEEXPECT,UKR,_T,_T,_T,_Z,_Z,_Z,2009,A,YR,NA
92,602,0,NA,A,PU,NA,NA,NA,NA,FALSE,WEF_GCIHH,WEF_GCIHH_LIFEEXPECT,UKR,_T,_T,_T,_Z,_Z,_Z,2009,A,RANK,NA
67,602,0,NA,A,PU,NA,NA,NA,NA,FALSE,WEF_GCIHH,WEF_GCIHH_LIFEEXPECT,UKR,_T,_T,_T,_Z,_Z,_Z,2008,A,YR,NA
95,602,0,NA,A,PU,NA,NA,NA,NA,FALSE,WEF_GCIHH,WEF_GCIHH_LIFEEXPECT,UKR,_T,_T,_T,_Z,_Z,_Z,2008,A,RANK,NA
67,602,0,NA,A,PU,NA,NA,NA,NA,FALSE,WEF_GCIHH,WEF_GCIHH_LIFEEXPECT,UKR,_T,_T,_T,_Z,_Z,_Z,2007,A,YR,NA
89,602,0,NA,A,PU,NA,NA,NA,NA,FALSE,WEF_GCIHH,WEF_GCIHH_LIFEEXPECT,UKR,_T,_T,_T,_Z,_Z,_Z,2007,A,RANK,NA
77.54,602,0,NA,A,PU,NA,NA,NA,NA,TRUE,WEF_GCIHH,WEF_GCIHH_LIFEEXPECT,ARE,_T,_T,_T,_Z,_Z,_Z,2017,A,YR,NA
41,602,0,NA,A,PU,NA,NA,NA,NA,TRUE,WEF_GCIHH,WEF_GCIHH_LIFEEXPECT,ARE,_T,_T,_T,_Z,_Z,_Z,2017,A,RANK,NA
77.37,602,0,NA,A,PU,NA,NA,NA,NA,FALSE,WEF_GCIHH,WEF_GCIHH_LIFEEXPECT,ARE,_T,_T,_T,_Z,_Z,_Z,2016,A,YR,NA
40,602,0,NA,A,PU,NA,NA,NA,NA,FALSE,WEF_GCIHH,WEF_GCIHH_LIFEEXPECT,ARE,_T,_T,_T,_Z,_Z,_Z,2016,A,RANK,NA
77.13,602,0,NA,A,PU,NA,NA,NA,NA,FALSE,WEF_GCIHH,WEF_GCIHH_LIFEEXPECT,ARE,_T,_T,_T,_Z,_Z,_Z,2015,A,YR,NA
40,602,0,NA,A,PU,NA,NA,NA,NA,FALSE,WEF_GCIHH,WEF_GCIHH_LIFEEXPECT,ARE,_T,_T,_T,_Z,_Z,_Z,2015,A,RANK,NA
76.96,602,0,NA,A,PU,NA,NA,NA,NA,FALSE,WEF_GCIHH,WEF_GCIHH_LIFEEXPECT,ARE,_T,_T,_T,_Z,_Z,_Z,2014,A,YR,NA
41,602,0,NA,A,PU,NA,NA,NA,NA,FALSE,WEF_GCIHH,WEF_GCIHH_LIFEEXPECT,ARE,_T,_T,_T,_Z,_Z,_Z,2014,A,RANK,NA
76.74,602,0,NA,A,PU,NA,NA,NA,NA,FALSE,WEF_GCIHH,WEF_GCIHH_LIFEEXPECT,ARE,_T,_T,_T,_Z,_Z,_Z,2013,A,YR,NA
42,602,0,NA,A,PU,NA,NA,NA,NA,FALSE,WEF_GCIHH,WEF_GCIHH_LIFEEXPECT,ARE,_T,_T,_T,_Z,_Z,_Z,2013,A,RANK,NA
76.57,602,0,NA,A,PU,NA,NA,NA,NA,FALSE,WEF_GCIHH,WEF_GCIHH_LIFEEXPECT,ARE,_T,_T,_T,_Z,_Z,_Z,2012,A,YR,NA
40,602,0,NA,A,PU,NA,NA,NA,NA,FALSE,WEF_GCIHH,WEF_GCIHH_LIFEEXPECT,ARE,_T,_T,_T,_Z,_Z,_Z,2012,A,RANK,NA
77.88,602,0,NA,A,PU,NA,NA,NA,NA,FALSE,WEF_GCIHH,WEF_GCIHH_LIFEEXPECT,ARE,_T,_T,_T,_Z,_Z,_Z,2011,A,YR,NA
36,602,0,NA,A,PU,NA,NA,NA,NA,FALSE,WEF_GCIHH,WEF_GCIHH_LIFEEXPECT,ARE,_T,_T,_T,_Z,_Z,_Z,2011,A,RANK,NA
77.75,602,0,NA,A,PU,NA,NA,NA,NA,FALSE,WEF_GCIHH,WEF_GCIHH_LIFEEXPECT,ARE,_T,_T,_T,_Z,_Z,_Z,2010,A,YR,NA
36,602,0,NA,A,PU,NA,NA,NA,NA,FALSE,WEF_GCIHH,WEF_GCIHH_LIFEEXPECT,ARE,_T,_T,_T,_Z,_Z,_Z,2010,A,RANK,NA
78,602,0,NA,A,PU,NA,NA,NA,NA,FALSE,WEF_GCIHH,WEF_GCIHH_LIFEEXPECT,ARE,_T,_T,_T,_Z,_Z,_Z,2009,A,YR,NA
30,602,0,NA,A,PU,NA,NA,NA,NA,FALSE,WEF_GCIHH,WEF_GCIHH_LIFEEXPECT,ARE,_T,_T,_T,_Z,_Z,_Z,2009,A,RANK,NA
78,602,0,NA,A,PU,NA,NA,NA,NA,FALSE,WEF_GCIHH,WEF_GCIHH_LIFEEXPECT,ARE,_T,_T,_T,_Z,_Z,_Z,2008,A,YR,NA
29,602,0,NA,A,PU,NA,NA,NA,NA,FALSE,WEF_GCIHH,WEF_GCIHH_LIFEEXPECT,ARE,_T,_T,_T,_Z,_Z,_Z,2008,A,RANK,NA
77,602,0,NA,A,PU,NA,NA,NA,NA,FALSE,WEF_GCIHH,WEF_GCIHH_LIFEEXPECT,ARE,_T,_T,_T,_Z,_Z,_Z,2007,A,YR,NA
31,602,0,NA,A,PU,NA,NA,NA,NA,FALSE,WEF_GCIHH,WEF_GCIHH_LIFEEXPECT,ARE,_T,_T,_T,_Z,_Z,_Z,2007,A,RANK,NA
81.6,602,0,NA,A,PU,NA,NA,NA,NA,TRUE,WEF_GCIHH,WEF_GCIHH_LIFEEXPECT,GBR,_T,_T,_T,_Z,_Z,_Z,2017,A,YR,NA
20,602,0,NA,A,PU,NA,NA,NA,NA,TRUE,WEF_GCIHH,WEF_GCIHH_LIFEEXPECT,GBR,_T,_T,_T,_Z,_Z,_Z,2017,A,RANK,NA
81.06,602,0,NA,A,PU,NA,NA,NA,NA,FALSE,WEF_GCIHH,WEF_GCIHH_LIFEEXPECT,GBR,_T,_T,_T,_Z,_Z,_Z,2016,A,YR,NA
24,602,0,NA,A,PU,NA,NA,NA,NA,FALSE,WEF_GCIHH,WEF_GCIHH_LIFEEXPECT,GBR,_T,_T,_T,_Z,_Z,_Z,2016,A,RANK,NA
80.96,602,0,NA,A,PU,NA,NA,NA,NA,FALSE,WEF_GCIHH,WEF_GCIHH_LIFEEXPECT,GBR,_T,_T,_T,_Z,_Z,_Z,2015,A,YR,NA
20,602,0,NA,A,PU,NA,NA,NA,NA,FALSE,WEF_GCIHH,WEF_GCIHH_LIFEEXPECT,GBR,_T,_T,_T,_Z,_Z,_Z,2015,A,RANK,NA
81.5,602,0,NA,A,PU,NA,NA,NA,NA,FALSE,WEF_GCIHH,WEF_GCIHH_LIFEEXPECT,GBR,_T,_T,_T,_Z,_Z,_Z,2014,A,YR,NA
12,602,0,NA,A,PU,NA,NA,NA,NA,FALSE,WEF_GCIHH,WEF_GCIHH_LIFEEXPECT,GBR,_T,_T,_T,_Z,_Z,_Z,2014,A,RANK,NA
80.75,602,0,NA,A,PU,NA,NA,NA,NA,FALSE,WEF_GCIHH,WEF_GCIHH_LIFEEXPECT,GBR,_T,_T,_T,_Z,_Z,_Z,2013,A,YR,NA
20,602,0,NA,A,PU,NA,NA,NA,NA,FALSE,WEF_GCIHH,WEF_GCIHH_LIFEEXPECT,GBR,_T,_T,_T,_Z,_Z,_Z,2013,A,RANK,NA
80.4,602,0,NA,A,PU,NA,NA,NA,NA,FALSE,WEF_GCIHH,WEF_GCIHH_LIFEEXPECT,GBR,_T,_T,_T,_Z,_Z,_Z,2012,A,YR,NA
18,602,0,NA,A,PU,NA,NA,NA,NA,FALSE,WEF_GCIHH,WEF_GCIHH_LIFEEXPECT,GBR,_T,_T,_T,_Z,_Z,_Z,2012,A,RANK,NA
80.05,602,0,NA,A,PU,NA,NA,NA,NA,FALSE,WEF_GCIHH,WEF_GCIHH_LIFEEXPECT,GBR,_T,_T,_T,_Z,_Z,_Z,2011,A,YR,NA
21,602,0,NA,A,PU,NA,NA,NA,NA,FALSE,WEF_GCIHH,WEF_GCIHH_LIFEEXPECT,GBR,_T,_T,_T,_Z,_Z,_Z,2011,A,RANK,NA
79.9,602,0,NA,A,PU,NA,NA,NA,NA,FALSE,WEF_GCIHH,WEF_GCIHH_LIFEEXPECT,GBR,_T,_T,_T,_Z,_Z,_Z,2010,A,YR,NA
21,602,0,NA,A,PU,NA,NA,NA,NA,FALSE,WEF_GCIHH,WEF_GCIHH_LIFEEXPECT,GBR,_T,_T,_T,_Z,_Z,_Z,2010,A,RANK,NA
80,602,0,NA,A,PU,NA,NA,NA,NA,FALSE,WEF_GCIHH,WEF_GCIHH_LIFEEXPECT,GBR,_T,_T,_T,_Z,_Z,_Z,2009,A,YR,NA
15,602,0,NA,A,PU,NA,NA,NA,NA,FALSE,WEF_GCIHH,WEF_GCIHH_LIFEEXPECT,GBR,_T,_T,_T,_Z,_Z,_Z,2009,A,RANK,NA
79,602,0,NA,A,PU,NA,NA,NA,NA,FALSE,WEF_GCIHH,WEF_GCIHH_LIFEEXPECT,GBR,_T,_T,_T,_Z,_Z,_Z,2008,A,YR,NA
22,602,0,NA,A,PU,NA,NA,NA,NA,FALSE,WEF_GCIHH,WEF_GCIHH_LIFEEXPECT,GBR,_T,_T,_T,_Z,_Z,_Z,2008,A,RANK,NA
79,602,0,NA,A,PU,NA,NA,NA,NA,FALSE,WEF_GCIHH,WEF_GCIHH_LIFEEXPECT,GBR,_T,_T,_T,_Z,_Z,_Z,2007,A,YR,NA
15,602,0,NA,A,PU,NA,NA,NA,NA,FALSE,WEF_GCIHH,WEF_GCIHH_LIFEEXPECT,GBR,_T,_T,_T,_Z,_Z,_Z,2007,A,RANK,NA
78.74,602,0,NA,A,PU,NA,NA,NA,NA,TRUE,WEF_GCIHH,WEF_GCIHH_LIFEEXPECT,USA,_T,_T,_T,_Z,_Z,_Z,2017,A,YR,NA
37,602,0,NA,A,PU,NA,NA,NA,NA,TRUE,WEF_GCIHH,WEF_GCIHH_LIFEEXPECT,USA,_T,_T,_T,_Z,_Z,_Z,2017,A,RANK,NA
78.94,602,0,NA,A,PU,NA,NA,NA,NA,FALSE,WEF_GCIHH,WEF_GCIHH_LIFEEXPECT,USA,_T,_T,_T,_Z,_Z,_Z,2016,A,YR,NA
34,602,0,NA,A,PU,NA,NA,NA,NA,FALSE,WEF_GCIHH,WEF_GCIHH_LIFEEXPECT,USA,_T,_T,_T,_Z,_Z,_Z,2016,A,RANK,NA
78.84,602,0,NA,A,PU,NA,NA,NA,NA,FALSE,WEF_GCIHH,WEF_GCIHH_LIFEEXPECT,USA,_T,_T,_T,_Z,_Z,_Z,2015,A,YR,NA
34,602,0,NA,A,PU,NA,NA,NA,NA,FALSE,WEF_GCIHH,WEF_GCIHH_LIFEEXPECT,USA,_T,_T,_T,_Z,_Z,_Z,2015,A,RANK,NA
78.74,602,0,NA,A,PU,NA,NA,NA,NA,FALSE,WEF_GCIHH,WEF_GCIHH_LIFEEXPECT,USA,_T,_T,_T,_Z,_Z,_Z,2014,A,YR,NA
34,602,0,NA,A,PU,NA,NA,NA,NA,FALSE,WEF_GCIHH,WEF_GCIHH_LIFEEXPECT,USA,_T,_T,_T,_Z,_Z,_Z,2014,A,RANK,NA
78.64,602,0,NA,A,PU,NA,NA,NA,NA,FALSE,WEF_GCIHH,WEF_GCIHH_LIFEEXPECT,USA,_T,_T,_T,_Z,_Z,_Z,2013,A,YR,NA
34,602,0,NA,A,PU,NA,NA,NA,NA,FALSE,WEF_GCIHH,WEF_GCIHH_LIFEEXPECT,USA,_T,_T,_T,_Z,_Z,_Z,2013,A,RANK,NA
78.24,602,0,NA,A,PU,NA,NA,NA,NA,FALSE,WEF_GCIHH,WEF_GCIHH_LIFEEXPECT,USA,_T,_T,_T,_Z,_Z,_Z,2012,A,YR,NA
34,602,0,NA,A,PU,NA,NA,NA,NA,FALSE,WEF_GCIHH,WEF_GCIHH_LIFEEXPECT,USA,_T,_T,_T,_Z,_Z,_Z,2012,A,RANK,NA
78.66,602,0,NA,A,PU,NA,NA,NA,NA,FALSE,WEF_GCIHH,WEF_GCIHH_LIFEEXPECT,USA,_T,_T,_T,_Z,_Z,_Z,2011,A,YR,NA
32,602,0,NA,A,PU,NA,NA,NA,NA,FALSE,WEF_GCIHH,WEF_GCIHH_LIFEEXPECT,USA,_T,_T,_T,_Z,_Z,_Z,2011,A,RANK,NA
78.44,602,0,NA,A,PU,NA,NA,NA,NA,FALSE,WEF_GCIHH,WEF_GCIHH_LIFEEXPECT,USA,_T,_T,_T,_Z,_Z,_Z,2010,A,YR,NA
34,602,0,NA,A,PU,NA,NA,NA,NA,FALSE,WEF_GCIHH,WEF_GCIHH_LIFEEXPECT,USA,_T,_T,_T,_Z,_Z,_Z,2010,A,RANK,NA
78,602,0,NA,A,PU,NA,NA,NA,NA,FALSE,WEF_GCIHH,WEF_GCIHH_LIFEEXPECT,USA,_T,_T,_T,_Z,_Z,_Z,2009,A,YR,NA
30,602,0,NA,A,PU,NA,NA,NA,NA,FALSE,WEF_GCIHH,WEF_GCIHH_LIFEEXPECT,USA,_T,_T,_T,_Z,_Z,_Z,2009,A,RANK,NA
78,602,0,NA,A,PU,NA,NA,NA,NA,FALSE,WEF_GCIHH,WEF_GCIHH_LIFEEXPECT,USA,_T,_T,_T,_Z,_Z,_Z,2008,A,YR,NA
29,602,0,NA,A,PU,NA,NA,NA,NA,FALSE,WEF_GCIHH,WEF_GCIHH_LIFEEXPECT,USA,_T,_T,_T,_Z,_Z,_Z,2008,A,RANK,NA
78,602,0,NA,A,PU,NA,NA,NA,NA,FALSE,WEF_GCIHH,WEF_GCIHH_LIFEEXPECT,USA,_T,_T,_T,_Z,_Z,_Z,2007,A,YR,NA
24,602,0,NA,A,PU,NA,NA,NA,NA,FALSE,WEF_GCIHH,WEF_GCIHH_LIFEEXPECT,USA,_T,_T,_T,_Z,_Z,_Z,2007,A,RANK,NA
77.14,602,0,NA,A,PU,NA,NA,NA,NA,TRUE,WEF_GCIHH,WEF_GCIHH_LIFEEXPECT,URY,_T,_T,_T,_Z,_Z,_Z,2017,A,YR,NA
45,602,0,NA,A,PU,NA,NA,NA,NA,TRUE,WEF_GCIHH,WEF_GCIHH_LIFEEXPECT,URY,_T,_T,_T,_Z,_Z,_Z,2017,A,RANK,NA
76.99,602,0,NA,A,PU,NA,NA,NA,NA,FALSE,WEF_GCIHH,WEF_GCIHH_LIFEEXPECT,URY,_T,_T,_T,_Z,_Z,_Z,2016,A,YR,NA
45,602,0,NA,A,PU,NA,NA,NA,NA,FALSE,WEF_GCIHH,WEF_GCIHH_LIFEEXPECT,URY,_T,_T,_T,_Z,_Z,_Z,2016,A,RANK,NA
77.05,602,0,NA,A,PU,NA,NA,NA,NA,FALSE,WEF_GCIHH,WEF_GCIHH_LIFEEXPECT,URY,_T,_T,_T,_Z,_Z,_Z,2015,A,YR,NA
42,602,0,NA,A,PU,NA,NA,NA,NA,FALSE,WEF_GCIHH,WEF_GCIHH_LIFEEXPECT,URY,_T,_T,_T,_Z,_Z,_Z,2015,A,RANK,NA
76.91,602,0,NA,A,PU,NA,NA,NA,NA,FALSE,WEF_GCIHH,WEF_GCIHH_LIFEEXPECT,URY,_T,_T,_T,_Z,_Z,_Z,2014,A,YR,NA
43,602,0,NA,A,PU,NA,NA,NA,NA,FALSE,WEF_GCIHH,WEF_GCIHH_LIFEEXPECT,URY,_T,_T,_T,_Z,_Z,_Z,2014,A,RANK,NA
76.41,602,0,NA,A,PU,NA,NA,NA,NA,FALSE,WEF_GCIHH,WEF_GCIHH_LIFEEXPECT,URY,_T,_T,_T,_Z,_Z,_Z,2013,A,YR,NA
44,602,0,NA,A,PU,NA,NA,NA,NA,FALSE,WEF_GCIHH,WEF_GCIHH_LIFEEXPECT,URY,_T,_T,_T,_Z,_Z,_Z,2013,A,RANK,NA
76.24,602,0,NA,A,PU,NA,NA,NA,NA,FALSE,WEF_GCIHH,WEF_GCIHH_LIFEEXPECT,URY,_T,_T,_T,_Z,_Z,_Z,2012,A,YR,NA
44,602,0,NA,A,PU,NA,NA,NA,NA,FALSE,WEF_GCIHH,WEF_GCIHH_LIFEEXPECT,URY,_T,_T,_T,_Z,_Z,_Z,2012,A,RANK,NA
76.11,602,0,NA,A,PU,NA,NA,NA,NA,FALSE,WEF_GCIHH,WEF_GCIHH_LIFEEXPECT,URY,_T,_T,_T,_Z,_Z,_Z,2011,A,YR,NA
45,602,0,NA,A,PU,NA,NA,NA,NA,FALSE,WEF_GCIHH,WEF_GCIHH_LIFEEXPECT,URY,_T,_T,_T,_Z,_Z,_Z,2011,A,RANK,NA
75.98,602,0,NA,A,PU,NA,NA,NA,NA,FALSE,WEF_GCIHH,WEF_GCIHH_LIFEEXPECT,URY,_T,_T,_T,_Z,_Z,_Z,2010,A,YR,NA
41,602,0,NA,A,PU,NA,NA,NA,NA,FALSE,WEF_GCIHH,WEF_GCIHH_LIFEEXPECT,URY,_T,_T,_T,_Z,_Z,_Z,2010,A,RANK,NA
75,602,0,NA,A,PU,NA,NA,NA,NA,FALSE,WEF_GCIHH,WEF_GCIHH_LIFEEXPECT,URY,_T,_T,_T,_Z,_Z,_Z,2009,A,YR,NA
45,602,0,NA,A,PU,NA,NA,NA,NA,FALSE,WEF_GCIHH,WEF_GCIHH_LIFEEXPECT,URY,_T,_T,_T,_Z,_Z,_Z,2009,A,RANK,NA
75,602,0,NA,A,PU,NA,NA,NA,NA,FALSE,WEF_GCIHH,WEF_GCIHH_LIFEEXPECT,URY,_T,_T,_T,_Z,_Z,_Z,2008,A,YR,NA
42,602,0,NA,A,PU,NA,NA,NA,NA,FALSE,WEF_GCIHH,WEF_GCIHH_LIFEEXPECT,URY,_T,_T,_T,_Z,_Z,_Z,2008,A,RANK,NA
75,602,0,NA,A,PU,NA,NA,NA,NA,FALSE,WEF_GCIHH,WEF_GCIHH_LIFEEXPECT,URY,_T,_T,_T,_Z,_Z,_Z,2007,A,YR,NA
40,602,0,NA,A,PU,NA,NA,NA,NA,FALSE,WEF_GCIHH,WEF_GCIHH_LIFEEXPECT,URY,_T,_T,_T,_Z,_Z,_Z,2007,A,RANK,NA
74.41,602,0,NA,A,PU,NA,NA,NA,NA,TRUE,WEF_GCIHH,WEF_GCIHH_LIFEEXPECT,VEN,_T,_T,_T,_Z,_Z,_Z,2017,A,YR,NA
75,602,0,NA,A,PU,NA,NA,NA,NA,TRUE,WEF_GCIHH,WEF_GCIHH_LIFEEXPECT,VEN,_T,_T,_T,_Z,_Z,_Z,2017,A,RANK,NA
74.24,602,0,NA,A,PU,NA,NA,NA,NA,FALSE,WEF_GCIHH,WEF_GCIHH_LIFEEXPECT,VEN,_T,_T,_T,_Z,_Z,_Z,2016,A,YR,NA
75,602,0,NA,A,PU,NA,NA,NA,NA,FALSE,WEF_GCIHH,WEF_GCIHH_LIFEEXPECT,VEN,_T,_T,_T,_Z,_Z,_Z,2016,A,RANK,NA
74.64,602,0,NA,A,PU,NA,NA,NA,NA,FALSE,WEF_GCIHH,WEF_GCIHH_LIFEEXPECT,VEN,_T,_T,_T,_Z,_Z,_Z,2015,A,YR,NA
63,602,0,NA,A,PU,NA,NA,NA,NA,FALSE,WEF_GCIHH,WEF_GCIHH_LIFEEXPECT,VEN,_T,_T,_T,_Z,_Z,_Z,2015,A,RANK,NA
74.49,602,0,NA,A,PU,NA,NA,NA,NA,FALSE,WEF_GCIHH,WEF_GCIHH_LIFEEXPECT,VEN,_T,_T,_T,_Z,_Z,_Z,2014,A,YR,NA
65,602,0,NA,A,PU,NA,NA,NA,NA,FALSE,WEF_GCIHH,WEF_GCIHH_LIFEEXPECT,VEN,_T,_T,_T,_Z,_Z,_Z,2014,A,RANK,NA
74.31,602,0,NA,A,PU,NA,NA,NA,NA,FALSE,WEF_GCIHH,WEF_GCIHH_LIFEEXPECT,VEN,_T,_T,_T,_Z,_Z,_Z,2013,A,YR,NA
62,602,0,NA,A,PU,NA,NA,NA,NA,FALSE,WEF_GCIHH,WEF_GCIHH_LIFEEXPECT,VEN,_T,_T,_T,_Z,_Z,_Z,2013,A,RANK,NA
74.13,602,0,NA,A,PU,NA,NA,NA,NA,FALSE,WEF_GCIHH,WEF_GCIHH_LIFEEXPECT,VEN,_T,_T,_T,_Z,_Z,_Z,2012,A,YR,NA
59,602,0,NA,A,PU,NA,NA,NA,NA,FALSE,WEF_GCIHH,WEF_GCIHH_LIFEEXPECT,VEN,_T,_T,_T,_Z,_Z,_Z,2012,A,RANK,NA
73.74,602,0,NA,A,PU,NA,NA,NA,NA,FALSE,WEF_GCIHH,WEF_GCIHH_LIFEEXPECT,VEN,_T,_T,_T,_Z,_Z,_Z,2011,A,YR,NA
63,602,0,NA,A,PU,NA,NA,NA,NA,FALSE,WEF_GCIHH,WEF_GCIHH_LIFEEXPECT,VEN,_T,_T,_T,_Z,_Z,_Z,2011,A,RANK,NA
73.55,602,0,NA,A,PU,NA,NA,NA,NA,FALSE,WEF_GCIHH,WEF_GCIHH_LIFEEXPECT,VEN,_T,_T,_T,_Z,_Z,_Z,2010,A,YR,NA
64,602,0,NA,A,PU,NA,NA,NA,NA,FALSE,WEF_GCIHH,WEF_GCIHH_LIFEEXPECT,VEN,_T,_T,_T,_Z,_Z,_Z,2010,A,RANK,NA
75,602,0,NA,A,PU,NA,NA,NA,NA,FALSE,WEF_GCIHH,WEF_GCIHH_LIFEEXPECT,VEN,_T,_T,_T,_Z,_Z,_Z,2009,A,YR,NA
45,602,0,NA,A,PU,NA,NA,NA,NA,FALSE,WEF_GCIHH,WEF_GCIHH_LIFEEXPECT,VEN,_T,_T,_T,_Z,_Z,_Z,2009,A,RANK,NA
74,602,0,NA,A,PU,NA,NA,NA,NA,FALSE,WEF_GCIHH,WEF_GCIHH_LIFEEXPECT,VEN,_T,_T,_T,_Z,_Z,_Z,2008,A,YR,NA
50,602,0,NA,A,PU,NA,NA,NA,NA,FALSE,WEF_GCIHH,WEF_GCIHH_LIFEEXPECT,VEN,_T,_T,_T,_Z,_Z,_Z,2008,A,RANK,NA
75,602,0,NA,A,PU,NA,NA,NA,NA,FALSE,WEF_GCIHH,WEF_GCIHH_LIFEEXPECT,VEN,_T,_T,_T,_Z,_Z,_Z,2007,A,YR,NA
40,602,0,NA,A,PU,NA,NA,NA,NA,FALSE,WEF_GCIHH,WEF_GCIHH_LIFEEXPECT,VEN,_T,_T,_T,_Z,_Z,_Z,2007,A,RANK,NA
75.78,602,0,NA,A,PU,NA,NA,NA,NA,TRUE,WEF_GCIHH,WEF_GCIHH_LIFEEXPECT,VNM,_T,_T,_T,_Z,_Z,_Z,2017,A,YR,NA
56,602,0,NA,A,PU,NA,NA,NA,NA,TRUE,WEF_GCIHH,WEF_GCIHH_LIFEEXPECT,VNM,_T,_T,_T,_Z,_Z,_Z,2017,A,RANK,NA
75.63,602,0,NA,A,PU,NA,NA,NA,NA,FALSE,WEF_GCIHH,WEF_GCIHH_LIFEEXPECT,VNM,_T,_T,_T,_Z,_Z,_Z,2016,A,YR,NA
56,602,0,NA,A,PU,NA,NA,NA,NA,FALSE,WEF_GCIHH,WEF_GCIHH_LIFEEXPECT,VNM,_T,_T,_T,_Z,_Z,_Z,2016,A,RANK,NA
75.76,602,0,NA,A,PU,NA,NA,NA,NA,FALSE,WEF_GCIHH,WEF_GCIHH_LIFEEXPECT,VNM,_T,_T,_T,_Z,_Z,_Z,2015,A,YR,NA
51,602,0,NA,A,PU,NA,NA,NA,NA,FALSE,WEF_GCIHH,WEF_GCIHH_LIFEEXPECT,VNM,_T,_T,_T,_Z,_Z,_Z,2015,A,RANK,NA
75.61,602,0,NA,A,PU,NA,NA,NA,NA,FALSE,WEF_GCIHH,WEF_GCIHH_LIFEEXPECT,VNM,_T,_T,_T,_Z,_Z,_Z,2014,A,YR,NA
50,602,0,NA,A,PU,NA,NA,NA,NA,FALSE,WEF_GCIHH,WEF_GCIHH_LIFEEXPECT,VNM,_T,_T,_T,_Z,_Z,_Z,2014,A,RANK,NA
75.05,602,0,NA,A,PU,NA,NA,NA,NA,FALSE,WEF_GCIHH,WEF_GCIHH_LIFEEXPECT,VNM,_T,_T,_T,_Z,_Z,_Z,2013,A,YR,NA
52,602,0,NA,A,PU,NA,NA,NA,NA,FALSE,WEF_GCIHH,WEF_GCIHH_LIFEEXPECT,VNM,_T,_T,_T,_Z,_Z,_Z,2013,A,RANK,NA
74.83,602,0,NA,A,PU,NA,NA,NA,NA,FALSE,WEF_GCIHH,WEF_GCIHH_LIFEEXPECT,VNM,_T,_T,_T,_Z,_Z,_Z,2012,A,YR,NA
52,602,0,NA,A,PU,NA,NA,NA,NA,FALSE,WEF_GCIHH,WEF_GCIHH_LIFEEXPECT,VNM,_T,_T,_T,_Z,_Z,_Z,2012,A,RANK,NA
74.58,602,0,NA,A,PU,NA,NA,NA,NA,FALSE,WEF_GCIHH,WEF_GCIHH_LIFEEXPECT,VNM,_T,_T,_T,_Z,_Z,_Z,2011,A,YR,NA
56,602,0,NA,A,PU,NA,NA,NA,NA,FALSE,WEF_GCIHH,WEF_GCIHH_LIFEEXPECT,VNM,_T,_T,_T,_Z,_Z,_Z,2011,A,RANK,NA
74.37,602,0,NA,A,PU,NA,NA,NA,NA,FALSE,WEF_GCIHH,WEF_GCIHH_LIFEEXPECT,VNM,_T,_T,_T,_Z,_Z,_Z,2010,A,YR,NA
54,602,0,NA,A,PU,NA,NA,NA,NA,FALSE,WEF_GCIHH,WEF_GCIHH_LIFEEXPECT,VNM,_T,_T,_T,_Z,_Z,_Z,2010,A,RANK,NA
72,602,0,NA,A,PU,NA,NA,NA,NA,FALSE,WEF_GCIHH,WEF_GCIHH_LIFEEXPECT,VNM,_T,_T,_T,_Z,_Z,_Z,2009,A,YR,NA
69,602,0,NA,A,PU,NA,NA,NA,NA,FALSE,WEF_GCIHH,WEF_GCIHH_LIFEEXPECT,VNM,_T,_T,_T,_Z,_Z,_Z,2009,A,RANK,NA
72,602,0,NA,A,PU,NA,NA,NA,NA,FALSE,WEF_GCIHH,WEF_GCIHH_LIFEEXPECT,VNM,_T,_T,_T,_Z,_Z,_Z,2008,A,YR,NA
66,602,0,NA,A,PU,NA,NA,NA,NA,FALSE,WEF_GCIHH,WEF_GCIHH_LIFEEXPECT,VNM,_T,_T,_T,_Z,_Z,_Z,2008,A,RANK,NA
71,602,0,NA,A,PU,NA,NA,NA,NA,FALSE,WEF_GCIHH,WEF_GCIHH_LIFEEXPECT,VNM,_T,_T,_T,_Z,_Z,_Z,2007,A,YR,NA
71,602,0,NA,A,PU,NA,NA,NA,NA,FALSE,WEF_GCIHH,WEF_GCIHH_LIFEEXPECT,VNM,_T,_T,_T,_Z,_Z,_Z,2007,A,RANK,NA
64.03,602,0,NA,A,PU,NA,NA,NA,NA,TRUE,WEF_GCIHH,WEF_GCIHH_LIFEEXPECT,YEM,_T,_T,_T,_Z,_Z,_Z,2017,A,YR,NA
114,602,0,NA,A,PU,NA,NA,NA,NA,TRUE,WEF_GCIHH,WEF_GCIHH_LIFEEXPECT,YEM,_T,_T,_T,_Z,_Z,_Z,2017,A,RANK,NA
63.82,602,0,NA,A,PU,NA,NA,NA,NA,FALSE,WEF_GCIHH,WEF_GCIHH_LIFEEXPECT,YEM,_T,_T,_T,_Z,_Z,_Z,2016,A,YR,NA
117,602,0,NA,A,PU,NA,NA,NA,NA,FALSE,WEF_GCIHH,WEF_GCIHH_LIFEEXPECT,YEM,_T,_T,_T,_Z,_Z,_Z,2016,A,RANK,NA
62.91,602,0,NA,A,PU,NA,NA,NA,NA,FALSE,WEF_GCIHH,WEF_GCIHH_LIFEEXPECT,YEM,_T,_T,_T,_Z,_Z,_Z,2014,A,YR,NA
119,602,0,NA,A,PU,NA,NA,NA,NA,FALSE,WEF_GCIHH,WEF_GCIHH_LIFEEXPECT,YEM,_T,_T,_T,_Z,_Z,_Z,2014,A,RANK,NA
65.45,602,0,NA,A,PU,NA,NA,NA,NA,FALSE,WEF_GCIHH,WEF_GCIHH_LIFEEXPECT,YEM,_T,_T,_T,_Z,_Z,_Z,2013,A,YR,NA
112,602,0,NA,A,PU,NA,NA,NA,NA,FALSE,WEF_GCIHH,WEF_GCIHH_LIFEEXPECT,YEM,_T,_T,_T,_Z,_Z,_Z,2013,A,RANK,NA
65.03,602,0,NA,A,PU,NA,NA,NA,NA,FALSE,WEF_GCIHH,WEF_GCIHH_LIFEEXPECT,YEM,_T,_T,_T,_Z,_Z,_Z,2012,A,YR,NA
111,602,0,NA,A,PU,NA,NA,NA,NA,FALSE,WEF_GCIHH,WEF_GCIHH_LIFEEXPECT,YEM,_T,_T,_T,_Z,_Z,_Z,2012,A,RANK,NA
63.38,602,0,NA,A,PU,NA,NA,NA,NA,FALSE,WEF_GCIHH,WEF_GCIHH_LIFEEXPECT,YEM,_T,_T,_T,_Z,_Z,_Z,2011,A,YR,NA
111,602,0,NA,A,PU,NA,NA,NA,NA,FALSE,WEF_GCIHH,WEF_GCIHH_LIFEEXPECT,YEM,_T,_T,_T,_Z,_Z,_Z,2011,A,RANK,NA
60.79,602,0,NA,A,PU,NA,NA,NA,NA,TRUE,WEF_GCIHH,WEF_GCIHH_LIFEEXPECT,ZMB,_T,_T,_T,_Z,_Z,_Z,2017,A,YR,NA
121,602,0,NA,A,PU,NA,NA,NA,NA,TRUE,WEF_GCIHH,WEF_GCIHH_LIFEEXPECT,ZMB,_T,_T,_T,_Z,_Z,_Z,2017,A,RANK,NA
60.05,602,0,NA,A,PU,NA,NA,NA,NA,FALSE,WEF_GCIHH,WEF_GCIHH_LIFEEXPECT,ZMB,_T,_T,_T,_Z,_Z,_Z,2016,A,YR,NA
124,602,0,NA,A,PU,NA,NA,NA,NA,FALSE,WEF_GCIHH,WEF_GCIHH_LIFEEXPECT,ZMB,_T,_T,_T,_Z,_Z,_Z,2016,A,RANK,NA
58.09,602,0,NA,A,PU,NA,NA,NA,NA,FALSE,WEF_GCIHH,WEF_GCIHH_LIFEEXPECT,ZMB,_T,_T,_T,_Z,_Z,_Z,2015,A,YR,NA
126,602,0,NA,A,PU,NA,NA,NA,NA,FALSE,WEF_GCIHH,WEF_GCIHH_LIFEEXPECT,ZMB,_T,_T,_T,_Z,_Z,_Z,2015,A,RANK,NA
57.02,602,0,NA,A,PU,NA,NA,NA,NA,FALSE,WEF_GCIHH,WEF_GCIHH_LIFEEXPECT,ZMB,_T,_T,_T,_Z,_Z,_Z,2014,A,YR,NA
128,602,0,NA,A,PU,NA,NA,NA,NA,FALSE,WEF_GCIHH,WEF_GCIHH_LIFEEXPECT,ZMB,_T,_T,_T,_Z,_Z,_Z,2014,A,RANK,NA
48.97,602,0,NA,A,PU,NA,NA,NA,NA,FALSE,WEF_GCIHH,WEF_GCIHH_LIFEEXPECT,ZMB,_T,_T,_T,_Z,_Z,_Z,2013,A,YR,NA
145,602,0,NA,A,PU,NA,NA,NA,NA,FALSE,WEF_GCIHH,WEF_GCIHH_LIFEEXPECT,ZMB,_T,_T,_T,_Z,_Z,_Z,2013,A,RANK,NA
48.46,602,0,NA,A,PU,NA,NA,NA,NA,FALSE,WEF_GCIHH,WEF_GCIHH_LIFEEXPECT,ZMB,_T,_T,_T,_Z,_Z,_Z,2012,A,YR,NA
141,602,0,NA,A,PU,NA,NA,NA,NA,FALSE,WEF_GCIHH,WEF_GCIHH_LIFEEXPECT,ZMB,_T,_T,_T,_Z,_Z,_Z,2012,A,RANK,NA
46.33,602,0,NA,A,PU,NA,NA,NA,NA,FALSE,WEF_GCIHH,WEF_GCIHH_LIFEEXPECT,ZMB,_T,_T,_T,_Z,_Z,_Z,2011,A,YR,NA
139,602,0,NA,A,PU,NA,NA,NA,NA,FALSE,WEF_GCIHH,WEF_GCIHH_LIFEEXPECT,ZMB,_T,_T,_T,_Z,_Z,_Z,2011,A,RANK,NA
45.4,602,0,NA,A,PU,NA,NA,NA,NA,FALSE,WEF_GCIHH,WEF_GCIHH_LIFEEXPECT,ZMB,_T,_T,_T,_Z,_Z,_Z,2010,A,YR,NA
137,602,0,NA,A,PU,NA,NA,NA,NA,FALSE,WEF_GCIHH,WEF_GCIHH_LIFEEXPECT,ZMB,_T,_T,_T,_Z,_Z,_Z,2010,A,RANK,NA
46,602,0,NA,A,PU,NA,NA,NA,NA,FALSE,WEF_GCIHH,WEF_GCIHH_LIFEEXPECT,ZMB,_T,_T,_T,_Z,_Z,_Z,2009,A,YR,NA
130,602,0,NA,A,PU,NA,NA,NA,NA,FALSE,WEF_GCIHH,WEF_GCIHH_LIFEEXPECT,ZMB,_T,_T,_T,_Z,_Z,_Z,2009,A,RANK,NA
43,602,0,NA,A,PU,NA,NA,NA,NA,FALSE,WEF_GCIHH,WEF_GCIHH_LIFEEXPECT,ZMB,_T,_T,_T,_Z,_Z,_Z,2008,A,YR,NA
132,602,0,NA,A,PU,NA,NA,NA,NA,FALSE,WEF_GCIHH,WEF_GCIHH_LIFEEXPECT,ZMB,_T,_T,_T,_Z,_Z,_Z,2008,A,RANK,NA
40,602,0,NA,A,PU,NA,NA,NA,NA,FALSE,WEF_GCIHH,WEF_GCIHH_LIFEEXPECT,ZMB,_T,_T,_T,_Z,_Z,_Z,2007,A,YR,NA
129,602,0,NA,A,PU,NA,NA,NA,NA,FALSE,WEF_GCIHH,WEF_GCIHH_LIFEEXPECT,ZMB,_T,_T,_T,_Z,_Z,_Z,2007,A,RANK,NA
59.16,602,0,NA,A,PU,NA,NA,NA,NA,TRUE,WEF_GCIHH,WEF_GCIHH_LIFEEXPECT,ZWE,_T,_T,_T,_Z,_Z,_Z,2017,A,YR,NA
126,602,0,NA,A,PU,NA,NA,NA,NA,TRUE,WEF_GCIHH,WEF_GCIHH_LIFEEXPECT,ZWE,_T,_T,_T,_Z,_Z,_Z,2017,A,RANK,NA
57.5,602,0,NA,A,PU,NA,NA,NA,NA,FALSE,WEF_GCIHH,WEF_GCIHH_LIFEEXPECT,ZWE,_T,_T,_T,_Z,_Z,_Z,2016,A,YR,NA
129,602,0,NA,A,PU,NA,NA,NA,NA,FALSE,WEF_GCIHH,WEF_GCIHH_LIFEEXPECT,ZWE,_T,_T,_T,_Z,_Z,_Z,2016,A,RANK,NA
59.77,602,0,NA,A,PU,NA,NA,NA,NA,FALSE,WEF_GCIHH,WEF_GCIHH_LIFEEXPECT,ZWE,_T,_T,_T,_Z,_Z,_Z,2015,A,YR,NA
122,602,0,NA,A,PU,NA,NA,NA,NA,FALSE,WEF_GCIHH,WEF_GCIHH_LIFEEXPECT,ZWE,_T,_T,_T,_Z,_Z,_Z,2015,A,RANK,NA
58.05,602,0,NA,A,PU,NA,NA,NA,NA,FALSE,WEF_GCIHH,WEF_GCIHH_LIFEEXPECT,ZWE,_T,_T,_T,_Z,_Z,_Z,2014,A,YR,NA
127,602,0,NA,A,PU,NA,NA,NA,NA,FALSE,WEF_GCIHH,WEF_GCIHH_LIFEEXPECT,ZWE,_T,_T,_T,_Z,_Z,_Z,2014,A,RANK,NA
51.24,602,0,NA,A,PU,NA,NA,NA,NA,FALSE,WEF_GCIHH,WEF_GCIHH_LIFEEXPECT,ZWE,_T,_T,_T,_Z,_Z,_Z,2013,A,YR,NA
140,602,0,NA,A,PU,NA,NA,NA,NA,FALSE,WEF_GCIHH,WEF_GCIHH_LIFEEXPECT,ZWE,_T,_T,_T,_Z,_Z,_Z,2013,A,RANK,NA
49.86,602,0,NA,A,PU,NA,NA,NA,NA,FALSE,WEF_GCIHH,WEF_GCIHH_LIFEEXPECT,ZWE,_T,_T,_T,_Z,_Z,_Z,2012,A,YR,NA
138,602,0,NA,A,PU,NA,NA,NA,NA,FALSE,WEF_GCIHH,WEF_GCIHH_LIFEEXPECT,ZWE,_T,_T,_T,_Z,_Z,_Z,2012,A,RANK,NA
45.44,602,0,NA,A,PU,NA,NA,NA,NA,FALSE,WEF_GCIHH,WEF_GCIHH_LIFEEXPECT,ZWE,_T,_T,_T,_Z,_Z,_Z,2011,A,YR,NA
141,602,0,NA,A,PU,NA,NA,NA,NA,FALSE,WEF_GCIHH,WEF_GCIHH_LIFEEXPECT,ZWE,_T,_T,_T,_Z,_Z,_Z,2011,A,RANK,NA
44.21,602,0,NA,A,PU,NA,NA,NA,NA,FALSE,WEF_GCIHH,WEF_GCIHH_LIFEEXPECT,ZWE,_T,_T,_T,_Z,_Z,_Z,2010,A,YR,NA
139,602,0,NA,A,PU,NA,NA,NA,NA,FALSE,WEF_GCIHH,WEF_GCIHH_LIFEEXPECT,ZWE,_T,_T,_T,_Z,_Z,_Z,2010,A,RANK,NA
45,602,0,NA,A,PU,NA,NA,NA,NA,FALSE,WEF_GCIHH,WEF_GCIHH_LIFEEXPECT,ZWE,_T,_T,_T,_Z,_Z,_Z,2009,A,YR,NA
132,602,0,NA,A,PU,NA,NA,NA,NA,FALSE,WEF_GCIHH,WEF_GCIHH_LIFEEXPECT,ZWE,_T,_T,_T,_Z,_Z,_Z,2009,A,RANK,NA
43,602,0,NA,A,PU,NA,NA,NA,NA,FALSE,WEF_GCIHH,WEF_GCIHH_LIFEEXPECT,ZWE,_T,_T,_T,_Z,_Z,_Z,2008,A,YR,NA
132,602,0,NA,A,PU,NA,NA,NA,NA,FALSE,WEF_GCIHH,WEF_GCIHH_LIFEEXPECT,ZWE,_T,_T,_T,_Z,_Z,_Z,2008,A,RANK,NA
36,602,0,NA,A,PU,NA,NA,NA,NA,FALSE,WEF_GCIHH,WEF_GCIHH_LIFEEXPECT,ZWE,_T,_T,_T,_Z,_Z,_Z,2007,A,YR,NA
131,602,0,NA,A,PU,NA,NA,NA,NA,FALSE,WEF_GCIHH,WEF_GCIHH_LIFEEXPECT,ZWE,_T,_T,_T,_Z,_Z,_Z,2007,A,RANK,NA
